初始化数据库...
数据库表创建成功！
更新字段长度时出错（可能已是正确长度）: Textual SQL expression 'ALTER TABLE ai_analysis_r...' should be explicitly declared as text('ALTER TABLE ai_analysis_r...')

==================================================
初始化同花顺会话（后台线程）...
==================================================
初始化同花顺会话...
建立同花顺会话...

==================================================
启动财联社新闻同步（后台线程，每5分钟）...
==================================================

启动Web服务器...
访问地址: http://localhost:5001
 * Serving Flask app 'app'
 * Debug mode: off
2026-05-25 09:40:04,819 - werkzeug - INFO - [31m[1mWARNING: This is a development server. Do not use it in a production deployment. Use a production WSGI server instead.[0m
 * Running on all addresses (0.0.0.0)
 * Running on http://127.0.0.1:5001
 * Running on http://192.168.3.28:5001
2026-05-25 09:40:04,819 - werkzeug - INFO - [33mPress CTRL+C to quit[0m
2026-05-25 09:40:12,766 - werkzeug - INFO - 127.0.0.1 - - [25/May/2026 09:40:12] "OPTIONS /api/refresh HTTP/1.1" 200 -
2026-05-25 09:40:14,319 - werkzeug - INFO - 127.0.0.1 - - [25/May/2026 09:40:14] "POST /api/refresh HTTP/1.1" 200 -
2026-05-25 09:40:14,760 - werkzeug - INFO - 127.0.0.1 - - [25/May/2026 09:40:14] "GET /api/block-strength/continuous?date=20260525 HTTP/1.1" 200 -
2026-05-25 09:40:14,806 - werkzeug - INFO - 127.0.0.1 - - [25/May/2026 09:40:14] "GET /api/stock-diff/load/20260525 HTTP/1.1" 200 -
2026-05-25 09:40:15,504 - werkzeug - INFO - 127.0.0.1 - - [25/May/2026 09:40:15] "OPTIONS /api/data/20260525 HTTP/1.1" 200 -
2026-05-25 09:40:15,584 - werkzeug - INFO - 127.0.0.1 - - [25/May/2026 09:40:15] "GET /api/data/20260525 HTTP/1.1" 200 -
2026-05-25 09:40:16,654 - werkzeug - INFO - 127.0.0.1 - - [25/May/2026 09:40:16] "OPTIONS /api/stock-diff/save HTTP/1.1" 200 -
2026-05-25 09:40:16,674 - werkzeug - INFO - 127.0.0.1 - - [25/May/2026 09:40:16] "POST /api/stock-diff/save HTTP/1.1" 200 -
2026-05-25 09:41:11,668 - werkzeug - INFO - 127.0.0.1 - - [25/May/2026 09:41:11] "OPTIONS /api/refresh HTTP/1.1" 200 -
2026-05-25 09:41:12,981 - werkzeug - INFO - 127.0.0.1 - - [25/May/2026 09:41:12] "POST /api/refresh HTTP/1.1" 200 -
2026-05-25 09:41:13,760 - werkzeug - INFO - 127.0.0.1 - - [25/May/2026 09:41:13] "OPTIONS /api/auth/me HTTP/1.1" 200 -
2026-05-25 09:41:13,776 - werkzeug - INFO - 127.0.0.1 - - [25/May/2026 09:41:13] "GET /api/auth/me HTTP/1.1" 200 -
2026-05-25 09:41:14,245 - werkzeug - INFO - 127.0.0.1 - - [25/May/2026 09:41:14] "OPTIONS /api/adjacent-trading-days/20260525 HTTP/1.1" 200 -
2026-05-25 09:41:14,275 - werkzeug - INFO - 127.0.0.1 - - [25/May/2026 09:41:14] "GET /api/adjacent-trading-days/20260525 HTTP/1.1" 200 -
2026-05-25 09:41:14,466 - werkzeug - INFO - 127.0.0.1 - - [25/May/2026 09:41:14] "GET /api/stock-diff/load/20260525 HTTP/1.1" 200 -
2026-05-25 09:41:14,472 - werkzeug - INFO - 127.0.0.1 - - [25/May/2026 09:41:14] "OPTIONS /api/data/20260525 HTTP/1.1" 200 -
2026-05-25 09:41:14,526 - werkzeug - INFO - 127.0.0.1 - - [25/May/2026 09:41:14] "OPTIONS /api/adjacent-trading-days/20260525 HTTP/1.1" 200 -
2026-05-25 09:41:14,550 - werkzeug - INFO - 127.0.0.1 - - [25/May/2026 09:41:14] "GET /api/block-strength/continuous?date=20260525 HTTP/1.1" 200 -
2026-05-25 09:41:14,583 - werkzeug - INFO - 127.0.0.1 - - [25/May/2026 09:41:14] "GET /api/adjacent-trading-days/20260525 HTTP/1.1" 200 -
2026-05-25 09:41:14,638 - werkzeug - INFO - 127.0.0.1 - - [25/May/2026 09:41:14] "GET /api/data/20260525 HTTP/1.1" 200 -
2026-05-25 09:41:15,338 - werkzeug - INFO - 127.0.0.1 - - [25/May/2026 09:41:15] "GET /api/stock-diff/load/20260525 HTTP/1.1" 200 -
2026-05-25 09:41:15,343 - werkzeug - INFO - 127.0.0.1 - - [25/May/2026 09:41:15] "GET /api/block-strength/continuous?date=20260525 HTTP/1.1" 200 -
2026-05-25 09:41:15,365 - werkzeug - INFO - 127.0.0.1 - - [25/May/2026 09:41:15] "GET /api/block-strength/continuous?date=20260525 HTTP/1.1" 200 -
2026-05-25 09:41:15,403 - werkzeug - INFO - 127.0.0.1 - - [25/May/2026 09:41:15] "GET /api/data/20260525 HTTP/1.1" 200 -
2026-05-25 09:41:15,440 - werkzeug - INFO - 127.0.0.1 - - [25/May/2026 09:41:15] "GET /api/data/20260525 HTTP/1.1" 200 -
2026-05-25 09:41:17,413 - werkzeug - INFO - 127.0.0.1 - - [25/May/2026 09:41:17] "OPTIONS /api/auth/settings HTTP/1.1" 200 -
2026-05-25 09:41:17,433 - werkzeug - INFO - 127.0.0.1 - - [25/May/2026 09:41:17] "PUT /api/auth/settings HTTP/1.1" 200 -
2026-05-25 09:41:17,601 - werkzeug - INFO - 127.0.0.1 - - [25/May/2026 09:41:17] "GET /api/ladder-comparison/20260525 HTTP/1.1" 200 -
2026-05-25 09:42:44,122 - werkzeug - INFO - 127.0.0.1 - - [25/May/2026 09:42:44] "OPTIONS /api/refresh HTTP/1.1" 200 -
2026-05-25 09:42:45,154 - werkzeug - INFO - 127.0.0.1 - - [25/May/2026 09:42:45] "POST /api/refresh HTTP/1.1" 200 -
2026-05-25 09:42:45,230 - werkzeug - INFO - 127.0.0.1 - - [25/May/2026 09:42:45] "GET /api/stock-diff/load/20260525 HTTP/1.1" 200 -
2026-05-25 09:42:45,232 - werkzeug - INFO - 127.0.0.1 - - [25/May/2026 09:42:45] "GET /api/block-strength/continuous?date=20260525 HTTP/1.1" 200 -
2026-05-25 09:42:45,236 - werkzeug - INFO - 127.0.0.1 - - [25/May/2026 09:42:45] "OPTIONS /api/data/20260525 HTTP/1.1" 200 -
2026-05-25 09:42:45,281 - werkzeug - INFO - 127.0.0.1 - - [25/May/2026 09:42:45] "GET /api/data/20260525 HTTP/1.1" 200 -
2026-05-25 09:42:45,467 - werkzeug - INFO - 127.0.0.1 - - [25/May/2026 09:42:45] "GET /api/ladder-comparison/20260525 HTTP/1.1" 200 -
2026-05-25 09:43:14,121 - werkzeug - INFO - 127.0.0.1 - - [25/May/2026 09:43:14] "OPTIONS /api/refresh HTTP/1.1" 200 -
2026-05-25 09:43:15,257 - werkzeug - INFO - 127.0.0.1 - - [25/May/2026 09:43:15] "POST /api/refresh HTTP/1.1" 200 -
2026-05-25 09:43:15,325 - werkzeug - INFO - 127.0.0.1 - - [25/May/2026 09:43:15] "GET /api/stock-diff/load/20260525 HTTP/1.1" 200 -
2026-05-25 09:43:15,331 - werkzeug - INFO - 127.0.0.1 - - [25/May/2026 09:43:15] "GET /api/block-strength/continuous?date=20260525 HTTP/1.1" 200 -
2026-05-25 09:43:15,334 - werkzeug - INFO - 127.0.0.1 - - [25/May/2026 09:43:15] "OPTIONS /api/data/20260525 HTTP/1.1" 200 -
2026-05-25 09:43:15,425 - werkzeug - INFO - 127.0.0.1 - - [25/May/2026 09:43:15] "GET /api/data/20260525 HTTP/1.1" 200 -
2026-05-25 09:43:15,613 - werkzeug - INFO - 127.0.0.1 - - [25/May/2026 09:43:15] "GET /api/ladder-comparison/20260525 HTTP/1.1" 200 -
2026-05-25 09:43:44,120 - werkzeug - INFO - 127.0.0.1 - - [25/May/2026 09:43:44] "OPTIONS /api/refresh HTTP/1.1" 200 -
✓ 同花顺会话建立成功
✓ 心跳线程已启动，间隔 60 秒
✓ 同花顺会话初始化完成

================================================================================
开始爬取 20260525 的数据...
================================================================================
✓ 已备份 0 只股票的next_change字段
✓ 已删除 20260525 的旧数据

从同花顺获取 20260525 的数据...
✓ 同花顺涨停梯队接口获取到 3 个梯队数据
✓ 同花顺涨停池接口获取到 37 只股票
✓ 同花顺板块强度接口获取到 20 个板块

保存板块数据...
✓ 保存了 20 个板块数据

处理涨停梯队数据...
✓ 从涨停梯队获取了 29 只股票的连板数

处理同花顺涨停池数据: 37 只股票

从同花顺数据构建股票列表...
✓ 构建了 37 只股票的DataFrame

处理 37 只涨停股...

更新昨日涨停股票的次日涨跌幅...
当前日期小于下一个交易日，更新next_change字段
沪市股票: 57 只, 深市股票: 58 只
沪市行情返回: True
成功获取沪市行情: 57 只
深市行情返回: True
成功获取深市行情: 58 只
✓ 更新了 115 只股票的次日涨跌幅
✓ 更新了 115 只昨日涨停股票的次日涨跌幅

✓ 数据保存成功！
  涨停总数: 37
  首板: 27
  2连板: 8
  3连板: 1
  4连板: 1
  5连板+: 0

================================================================================
✓ 数据爬取完成！总耗时: 1.36 秒
================================================================================
[心跳] 同花顺会话保持成功

================================================================================
开始爬取 20260525 的数据...
================================================================================
✓ 已备份 0 只股票的next_change字段
✓ 已删除 20260525 的旧数据

从同花顺获取 20260525 的数据...
✓ 同花顺涨停梯队接口获取到 3 个梯队数据
✓ 同花顺涨停池接口获取到 38 只股票
✓ 同花顺板块强度接口获取到 20 个板块

保存板块数据...
✓ 保存了 20 个板块数据

处理涨停梯队数据...
✓ 从涨停梯队获取了 34 只股票的连板数

处理同花顺涨停池数据: 38 只股票

从同花顺数据构建股票列表...
✓ 构建了 38 只股票的DataFrame

处理 38 只涨停股...

更新昨日涨停股票的次日涨跌幅...
当前日期小于下一个交易日，更新next_change字段
沪市股票: 57 只, 深市股票: 58 只
沪市行情返回: True
成功获取沪市行情: 57 只
深市行情返回: True
成功获取深市行情: 58 只
✓ 更新了 115 只股票的次日涨跌幅
✓ 更新了 115 只昨日涨停股票的次日涨跌幅

✓ 数据保存成功！
  涨停总数: 38
  首板: 27
  2连板: 9
  3连板: 1
  4连板: 1
  5连板+: 0

================================================================================
✓ 数据爬取完成！总耗时: 1.29 秒
================================================================================
最新交易日查询结果: (datetime.date(2026, 5, 25),)
最新交易日: 2026-05-25, 用户选择日期: 2026-05-25
满足实时获取条件: 当前日期 < 下一个交易日
实时获取昨日涨停股票涨跌幅，股票数量: 115
沪市股票: 57 只, 深市股票: 58 只
沪市行情返回: True
成功获取沪市行情: 57 只
深市行情返回: True
成功获取深市行情: 58 只
[心跳] 同花顺会话保持成功

================================================================================
开始爬取 20260525 的数据...
================================================================================
✓ 已备份 0 只股票的next_change字段
✓ 已删除 20260525 的旧数据

从同花顺获取 20260525 的数据...
✓ 同花顺涨停梯队接口获取到 3 个梯队数据
✓ 同花顺涨停池接口获取到 40 只股票
✓ 同花顺板块强度接口获取到 20 个板块

保存板块数据...
✓ 保存了 20 个板块数据

处理涨停梯队数据...
✓ 从涨停梯队获取了 34 只股票的连板数

处理同花顺涨停池数据: 40 只股票

从同花顺数据构建股票列表...
✓ 构建了 40 只股票的DataFrame

处理 40 只涨停股...

更新昨日涨停股票的次日涨跌幅...
当前日期小于下一个交易日，更新next_change字段
沪市股票: 57 只, 深市股票: 58 只
沪市行情返回: True
成功获取沪市行情: 57 只
深市行情返回: True
成功获取深市行情: 58 只
✓ 更新了 115 只股票的次日涨跌幅
✓ 更新了 115 只昨日涨停股票的次日涨跌幅

✓ 数据保存成功！
  涨停总数: 40
  首板: 29
  2连板: 9
  3连板: 1
  4连板: 1
  5连板+: 0

================================================================================
✓ 数据爬取完成！总耗时: 1.02 秒
================================================================================
最新交易日查询结果: (datetime.date(2026, 5, 25),)
最新交易日: 2026-05-25, 用户选择日期: 2026-05-25
满足实时获取条件: 当前日期 < 下一个交易日
实时获取昨日涨停股票涨跌幅，股票数量: 115
沪市股票: 57 只, 深市股票: 58 只
沪市行情返回: True
成功获取沪市行情: 57 只
深市行情返回: True
成功获取深市行情: 58 只
[心跳] 同花顺会话保持成功

================================================================================
开始爬取 20260525 的数据...
================================================================================
✓ 已备份 0 只股票的next_change字段
✓ 已删除 20260525 的旧数据

从同花顺获取 20260525 的数据...
✓ 同花顺涨停梯队接口获取到 3 个梯队数据
✓ 同花顺涨停池接口获取到 41 只股票
✓ 同花顺板块强度接口获取到 20 个板块

保存板块数据...
✓ 保存了 20 个板块数据

处理涨停梯队数据...
✓ 从涨停梯队获取了 33 只股票的连板数

处理同花顺涨停池数据: 41 只股票

从同花顺数据构建股票列表...
✓ 构建了 41 只股票的DataFrame

处理 41 只涨停股...

更新昨日涨停股票的次日涨跌幅...
当前日期小于下一个交易日，更新next_change字段
沪市股票: 57 只, 深市股票: 58 只
沪市行情返回: True
成功获取沪市行情: 57 只
深市行情返回: True
成功获取深市行情: 58 只
✓ 更新了 115 只股票的次日涨跌幅
✓ 更新了 115 只昨日涨停股票的次日涨跌幅

✓ 数据保存成功！
  涨停总数: 41
  首板: 29
  2连板: 10
  3连板: 1
  4连板: 1
  5连板+: 0

================================================================================
✓ 数据爬取完成！总耗时: 1.13 秒
================================================================================
最新交易日查询结果: (datetime.date(2026, 5, 25),)
最新交易日: 2026-05-25, 用户选择日期: 2026-05-25
满足实时获取条件: 当前日期 < 下一个交易日
实时获取昨日涨停股票涨跌幅，股票数量: 115
沪市股票: 57 只, 深市股票: 58 只
沪市行情返回: True
成功获取沪市行情: 57 只
深市行情返回: True
成功获取深市行情: 58 只

================================================================================
开始爬取 20260525 的数据...
================================================================================
✓ 已备份 0 只股票的next_change字段
✓ 已删除 20260525 的旧数据

从同花顺获取 20260525 的数据...
✓ 同花顺涨停梯队接口获取到 3 个梯队数据
✓ 同花顺涨停池接口获取到 41 只股票
✓ 同花顺板块强度接口获取到 20 个板块

保存板块数据...
✓ 保存了 20 个板块数据

处理涨停梯队数据...
✓ 从涨停梯队获取了 33 只股票的连板数

处理同花顺涨停池数据: 41 只股票

从同花顺数据构建股票列表...
✓ 构建了 41 只股票的DataFrame

处理 41 只涨停股...

更新昨日涨停股票的次日涨跌幅...
当前日期小于下一个交易日，更新next_change字段
2026-05-25 09:43:44,913 - werkzeug - INFO - 127.0.0.1 - - [25/May/2026 09:43:44] "POST /api/refresh HTTP/1.1" 200 -
2026-05-25 09:43:44,980 - werkzeug - INFO - 127.0.0.1 - - [25/May/2026 09:43:44] "GET /api/stock-diff/load/20260525 HTTP/1.1" 200 -
2026-05-25 09:43:44,985 - werkzeug - INFO - 127.0.0.1 - - [25/May/2026 09:43:44] "GET /api/block-strength/continuous?date=20260525 HTTP/1.1" 200 -
2026-05-25 09:43:44,987 - werkzeug - INFO - 127.0.0.1 - - [25/May/2026 09:43:44] "OPTIONS /api/data/20260525 HTTP/1.1" 200 -
2026-05-25 09:43:45,034 - werkzeug - INFO - 127.0.0.1 - - [25/May/2026 09:43:45] "GET /api/data/20260525 HTTP/1.1" 200 -
2026-05-25 09:43:45,205 - werkzeug - INFO - 127.0.0.1 - - [25/May/2026 09:43:45] "GET /api/ladder-comparison/20260525 HTTP/1.1" 200 -
2026-05-25 09:44:14,121 - werkzeug - INFO - 127.0.0.1 - - [25/May/2026 09:44:14] "OPTIONS /api/refresh HTTP/1.1" 200 -
2026-05-25 09:44:14,940 - werkzeug - INFO - 127.0.0.1 - - [25/May/2026 09:44:14] "POST /api/refresh HTTP/1.1" 200 -
2026-05-25 09:44:15,007 - werkzeug - INFO - 127.0.0.1 - - [25/May/2026 09:44:15] "GET /api/block-strength/continuous?date=20260525 HTTP/1.1" 200 -
2026-05-25 09:44:15,008 - werkzeug - INFO - 127.0.0.1 - - [25/May/2026 09:44:15] "GET /api/stock-diff/load/20260525 HTTP/1.1" 200 -
2026-05-25 09:44:15,013 - werkzeug - INFO - 127.0.0.1 - - [25/May/2026 09:44:15] "OPTIONS /api/data/20260525 HTTP/1.1" 200 -
2026-05-25 09:44:15,075 - werkzeug - INFO - 127.0.0.1 - - [25/May/2026 09:44:15] "GET /api/data/20260525 HTTP/1.1" 200 -
2026-05-25 09:44:15,228 - werkzeug - INFO - 127.0.0.1 - - [25/May/2026 09:44:15] "GET /api/ladder-comparison/20260525 HTTP/1.1" 200 -
2026-05-25 09:44:18,291 - werkzeug - INFO - 127.0.0.1 - - [25/May/2026 09:44:18] "OPTIONS /api/auth/me HTTP/1.1" 200 -
2026-05-25 09:44:18,303 - werkzeug - INFO - 127.0.0.1 - - [25/May/2026 09:44:18] "GET /api/auth/me HTTP/1.1" 200 -
2026-05-25 09:44:18,508 - werkzeug - INFO - 127.0.0.1 - - [25/May/2026 09:44:18] "OPTIONS /api/adjacent-trading-days/20260525 HTTP/1.1" 200 -
2026-05-25 09:44:18,519 - werkzeug - INFO - 127.0.0.1 - - [25/May/2026 09:44:18] "GET /api/adjacent-trading-days/20260525 HTTP/1.1" 200 -
2026-05-25 09:44:18,591 - werkzeug - INFO - 127.0.0.1 - - [25/May/2026 09:44:18] "GET /api/stock-diff/load/20260525 HTTP/1.1" 200 -
2026-05-25 09:44:18,605 - werkzeug - INFO - 127.0.0.1 - - [25/May/2026 09:44:18] "GET /api/block-strength/continuous?date=20260525 HTTP/1.1" 200 -
2026-05-25 09:44:18,651 - werkzeug - INFO - 127.0.0.1 - - [25/May/2026 09:44:18] "GET /api/adjacent-trading-days/20260525 HTTP/1.1" 200 -
2026-05-25 09:44:18,678 - werkzeug - INFO - 127.0.0.1 - - [25/May/2026 09:44:18] "GET /api/data/20260525 HTTP/1.1" 200 -
2026-05-25 09:44:18,836 - werkzeug - INFO - 127.0.0.1 - - [25/May/2026 09:44:18] "GET /api/ladder-comparison/20260525 HTTP/1.1" 200 -
2026-05-25 09:45:48,758 - werkzeug - INFO - 127.0.0.1 - - [25/May/2026 09:45:48] "OPTIONS /api/refresh HTTP/1.1" 200 -
2026-05-25 09:45:49,525 - werkzeug - INFO - 127.0.0.1 - - [25/May/2026 09:45:49] "POST /api/refresh HTTP/1.1" 200 -
2026-05-25 09:45:49,606 - werkzeug - INFO - 127.0.0.1 - - [25/May/2026 09:45:49] "GET /api/stock-diff/load/20260525 HTTP/1.1" 200 -
2026-05-25 09:45:49,612 - werkzeug - INFO - 127.0.0.1 - - [25/May/2026 09:45:49] "GET /api/block-strength/continuous?date=20260525 HTTP/1.1" 200 -
2026-05-25 09:45:49,621 - werkzeug - INFO - 127.0.0.1 - - [25/May/2026 09:45:49] "OPTIONS /api/data/20260525 HTTP/1.1" 200 -
2026-05-25 09:45:49,646 - werkzeug - INFO - 127.0.0.1 - - [25/May/2026 09:45:49] "GET /api/data/20260525 HTTP/1.1" 200 -
2026-05-25 09:45:49,812 - werkzeug - INFO - 127.0.0.1 - - [25/May/2026 09:45:49] "GET /api/ladder-comparison/20260525 HTTP/1.1" 200 -
2026-05-25 09:46:18,761 - werkzeug - INFO - 127.0.0.1 - - [25/May/2026 09:46:18] "OPTIONS /api/refresh HTTP/1.1" 200 -
2026-05-25 09:46:19,469 - werkzeug - INFO - 127.0.0.1 - - [25/May/2026 09:46:19] "POST /api/refresh HTTP/1.1" 200 -
2026-05-25 09:46:19,547 - werkzeug - INFO - 127.0.0.1 - - [25/May/2026 09:46:19] "GET /api/stock-diff/load/20260525 HTTP/1.1" 200 -
2026-05-25 09:46:19,549 - werkzeug - INFO - 127.0.0.1 - - [25/May/2026 09:46:19] "GET /api/block-strength/continuous?date=20260525 HTTP/1.1" 200 -
2026-05-25 09:46:19,555 - werkzeug - INFO - 127.0.0.1 - - [25/May/2026 09:46:19] "OPTIONS /api/data/20260525 HTTP/1.1" 200 -
2026-05-25 09:46:19,588 - werkzeug - INFO - 127.0.0.1 - - [25/May/2026 09:46:19] "GET /api/data/20260525 HTTP/1.1" 200 -
2026-05-25 09:46:19,756 - werkzeug - INFO - 127.0.0.1 - - [25/May/2026 09:46:19] "GET /api/ladder-comparison/20260525 HTTP/1.1" 200 -
2026-05-25 09:46:48,760 - werkzeug - INFO - 127.0.0.1 - - [25/May/2026 09:46:48] "OPTIONS /api/refresh HTTP/1.1" 200 -
沪市股票: 57 只, 深市股票: 58 只
沪市行情返回: True
成功获取沪市行情: 57 只
深市行情返回: True
成功获取深市行情: 58 只
✓ 更新了 115 只股票的次日涨跌幅
✓ 更新了 115 只昨日涨停股票的次日涨跌幅

✓ 数据保存成功！
  涨停总数: 41
  首板: 30
  2连板: 9
  3连板: 1
  4连板: 1
  5连板+: 0

================================================================================
✓ 数据爬取完成！总耗时: 0.78 秒
================================================================================
最新交易日查询结果: (datetime.date(2026, 5, 25),)
最新交易日: 2026-05-25, 用户选择日期: 2026-05-25
满足实时获取条件: 当前日期 < 下一个交易日
实时获取昨日涨停股票涨跌幅，股票数量: 115
沪市股票: 57 只, 深市股票: 58 只
沪市行情返回: True
成功获取沪市行情: 57 只
深市行情返回: True
成功获取深市行情: 58 只
[心跳] 同花顺会话保持成功

================================================================================
开始爬取 20260525 的数据...
================================================================================
✓ 已备份 0 只股票的next_change字段
✓ 已删除 20260525 的旧数据

从同花顺获取 20260525 的数据...
✓ 同花顺涨停梯队接口获取到 3 个梯队数据
✓ 同花顺涨停池接口获取到 40 只股票
✓ 同花顺板块强度接口获取到 20 个板块

保存板块数据...
✓ 保存了 20 个板块数据

处理涨停梯队数据...
✓ 从涨停梯队获取了 32 只股票的连板数

处理同花顺涨停池数据: 40 只股票

从同花顺数据构建股票列表...
✓ 构建了 40 只股票的DataFrame

处理 40 只涨停股...

更新昨日涨停股票的次日涨跌幅...
当前日期小于下一个交易日，更新next_change字段
沪市股票: 57 只, 深市股票: 58 只
沪市行情返回: True
成功获取沪市行情: 57 只
深市行情返回: True
成功获取深市行情: 58 只
✓ 更新了 115 只股票的次日涨跌幅
✓ 更新了 115 只昨日涨停股票的次日涨跌幅

✓ 数据保存成功！
  涨停总数: 40
  首板: 28
  2连板: 10
  3连板: 1
  4连板: 1
  5连板+: 0

================================================================================
✓ 数据爬取完成！总耗时: 0.81 秒
================================================================================
最新交易日查询结果: (datetime.date(2026, 5, 25),)
最新交易日: 2026-05-25, 用户选择日期: 2026-05-25
满足实时获取条件: 当前日期 < 下一个交易日
实时获取昨日涨停股票涨跌幅，股票数量: 115
沪市股票: 57 只, 深市股票: 58 只
沪市行情返回: True
成功获取沪市行情: 57 只
深市行情返回: True
成功获取深市行情: 58 只
最新交易日查询结果: (datetime.date(2026, 5, 25),)
最新交易日: 2026-05-25, 用户选择日期: 2026-05-25
满足实时获取条件: 当前日期 < 下一个交易日
实时获取昨日涨停股票涨跌幅，股票数量: 115
沪市股票: 57 只, 深市股票: 58 只
沪市行情返回: True
成功获取沪市行情: 57 只
深市行情返回: True
成功获取深市行情: 58 只
[财联社同步] 新增 5 条新闻，更新 1 条
[心跳] 同花顺会话保持成功

================================================================================
开始爬取 20260525 的数据...
================================================================================
✓ 已备份 0 只股票的next_change字段
✓ 已删除 20260525 的旧数据

从同花顺获取 20260525 的数据...
✓ 同花顺涨停梯队接口获取到 3 个梯队数据
✓ 同花顺涨停池接口获取到 40 只股票
✓ 同花顺板块强度接口获取到 20 个板块

保存板块数据...
✓ 保存了 20 个板块数据

处理涨停梯队数据...
✓ 从涨停梯队获取了 35 只股票的连板数

处理同花顺涨停池数据: 40 只股票

从同花顺数据构建股票列表...
✓ 构建了 40 只股票的DataFrame

处理 40 只涨停股...

更新昨日涨停股票的次日涨跌幅...
当前日期小于下一个交易日，更新next_change字段
沪市股票: 57 只, 深市股票: 58 只
沪市行情返回: True
成功获取沪市行情: 57 只
深市行情返回: True
成功获取深市行情: 58 只
✓ 更新了 115 只股票的次日涨跌幅
✓ 更新了 115 只昨日涨停股票的次日涨跌幅

✓ 数据保存成功！
  涨停总数: 40
  首板: 28
  2连板: 10
  3连板: 1
  4连板: 1
  5连板+: 0

================================================================================
✓ 数据爬取完成！总耗时: 0.76 秒
================================================================================
最新交易日查询结果: (datetime.date(2026, 5, 25),)
最新交易日: 2026-05-25, 用户选择日期: 2026-05-25
满足实时获取条件: 当前日期 < 下一个交易日
实时获取昨日涨停股票涨跌幅，股票数量: 115
沪市股票: 57 只, 深市股票: 58 只
沪市行情返回: True
成功获取沪市行情: 57 只
深市行情返回: True
成功获取深市行情: 58 只
[心跳] 同花顺会话保持成功

================================================================================
开始爬取 20260525 的数据...
================================================================================
✓ 已备份 0 只股票的next_change字段
✓ 已删除 20260525 的旧数据

从同花顺获取 20260525 的数据...
✓ 同花顺涨停梯队接口获取到 3 个梯队数据
✓ 同花顺涨停池接口获取到 43 只股票
✓ 同花顺板块强度接口获取到 20 个板块

保存板块数据...
✓ 保存了 20 个板块数据

处理涨停梯队数据...
✓ 从涨停梯队获取了 36 只股票的连板数

处理同花顺涨停池数据: 43 只股票

从同花顺数据构建股票列表...
✓ 构建了 43 只股票的DataFrame

处理 43 只涨停股...

更新昨日涨停股票的次日涨跌幅...
当前日期小于下一个交易日，更新next_change字段
沪市股票: 57 只, 深市股票: 58 只
沪市行情返回: True
成功获取沪市行情: 57 只
深市行情返回: True
成功获取深市行情: 58 只
✓ 更新了 115 只股票的次日涨跌幅
✓ 更新了 115 只昨日涨停股票的次日涨跌幅

✓ 数据保存成功！
  涨停总数: 43
  首板: 31
  2连板: 10
  3连板: 1
  4连板: 1
  5连板+: 0

================================================================================
✓ 数据爬取完成！总耗时: 0.70 秒
================================================================================
最新交易日查询结果: (datetime.date(2026, 5, 25),)
最新交易日: 2026-05-25, 用户选择日期: 2026-05-25
满足实时获取条件: 当前日期 < 下一个交易日
实时获取昨日涨停股票涨跌幅，股票数量: 115
沪市股票: 57 只, 深市股票: 58 只
沪市行情返回: True
成功获取沪市行情: 57 只
深市行情返回: True
成功获取深市行情: 58 只

================================================================================
开始爬取 20260525 的数据...
================================================================================
✓ 已备份 0 只股票的next_change字段
✓ 已删除 20260525 的旧数据

从同花顺获取 20260525 的数据...
✓ 同花顺涨停梯队接口获取到 3 个梯队数据
✓ 同花顺涨停池接口获取到 42 只股票
✓ 同花顺板块强度接口获取到 20 个板块

保存板块数据...
✓ 保存了 20 个板块数据

处理涨停梯队数据...
✓ 从涨停梯队获取了 35 只股票的连板数

处理同花顺涨停池数据: 42 只股票

从同花顺数据构建股票列表...
✓ 构建了 42 只股票的DataFrame

处理 42 只涨停股...

更新昨日涨停股票的次日涨跌幅...
当前日期小于下一个交易日，更新next_change字段
沪市股票: 57 只, 深市股票: 58 只
沪市行情返回: True
成功获取沪市行情: 57 只
深市行情返回: True
2026-05-25 09:46:49,524 - werkzeug - INFO - 127.0.0.1 - - [25/May/2026 09:46:49] "POST /api/refresh HTTP/1.1" 200 -
2026-05-25 09:46:49,618 - werkzeug - INFO - 127.0.0.1 - - [25/May/2026 09:46:49] "GET /api/stock-diff/load/20260525 HTTP/1.1" 200 -
2026-05-25 09:46:49,620 - werkzeug - INFO - 127.0.0.1 - - [25/May/2026 09:46:49] "GET /api/block-strength/continuous?date=20260525 HTTP/1.1" 200 -
2026-05-25 09:46:49,627 - werkzeug - INFO - 127.0.0.1 - - [25/May/2026 09:46:49] "OPTIONS /api/data/20260525 HTTP/1.1" 200 -
2026-05-25 09:46:49,663 - werkzeug - INFO - 127.0.0.1 - - [25/May/2026 09:46:49] "GET /api/data/20260525 HTTP/1.1" 200 -
2026-05-25 09:46:49,837 - werkzeug - INFO - 127.0.0.1 - - [25/May/2026 09:46:49] "GET /api/ladder-comparison/20260525 HTTP/1.1" 200 -
2026-05-25 09:47:18,761 - werkzeug - INFO - 127.0.0.1 - - [25/May/2026 09:47:18] "OPTIONS /api/refresh HTTP/1.1" 200 -
2026-05-25 09:47:19,481 - werkzeug - INFO - 127.0.0.1 - - [25/May/2026 09:47:19] "POST /api/refresh HTTP/1.1" 200 -
2026-05-25 09:47:19,582 - werkzeug - INFO - 127.0.0.1 - - [25/May/2026 09:47:19] "GET /api/stock-diff/load/20260525 HTTP/1.1" 200 -
2026-05-25 09:47:19,586 - werkzeug - INFO - 127.0.0.1 - - [25/May/2026 09:47:19] "GET /api/block-strength/continuous?date=20260525 HTTP/1.1" 200 -
2026-05-25 09:47:19,592 - werkzeug - INFO - 127.0.0.1 - - [25/May/2026 09:47:19] "OPTIONS /api/data/20260525 HTTP/1.1" 200 -
2026-05-25 09:47:19,627 - werkzeug - INFO - 127.0.0.1 - - [25/May/2026 09:47:19] "GET /api/data/20260525 HTTP/1.1" 200 -
2026-05-25 09:47:19,804 - werkzeug - INFO - 127.0.0.1 - - [25/May/2026 09:47:19] "GET /api/ladder-comparison/20260525 HTTP/1.1" 200 -
2026-05-25 09:47:49,757 - werkzeug - INFO - 127.0.0.1 - - [25/May/2026 09:47:49] "OPTIONS /api/refresh HTTP/1.1" 200 -
2026-05-25 09:47:50,535 - werkzeug - INFO - 127.0.0.1 - - [25/May/2026 09:47:50] "POST /api/refresh HTTP/1.1" 200 -
2026-05-25 09:47:50,618 - werkzeug - INFO - 127.0.0.1 - - [25/May/2026 09:47:50] "GET /api/stock-diff/load/20260525 HTTP/1.1" 200 -
2026-05-25 09:47:50,621 - werkzeug - INFO - 127.0.0.1 - - [25/May/2026 09:47:50] "GET /api/block-strength/continuous?date=20260525 HTTP/1.1" 200 -
2026-05-25 09:47:50,626 - werkzeug - INFO - 127.0.0.1 - - [25/May/2026 09:47:50] "OPTIONS /api/data/20260525 HTTP/1.1" 200 -
2026-05-25 09:47:50,662 - werkzeug - INFO - 127.0.0.1 - - [25/May/2026 09:47:50] "GET /api/data/20260525 HTTP/1.1" 200 -
2026-05-25 09:47:50,850 - werkzeug - INFO - 127.0.0.1 - - [25/May/2026 09:47:50] "GET /api/ladder-comparison/20260525 HTTP/1.1" 200 -
2026-05-25 09:48:49,757 - werkzeug - INFO - 127.0.0.1 - - [25/May/2026 09:48:49] "OPTIONS /api/refresh HTTP/1.1" 200 -
2026-05-25 09:48:50,458 - werkzeug - INFO - 127.0.0.1 - - [25/May/2026 09:48:50] "POST /api/refresh HTTP/1.1" 200 -
2026-05-25 09:48:50,549 - werkzeug - INFO - 127.0.0.1 - - [25/May/2026 09:48:50] "GET /api/stock-diff/load/20260525 HTTP/1.1" 200 -
2026-05-25 09:48:50,549 - werkzeug - INFO - 127.0.0.1 - - [25/May/2026 09:48:50] "GET /api/block-strength/continuous?date=20260525 HTTP/1.1" 200 -
2026-05-25 09:48:50,562 - werkzeug - INFO - 127.0.0.1 - - [25/May/2026 09:48:50] "OPTIONS /api/data/20260525 HTTP/1.1" 200 -
2026-05-25 09:48:50,593 - werkzeug - INFO - 127.0.0.1 - - [25/May/2026 09:48:50] "GET /api/data/20260525 HTTP/1.1" 200 -
2026-05-25 09:48:50,754 - werkzeug - INFO - 127.0.0.1 - - [25/May/2026 09:48:50] "GET /api/ladder-comparison/20260525 HTTP/1.1" 200 -
2026-05-25 09:49:50,759 - werkzeug - INFO - 127.0.0.1 - - [25/May/2026 09:49:50] "OPTIONS /api/refresh HTTP/1.1" 200 -
2026-05-25 09:49:51,651 - werkzeug - INFO - 127.0.0.1 - - [25/May/2026 09:49:51] "POST /api/refresh HTTP/1.1" 200 -
2026-05-25 09:49:51,759 - werkzeug - INFO - 127.0.0.1 - - [25/May/2026 09:49:51] "GET /api/stock-diff/load/20260525 HTTP/1.1" 200 -
2026-05-25 09:49:51,763 - werkzeug - INFO - 127.0.0.1 - - [25/May/2026 09:49:51] "GET /api/block-strength/continuous?date=20260525 HTTP/1.1" 200 -
2026-05-25 09:49:51,780 - werkzeug - INFO - 127.0.0.1 - - [25/May/2026 09:49:51] "OPTIONS /api/data/20260525 HTTP/1.1" 200 -
成功获取深市行情: 58 只
✓ 更新了 115 只股票的次日涨跌幅
✓ 更新了 115 只昨日涨停股票的次日涨跌幅

✓ 数据保存成功！
  涨停总数: 42
  首板: 30
  2连板: 10
  3连板: 1
  4连板: 1
  5连板+: 0

================================================================================
✓ 数据爬取完成！总耗时: 0.76 秒
================================================================================
最新交易日查询结果: (datetime.date(2026, 5, 25),)
最新交易日: 2026-05-25, 用户选择日期: 2026-05-25
满足实时获取条件: 当前日期 < 下一个交易日
实时获取昨日涨停股票涨跌幅，股票数量: 115
沪市股票: 57 只, 深市股票: 58 只
沪市行情返回: True
成功获取沪市行情: 57 只
深市行情返回: True
成功获取深市行情: 58 只
[心跳] 同花顺会话保持成功

================================================================================
开始爬取 20260525 的数据...
================================================================================
✓ 已备份 0 只股票的next_change字段
✓ 已删除 20260525 的旧数据

从同花顺获取 20260525 的数据...
✓ 同花顺涨停梯队接口获取到 3 个梯队数据
✓ 同花顺涨停池接口获取到 42 只股票
✓ 同花顺板块强度接口获取到 20 个板块

保存板块数据...
✓ 保存了 20 个板块数据

处理涨停梯队数据...
✓ 从涨停梯队获取了 37 只股票的连板数

处理同花顺涨停池数据: 42 只股票

从同花顺数据构建股票列表...
✓ 构建了 42 只股票的DataFrame

处理 42 只涨停股...

更新昨日涨停股票的次日涨跌幅...
当前日期小于下一个交易日，更新next_change字段
沪市股票: 57 只, 深市股票: 58 只
沪市行情返回: True
成功获取沪市行情: 57 只
深市行情返回: True
成功获取深市行情: 58 只
✓ 更新了 115 只股票的次日涨跌幅
✓ 更新了 115 只昨日涨停股票的次日涨跌幅

✓ 数据保存成功！
  涨停总数: 42
  首板: 30
  2连板: 10
  3连板: 1
  4连板: 1
  5连板+: 0

================================================================================
✓ 数据爬取完成！总耗时: 0.71 秒
================================================================================
最新交易日查询结果: (datetime.date(2026, 5, 25),)
最新交易日: 2026-05-25, 用户选择日期: 2026-05-25
满足实时获取条件: 当前日期 < 下一个交易日
实时获取昨日涨停股票涨跌幅，股票数量: 115
沪市股票: 57 只, 深市股票: 58 只
沪市行情返回: True
成功获取沪市行情: 57 只
深市行情返回: True
成功获取深市行情: 58 只

================================================================================
开始爬取 20260525 的数据...
================================================================================
✓ 已备份 0 只股票的next_change字段
✓ 已删除 20260525 的旧数据

从同花顺获取 20260525 的数据...
✓ 同花顺涨停梯队接口获取到 3 个梯队数据
✓ 同花顺涨停池接口获取到 43 只股票
✓ 同花顺板块强度接口获取到 20 个板块

保存板块数据...
✓ 保存了 20 个板块数据

处理涨停梯队数据...
✓ 从涨停梯队获取了 37 只股票的连板数

处理同花顺涨停池数据: 43 只股票

从同花顺数据构建股票列表...
✓ 构建了 43 只股票的DataFrame

处理 43 只涨停股...

更新昨日涨停股票的次日涨跌幅...
当前日期小于下一个交易日，更新next_change字段
沪市股票: 57 只, 深市股票: 58 只
沪市行情返回: True
成功获取沪市行情: 57 只
深市行情返回: True
成功获取深市行情: 58 只
✓ 更新了 115 只股票的次日涨跌幅
✓ 更新了 115 只昨日涨停股票的次日涨跌幅

✓ 数据保存成功！
  涨停总数: 43
  首板: 31
  2连板: 10
  3连板: 1
  4连板: 1
  5连板+: 0

================================================================================
✓ 数据爬取完成！总耗时: 0.77 秒
================================================================================
最新交易日查询结果: (datetime.date(2026, 5, 25),)
最新交易日: 2026-05-25, 用户选择日期: 2026-05-25
满足实时获取条件: 当前日期 < 下一个交易日
实时获取昨日涨停股票涨跌幅，股票数量: 115
沪市股票: 57 只, 深市股票: 58 只
沪市行情返回: True
成功获取沪市行情: 57 只
深市行情返回: True
成功获取深市行情: 58 只
[心跳] 同花顺会话保持成功

================================================================================
开始爬取 20260525 的数据...
================================================================================
✓ 已备份 0 只股票的next_change字段
✓ 已删除 20260525 的旧数据

从同花顺获取 20260525 的数据...
✓ 同花顺涨停梯队接口获取到 3 个梯队数据
✓ 同花顺涨停池接口获取到 41 只股票
✓ 同花顺板块强度接口获取到 20 个板块

保存板块数据...
✓ 保存了 20 个板块数据

处理涨停梯队数据...
✓ 从涨停梯队获取了 35 只股票的连板数

处理同花顺涨停池数据: 41 只股票

从同花顺数据构建股票列表...
✓ 构建了 41 只股票的DataFrame

处理 41 只涨停股...

更新昨日涨停股票的次日涨跌幅...
当前日期小于下一个交易日，更新next_change字段
沪市股票: 57 只, 深市股票: 58 只
沪市行情返回: True
成功获取沪市行情: 57 只
深市行情返回: True
成功获取深市行情: 58 只
✓ 更新了 115 只股票的次日涨跌幅
✓ 更新了 115 只昨日涨停股票的次日涨跌幅

✓ 数据保存成功！
  涨停总数: 41
  首板: 31
  2连板: 8
  3连板: 1
  4连板: 1
  5连板+: 0

================================================================================
✓ 数据爬取完成！总耗时: 0.69 秒
================================================================================
最新交易日查询结果: (datetime.date(2026, 5, 25),)
最新交易日: 2026-05-25, 用户选择日期: 2026-05-25
满足实时获取条件: 当前日期 < 下一个交易日
实时获取昨日涨停股票涨跌幅，股票数量: 115
沪市股票: 57 只, 深市股票: 58 只
沪市行情返回: True
成功获取沪市行情: 57 只
深市行情返回: True
成功获取深市行情: 58 只
[心跳] 同花顺会话保持成功

================================================================================
开始爬取 20260525 的数据...
================================================================================
✓ 已备份 0 只股票的next_change字段
✓ 已删除 20260525 的旧数据

从同花顺获取 20260525 的数据...
✓ 同花顺涨停梯队接口获取到 3 个梯队数据
✓ 同花顺涨停池接口获取到 46 只股票
✓ 同花顺板块强度接口获取到 20 个板块

保存板块数据...
✓ 保存了 20 个板块数据

处理涨停梯队数据...
✓ 从涨停梯队获取了 37 只股票的连板数

处理同花顺涨停池数据: 46 只股票

从同花顺数据构建股票列表...
✓ 构建了 46 只股票的DataFrame

处理 46 只涨停股...

更新昨日涨停股票的次日涨跌幅...
当前日期小于下一个交易日，更新next_change字段
沪市股票: 57 只, 深市股票: 58 只
沪市行情返回: True
成功获取沪市行情: 57 只
深市行情返回: True
成功获取深市行情: 58 只
✓ 更新了 115 只股票的次日涨跌幅
✓ 更新了 115 只昨日涨停股票的次日涨跌幅

✓ 数据保存成功！
  涨停总数: 46
  首板: 34
  2连板: 10
  3连板: 1
  4连板: 1
  5连板+: 0

================================================================================
✓ 数据爬取完成！总耗时: 0.88 秒
================================================================================
最新交易日查询结果: (datetime.date(2026, 5, 25),)
最新交易日: 2026-05-25, 用户选择日期: 2026-05-25
2026-05-25 09:49:51,827 - werkzeug - INFO - 127.0.0.1 - - [25/May/2026 09:49:51] "GET /api/data/20260525 HTTP/1.1" 200 -
2026-05-25 09:49:51,982 - werkzeug - INFO - 127.0.0.1 - - [25/May/2026 09:49:51] "GET /api/ladder-comparison/20260525 HTTP/1.1" 200 -
2026-05-25 09:50:51,761 - werkzeug - INFO - 127.0.0.1 - - [25/May/2026 09:50:51] "OPTIONS /api/refresh HTTP/1.1" 200 -
2026-05-25 09:50:52,640 - werkzeug - INFO - 127.0.0.1 - - [25/May/2026 09:50:52] "POST /api/refresh HTTP/1.1" 200 -
2026-05-25 09:50:52,751 - werkzeug - INFO - 127.0.0.1 - - [25/May/2026 09:50:52] "GET /api/stock-diff/load/20260525 HTTP/1.1" 200 -
2026-05-25 09:50:52,757 - werkzeug - INFO - 127.0.0.1 - - [25/May/2026 09:50:52] "GET /api/block-strength/continuous?date=20260525 HTTP/1.1" 200 -
2026-05-25 09:50:52,774 - werkzeug - INFO - 127.0.0.1 - - [25/May/2026 09:50:52] "OPTIONS /api/data/20260525 HTTP/1.1" 200 -
2026-05-25 09:50:52,808 - werkzeug - INFO - 127.0.0.1 - - [25/May/2026 09:50:52] "GET /api/data/20260525 HTTP/1.1" 200 -
2026-05-25 09:50:52,998 - werkzeug - INFO - 127.0.0.1 - - [25/May/2026 09:50:52] "GET /api/ladder-comparison/20260525 HTTP/1.1" 200 -
2026-05-25 09:51:52,760 - werkzeug - INFO - 127.0.0.1 - - [25/May/2026 09:51:52] "OPTIONS /api/refresh HTTP/1.1" 200 -
2026-05-25 09:51:53,670 - werkzeug - INFO - 127.0.0.1 - - [25/May/2026 09:51:53] "POST /api/refresh HTTP/1.1" 200 -
2026-05-25 09:51:53,754 - werkzeug - INFO - 127.0.0.1 - - [25/May/2026 09:51:53] "GET /api/stock-diff/load/20260525 HTTP/1.1" 200 -
2026-05-25 09:51:53,758 - werkzeug - INFO - 127.0.0.1 - - [25/May/2026 09:51:53] "GET /api/block-strength/continuous?date=20260525 HTTP/1.1" 200 -
2026-05-25 09:51:53,772 - werkzeug - INFO - 127.0.0.1 - - [25/May/2026 09:51:53] "OPTIONS /api/data/20260525 HTTP/1.1" 200 -
2026-05-25 09:51:53,816 - werkzeug - INFO - 127.0.0.1 - - [25/May/2026 09:51:53] "GET /api/data/20260525 HTTP/1.1" 200 -
2026-05-25 09:51:53,990 - werkzeug - INFO - 127.0.0.1 - - [25/May/2026 09:51:53] "GET /api/ladder-comparison/20260525 HTTP/1.1" 200 -
2026-05-25 09:52:53,758 - werkzeug - INFO - 127.0.0.1 - - [25/May/2026 09:52:53] "OPTIONS /api/refresh HTTP/1.1" 200 -
2026-05-25 09:52:54,713 - werkzeug - INFO - 127.0.0.1 - - [25/May/2026 09:52:54] "POST /api/refresh HTTP/1.1" 200 -
2026-05-25 09:52:54,806 - werkzeug - INFO - 127.0.0.1 - - [25/May/2026 09:52:54] "GET /api/stock-diff/load/20260525 HTTP/1.1" 200 -
2026-05-25 09:52:54,806 - werkzeug - INFO - 127.0.0.1 - - [25/May/2026 09:52:54] "GET /api/block-strength/continuous?date=20260525 HTTP/1.1" 200 -
2026-05-25 09:52:54,812 - werkzeug - INFO - 127.0.0.1 - - [25/May/2026 09:52:54] "OPTIONS /api/data/20260525 HTTP/1.1" 200 -
2026-05-25 09:52:54,851 - werkzeug - INFO - 127.0.0.1 - - [25/May/2026 09:52:54] "GET /api/data/20260525 HTTP/1.1" 200 -
2026-05-25 09:52:55,065 - werkzeug - INFO - 127.0.0.1 - - [25/May/2026 09:52:55] "GET /api/ladder-comparison/20260525 HTTP/1.1" 200 -
2026-05-25 09:53:38,832 - werkzeug - INFO - 127.0.0.1 - - [25/May/2026 09:53:38] "GET /api/stock-diff/load/20260525 HTTP/1.1" 200 -
2026-05-25 09:53:38,840 - werkzeug - INFO - 127.0.0.1 - - [25/May/2026 09:53:38] "GET /api/block-strength/continuous?date=20260525 HTTP/1.1" 200 -
2026-05-25 09:53:38,841 - werkzeug - INFO - 127.0.0.1 - - [25/May/2026 09:53:38] "OPTIONS /api/stock-diff/save HTTP/1.1" 200 -
2026-05-25 09:53:38,849 - werkzeug - INFO - 127.0.0.1 - - [25/May/2026 09:53:38] "OPTIONS /api/data/20260525 HTTP/1.1" 200 -
2026-05-25 09:53:38,867 - werkzeug - INFO - 127.0.0.1 - - [25/May/2026 09:53:38] "GET /api/block-strength/continuous?date=20260525 HTTP/1.1" 200 -
2026-05-25 09:53:38,870 - werkzeug - INFO - 127.0.0.1 - - [25/May/2026 09:53:38] "POST /api/stock-diff/save HTTP/1.1" 200 -
2026-05-25 09:53:38,972 - werkzeug - INFO - 127.0.0.1 - - [25/May/2026 09:53:38] "GET /api/data/20260525 HTTP/1.1" 200 -
2026-05-25 09:53:39,049 - werkzeug - INFO - 127.0.0.1 - - [25/May/2026 09:53:39] "GET /api/ladder-comparison/20260525 HTTP/1.1" 200 -
2026-05-25 09:53:39,266 - werkzeug - INFO - 127.0.0.1 - - [25/May/2026 09:53:39] "GET /api/ladder-comparison/20260525 HTTP/1.1" 200 -
2026-05-25 09:53:54,761 - werkzeug - INFO - 127.0.0.1 - - [25/May/2026 09:53:54] "OPTIONS /api/refresh HTTP/1.1" 200 -
满足实时获取条件: 当前日期 < 下一个交易日
实时获取昨日涨停股票涨跌幅，股票数量: 115
沪市股票: 57 只, 深市股票: 58 只
沪市行情返回: True
成功获取沪市行情: 57 只
深市行情返回: True
成功获取深市行情: 58 只
[财联社同步] 新增 2 条新闻，更新 0 条
[心跳] 同花顺会话保持成功

================================================================================
开始爬取 20260525 的数据...
================================================================================
✓ 已备份 0 只股票的next_change字段
✓ 已删除 20260525 的旧数据

从同花顺获取 20260525 的数据...
✓ 同花顺涨停梯队接口获取到 3 个梯队数据
✓ 同花顺涨停池接口获取到 46 只股票
✓ 同花顺板块强度接口获取到 20 个板块

保存板块数据...
✓ 保存了 20 个板块数据

处理涨停梯队数据...
✓ 从涨停梯队获取了 42 只股票的连板数

处理同花顺涨停池数据: 46 只股票

从同花顺数据构建股票列表...
✓ 构建了 46 只股票的DataFrame

处理 46 只涨停股...

更新昨日涨停股票的次日涨跌幅...
当前日期小于下一个交易日，更新next_change字段
沪市股票: 57 只, 深市股票: 58 只
沪市行情返回: True
成功获取沪市行情: 57 只
深市行情返回: True
成功获取深市行情: 58 只
✓ 更新了 115 只股票的次日涨跌幅
✓ 更新了 115 只昨日涨停股票的次日涨跌幅

✓ 数据保存成功！
  涨停总数: 46
  首板: 34
  2连板: 10
  3连板: 1
  4连板: 1
  5连板+: 0

================================================================================
✓ 数据爬取完成！总耗时: 0.86 秒
================================================================================
最新交易日查询结果: (datetime.date(2026, 5, 25),)
最新交易日: 2026-05-25, 用户选择日期: 2026-05-25
满足实时获取条件: 当前日期 < 下一个交易日
实时获取昨日涨停股票涨跌幅，股票数量: 115
沪市股票: 57 只, 深市股票: 58 只
沪市行情返回: True
成功获取沪市行情: 57 只
深市行情返回: True
成功获取深市行情: 58 只
[心跳] 同花顺会话保持成功

================================================================================
开始爬取 20260525 的数据...
================================================================================
✓ 已备份 0 只股票的next_change字段
✓ 已删除 20260525 的旧数据

从同花顺获取 20260525 的数据...
✓ 同花顺涨停梯队接口获取到 3 个梯队数据
✓ 同花顺涨停池接口获取到 46 只股票
✓ 同花顺板块强度接口获取到 20 个板块

保存板块数据...
✓ 保存了 20 个板块数据

处理涨停梯队数据...
✓ 从涨停梯队获取了 41 只股票的连板数

处理同花顺涨停池数据: 46 只股票

从同花顺数据构建股票列表...
✓ 构建了 46 只股票的DataFrame

处理 46 只涨停股...

更新昨日涨停股票的次日涨跌幅...
当前日期小于下一个交易日，更新next_change字段
沪市股票: 57 只, 深市股票: 58 只
沪市行情返回: True
成功获取沪市行情: 57 只
深市行情返回: True
成功获取深市行情: 58 只
✓ 更新了 115 只股票的次日涨跌幅
✓ 更新了 115 只昨日涨停股票的次日涨跌幅

✓ 数据保存成功！
  涨停总数: 46
  首板: 34
  2连板: 10
  3连板: 1
  4连板: 1
  5连板+: 0

================================================================================
✓ 数据爬取完成！总耗时: 0.90 秒
================================================================================
最新交易日查询结果: (datetime.date(2026, 5, 25),)
最新交易日: 2026-05-25, 用户选择日期: 2026-05-25
满足实时获取条件: 当前日期 < 下一个交易日
实时获取昨日涨停股票涨跌幅，股票数量: 115
沪市股票: 57 只, 深市股票: 58 只
沪市行情返回: True
成功获取沪市行情: 57 只
深市行情返回: True
成功获取深市行情: 58 只
[心跳] 同花顺会话保持成功

================================================================================
开始爬取 20260525 的数据...
================================================================================
✓ 已备份 0 只股票的next_change字段
✓ 已删除 20260525 的旧数据

从同花顺获取 20260525 的数据...
✓ 同花顺涨停梯队接口获取到 3 个梯队数据
✓ 同花顺涨停池接口获取到 47 只股票
✓ 同花顺板块强度接口获取到 20 个板块

保存板块数据...
✓ 保存了 20 个板块数据

处理涨停梯队数据...
✓ 从涨停梯队获取了 40 只股票的连板数

处理同花顺涨停池数据: 47 只股票

从同花顺数据构建股票列表...
✓ 构建了 47 只股票的DataFrame

处理 47 只涨停股...

更新昨日涨停股票的次日涨跌幅...
当前日期小于下一个交易日，更新next_change字段
沪市股票: 57 只, 深市股票: 58 只
沪市行情返回: True
成功获取沪市行情: 57 只
深市行情返回: True
成功获取深市行情: 58 只
✓ 更新了 115 只股票的次日涨跌幅
✓ 更新了 115 只昨日涨停股票的次日涨跌幅

✓ 数据保存成功！
  涨停总数: 47
  首板: 36
  2连板: 9
  3连板: 1
  4连板: 1
  5连板+: 0

================================================================================
✓ 数据爬取完成！总耗时: 0.94 秒
================================================================================
最新交易日查询结果: (datetime.date(2026, 5, 25),)
最新交易日: 2026-05-25, 用户选择日期: 2026-05-25
满足实时获取条件: 当前日期 < 下一个交易日
实时获取昨日涨停股票涨跌幅，股票数量: 115
沪市股票: 57 只, 深市股票: 58 只
沪市行情返回: True
成功获取沪市行情: 57 只
深市行情返回: True
成功获取深市行情: 58 只
[心跳] 同花顺会话保持成功
最新交易日查询结果: (datetime.date(2026, 5, 25),)
最新交易日: 2026-05-25, 用户选择日期: 2026-05-25
满足实时获取条件: 当前日期 < 下一个交易日
实时获取昨日涨停股票涨跌幅，股票数量: 115
沪市股票: 57 只, 深市股票: 58 只
沪市行情返回: True
成功获取沪市行情: 57 只
深市行情返回: True
成功获取深市行情: 58 只
最新交易日查询结果: (datetime.date(2026, 5, 25),)
最新交易日: 2026-05-25, 用户选择日期: 2026-05-25
满足实时获取条件: 当前日期 < 下一个交易日
实时获取昨日涨停股票涨跌幅，股票数量: 115
沪市股票: 57 只, 深市股票: 58 只
沪市行情返回: True
成功获取沪市行情: 57 只
深市行情返回: True
成功获取深市行情: 58 只

================================================================================
开始爬取 20260525 的数据...
================================================================================
✓ 已备份 0 只股票的next_change字段
✓ 已删除 20260525 的旧数据

从同花顺获取 20260525 的数据...
✓ 同花顺涨停梯队接口获取到 3 个梯队数据
✓ 同花顺涨停池接口获取到 48 只股票
✓ 同花顺板块强度接口获取到 20 个板块

保存板块数据...
✓ 保存了 20 个板块数据

处理涨停梯队数据...
✓ 从涨停梯队获取了 41 只股票的连板数

处理同花顺涨停池数据: 48 只股票

从同花顺数据构建股票列表...
✓ 构建了 48 只股票的DataFrame

处理 48 只涨停股...

更新昨日涨停股票的次日涨跌幅...
当前日期小于下一个交易日，更新next_change字段
沪市股票: 57 只, 深市股票: 58 只
沪市行情返回: True
成功获取沪市行情: 57 只
深市行情返回: True
成功获取深市行情: 58 只
✓ 更新了 115 只股票的次日涨跌幅
✓ 更新了 115 只昨日涨停股票的次日涨跌幅

✓ 数据保存成功！
  涨停总数: 48
  首板: 37
  2连板: 9
  3连板: 1
  4连板: 1
  5连板+: 0
2026-05-25 09:53:55,676 - werkzeug - INFO - 127.0.0.1 - - [25/May/2026 09:53:55] "POST /api/refresh HTTP/1.1" 200 -
2026-05-25 09:53:55,768 - werkzeug - INFO - 127.0.0.1 - - [25/May/2026 09:53:55] "GET /api/stock-diff/load/20260525 HTTP/1.1" 200 -
2026-05-25 09:53:55,771 - werkzeug - INFO - 127.0.0.1 - - [25/May/2026 09:53:55] "GET /api/block-strength/continuous?date=20260525 HTTP/1.1" 200 -
2026-05-25 09:53:55,809 - werkzeug - INFO - 127.0.0.1 - - [25/May/2026 09:53:55] "OPTIONS /api/data/20260525 HTTP/1.1" 200 -
2026-05-25 09:53:55,860 - werkzeug - INFO - 127.0.0.1 - - [25/May/2026 09:53:55] "GET /api/data/20260525 HTTP/1.1" 200 -
2026-05-25 09:53:56,045 - werkzeug - INFO - 127.0.0.1 - - [25/May/2026 09:53:56] "GET /api/ladder-comparison/20260525 HTTP/1.1" 200 -
2026-05-25 09:54:15,944 - werkzeug - INFO - 127.0.0.1 - - [25/May/2026 09:54:15] "OPTIONS /api/stock-diff/save HTTP/1.1" 200 -
2026-05-25 09:54:15,966 - werkzeug - INFO - 127.0.0.1 - - [25/May/2026 09:54:15] "GET /api/stock-diff/load/20260525 HTTP/1.1" 200 -
2026-05-25 09:54:15,992 - werkzeug - INFO - 127.0.0.1 - - [25/May/2026 09:54:15] "GET /api/block-strength/continuous?date=20260525 HTTP/1.1" 200 -
2026-05-25 09:54:15,993 - werkzeug - INFO - 127.0.0.1 - - [25/May/2026 09:54:15] "POST /api/stock-diff/save HTTP/1.1" 200 -
2026-05-25 09:54:16,021 - werkzeug - INFO - 127.0.0.1 - - [25/May/2026 09:54:16] "GET /api/block-strength/continuous?date=20260525 HTTP/1.1" 200 -
2026-05-25 09:54:16,035 - werkzeug - INFO - 127.0.0.1 - - [25/May/2026 09:54:16] "OPTIONS /api/data/20260525 HTTP/1.1" 200 -
2026-05-25 09:54:16,142 - werkzeug - INFO - 127.0.0.1 - - [25/May/2026 09:54:16] "GET /api/data/20260525 HTTP/1.1" 200 -
2026-05-25 09:54:16,238 - werkzeug - INFO - 127.0.0.1 - - [25/May/2026 09:54:16] "GET /api/ladder-comparison/20260525 HTTP/1.1" 200 -
2026-05-25 09:54:16,483 - werkzeug - INFO - 127.0.0.1 - - [25/May/2026 09:54:16] "GET /api/ladder-comparison/20260525 HTTP/1.1" 200 -
2026-05-25 09:54:55,759 - werkzeug - INFO - 127.0.0.1 - - [25/May/2026 09:54:55] "OPTIONS /api/refresh HTTP/1.1" 200 -
2026-05-25 09:54:56,687 - werkzeug - INFO - 127.0.0.1 - - [25/May/2026 09:54:56] "POST /api/refresh HTTP/1.1" 200 -
2026-05-25 09:54:56,768 - werkzeug - INFO - 127.0.0.1 - - [25/May/2026 09:54:56] "GET /api/stock-diff/load/20260525 HTTP/1.1" 200 -
2026-05-25 09:54:56,770 - werkzeug - INFO - 127.0.0.1 - - [25/May/2026 09:54:56] "GET /api/block-strength/continuous?date=20260525 HTTP/1.1" 200 -
2026-05-25 09:54:56,806 - werkzeug - INFO - 127.0.0.1 - - [25/May/2026 09:54:56] "OPTIONS /api/data/20260525 HTTP/1.1" 200 -
2026-05-25 09:54:56,835 - werkzeug - INFO - 127.0.0.1 - - [25/May/2026 09:54:56] "GET /api/data/20260525 HTTP/1.1" 200 -
2026-05-25 09:54:56,963 - werkzeug - INFO - 127.0.0.1 - - [25/May/2026 09:54:56] "GET /api/ladder-comparison/20260525 HTTP/1.1" 200 -
2026-05-25 09:55:06,384 - werkzeug - INFO - 127.0.0.1 - - [25/May/2026 09:55:06] "OPTIONS /api/auth/me HTTP/1.1" 200 -
2026-05-25 09:55:06,394 - werkzeug - INFO - 127.0.0.1 - - [25/May/2026 09:55:06] "GET /api/auth/me HTTP/1.1" 200 -
2026-05-25 09:55:06,602 - werkzeug - INFO - 127.0.0.1 - - [25/May/2026 09:55:06] "OPTIONS /api/adjacent-trading-days/20260525 HTTP/1.1" 200 -
2026-05-25 09:55:06,613 - werkzeug - INFO - 127.0.0.1 - - [25/May/2026 09:55:06] "GET /api/adjacent-trading-days/20260525 HTTP/1.1" 200 -
2026-05-25 09:55:06,698 - werkzeug - INFO - 127.0.0.1 - - [25/May/2026 09:55:06] "GET /api/stock-diff/load/20260525 HTTP/1.1" 200 -
2026-05-25 09:55:06,699 - werkzeug - INFO - 127.0.0.1 - - [25/May/2026 09:55:06] "GET /api/block-strength/continuous?date=20260525 HTTP/1.1" 200 -
2026-05-25 09:55:06,730 - werkzeug - INFO - 127.0.0.1 - - [25/May/2026 09:55:06] "OPTIONS /api/data/20260525 HTTP/1.1" 200 -
2026-05-25 09:55:06,751 - werkzeug - INFO - 127.0.0.1 - - [25/May/2026 09:55:06] "GET /api/adjacent-trading-days/20260525 HTTP/1.1" 200 -
2026-05-25 09:55:06,796 - werkzeug - INFO - 127.0.0.1 - - [25/May/2026 09:55:06] "GET /api/data/20260525 HTTP/1.1" 200 -
2026-05-25 09:55:06,953 - werkzeug - INFO - 127.0.0.1 - - [25/May/2026 09:55:06] "GET /api/ladder-comparison/20260525 HTTP/1.1" 200 -
2026-05-25 09:55:08,528 - werkzeug - INFO - 127.0.0.1 - - [25/May/2026 09:55:08] "OPTIONS /api/refresh HTTP/1.1" 200 -
2026-05-25 09:55:09,364 - werkzeug - INFO - 127.0.0.1 - - [25/May/2026 09:55:09] "POST /api/refresh HTTP/1.1" 200 -
2026-05-25 09:55:09,438 - werkzeug - INFO - 127.0.0.1 - - [25/May/2026 09:55:09] "GET /api/stock-diff/load/20260525 HTTP/1.1" 200 -
2026-05-25 09:55:09,438 - werkzeug - INFO - 127.0.0.1 - - [25/May/2026 09:55:09] "GET /api/block-strength/continuous?date=20260525 HTTP/1.1" 200 -
2026-05-25 09:55:09,521 - werkzeug - INFO - 127.0.0.1 - - [25/May/2026 09:55:09] "GET /api/data/20260525 HTTP/1.1" 200 -
2026-05-25 09:55:09,643 - werkzeug - INFO - 127.0.0.1 - - [25/May/2026 09:55:09] "GET /api/ladder-comparison/20260525 HTTP/1.1" 200 -
2026-05-25 09:55:11,563 - werkzeug - INFO - 127.0.0.1 - - [25/May/2026 09:55:11] "POST /api/refresh HTTP/1.1" 200 -
2026-05-25 09:55:11,638 - werkzeug - INFO - 127.0.0.1 - - [25/May/2026 09:55:11] "GET /api/stock-diff/load/20260525 HTTP/1.1" 200 -
2026-05-25 09:55:11,648 - werkzeug - INFO - 127.0.0.1 - - [25/May/2026 09:55:11] "GET /api/block-strength/continuous?date=20260525 HTTP/1.1" 200 -
2026-05-25 09:55:11,729 - werkzeug - INFO - 127.0.0.1 - - [25/May/2026 09:55:11] "GET /api/data/20260525 HTTP/1.1" 200 -
2026-05-25 09:55:11,850 - werkzeug - INFO - 127.0.0.1 - - [25/May/2026 09:55:11] "GET /api/ladder-comparison/20260525 HTTP/1.1" 200 -
2026-05-25 09:55:41,421 - werkzeug - INFO - 127.0.0.1 - - [25/May/2026 09:55:41] "OPTIONS /api/stock-diff/save HTTP/1.1" 200 -
2026-05-25 09:55:41,436 - werkzeug - INFO - 127.0.0.1 - - [25/May/2026 09:55:41] "GET /api/stock-diff/load/20260525 HTTP/1.1" 200 -
2026-05-25 09:55:41,442 - werkzeug - INFO - 127.0.0.1 - - [25/May/2026 09:55:41] "GET /api/block-strength/continuous?date=20260525 HTTP/1.1" 200 -
2026-05-25 09:55:41,450 - werkzeug - INFO - 127.0.0.1 - - [25/May/2026 09:55:41] "OPTIONS /api/data/20260525 HTTP/1.1" 200 -
2026-05-25 09:55:41,474 - werkzeug - INFO - 127.0.0.1 - - [25/May/2026 09:55:41] "POST /api/stock-diff/save HTTP/1.1" 200 -
2026-05-25 09:55:41,495 - werkzeug - INFO - 127.0.0.1 - - [25/May/2026 09:55:41] "GET /api/block-strength/continuous?date=20260525 HTTP/1.1" 200 -
2026-05-25 09:55:41,550 - werkzeug - INFO - 127.0.0.1 - - [25/May/2026 09:55:41] "GET /api/data/20260525 HTTP/1.1" 200 -
2026-05-25 09:55:41,718 - werkzeug - INFO - 127.0.0.1 - - [25/May/2026 09:55:41] "GET /api/ladder-comparison/20260525 HTTP/1.1" 200 -

================================================================================
✓ 数据爬取完成！总耗时: 0.91 秒
================================================================================
最新交易日查询结果: (datetime.date(2026, 5, 25),)
最新交易日: 2026-05-25, 用户选择日期: 2026-05-25
满足实时获取条件: 当前日期 < 下一个交易日
实时获取昨日涨停股票涨跌幅，股票数量: 115
沪市股票: 57 只, 深市股票: 58 只
沪市行情返回: True
成功获取沪市行情: 57 只
深市行情返回: True
成功获取深市行情: 58 只
[心跳] 同花顺会话保持成功
最新交易日查询结果: (datetime.date(2026, 5, 25),)
最新交易日: 2026-05-25, 用户选择日期: 2026-05-25
满足实时获取条件: 当前日期 < 下一个交易日
实时获取昨日涨停股票涨跌幅，股票数量: 115
沪市股票: 57 只, 深市股票: 58 只
沪市行情返回: True
成功获取沪市行情: 57 只
深市行情返回: True
成功获取深市行情: 58 只
最新交易日查询结果: (datetime.date(2026, 5, 25),)
最新交易日: 2026-05-25, 用户选择日期: 2026-05-25
满足实时获取条件: 当前日期 < 下一个交易日
实时获取昨日涨停股票涨跌幅，股票数量: 115
沪市股票: 57 只, 深市股票: 58 只
沪市行情返回: True
成功获取沪市行情: 57 只
深市行情返回: True
成功获取深市行情: 58 只

================================================================================
开始爬取 20260525 的数据...
================================================================================
✓ 已备份 0 只股票的next_change字段
✓ 已删除 20260525 的旧数据

从同花顺获取 20260525 的数据...
✓ 同花顺涨停梯队接口获取到 3 个梯队数据
✓ 同花顺涨停池接口获取到 49 只股票
✓ 同花顺板块强度接口获取到 20 个板块

保存板块数据...
✓ 保存了 20 个板块数据

处理涨停梯队数据...
✓ 从涨停梯队获取了 41 只股票的连板数

处理同花顺涨停池数据: 49 只股票

从同花顺数据构建股票列表...
✓ 构建了 49 只股票的DataFrame

处理 49 只涨停股...

更新昨日涨停股票的次日涨跌幅...
当前日期小于下一个交易日，更新next_change字段
沪市股票: 57 只, 深市股票: 58 只
沪市行情返回: True
成功获取沪市行情: 57 只
深市行情返回: True
成功获取深市行情: 58 只
✓ 更新了 115 只股票的次日涨跌幅
✓ 更新了 115 只昨日涨停股票的次日涨跌幅

✓ 数据保存成功！
  涨停总数: 49
  首板: 38
  2连板: 9
  3连板: 1
  4连板: 1
  5连板+: 0

================================================================================
✓ 数据爬取完成！总耗时: 0.91 秒
================================================================================
最新交易日查询结果: (datetime.date(2026, 5, 25),)
最新交易日: 2026-05-25, 用户选择日期: 2026-05-25
满足实时获取条件: 当前日期 < 下一个交易日
实时获取昨日涨停股票涨跌幅，股票数量: 115
沪市股票: 57 只, 深市股票: 58 只
沪市行情返回: True
成功获取沪市行情: 57 只
深市行情返回: True
成功获取深市行情: 58 只
[心跳] 同花顺会话保持成功
最新交易日查询结果: (datetime.date(2026, 5, 25),)
最新交易日: 2026-05-25, 用户选择日期: 2026-05-25
满足实时获取条件: 当前日期 < 下一个交易日
实时获取昨日涨停股票涨跌幅，股票数量: 115
沪市股票: 57 只, 深市股票: 58 只
沪市行情返回: True
成功获取沪市行情: 57 只
深市行情返回: True
成功获取深市行情: 58 只

================================================================================
开始爬取 20260525 的数据...
================================================================================
✓ 已备份 0 只股票的next_change字段
✓ 已删除 20260525 的旧数据

从同花顺获取 20260525 的数据...
✓ 同花顺涨停梯队接口获取到 3 个梯队数据
✓ 同花顺涨停池接口获取到 49 只股票
✓ 同花顺板块强度接口获取到 20 个板块

保存板块数据...
✓ 保存了 20 个板块数据

处理涨停梯队数据...
✓ 从涨停梯队获取了 45 只股票的连板数

处理同花顺涨停池数据: 49 只股票

从同花顺数据构建股票列表...
✓ 构建了 49 只股票的DataFrame

处理 49 只涨停股...

更新昨日涨停股票的次日涨跌幅...
当前日期小于下一个交易日，更新next_change字段
沪市股票: 57 只, 深市股票: 58 只
沪市行情返回: True
成功获取沪市行情: 57 只
深市行情返回: True
成功获取深市行情: 58 只
✓ 更新了 115 只股票的次日涨跌幅
✓ 更新了 115 只昨日涨停股票的次日涨跌幅

✓ 数据保存成功！
  涨停总数: 49
  首板: 37
  2连板: 10
  3连板: 1
  4连板: 1
  5连板+: 0

================================================================================
✓ 数据爬取完成！总耗时: 0.82 秒
================================================================================
最新交易日查询结果: (datetime.date(2026, 5, 25),)
最新交易日: 2026-05-25, 用户选择日期: 2026-05-25
满足实时获取条件: 当前日期 < 下一个交易日
实时获取昨日涨停股票涨跌幅，股票数量: 115
沪市股票: 57 只, 深市股票: 58 只
沪市行情返回: True
成功获取沪市行情: 57 只
深市行情返回: True
成功获取深市行情: 58 只

================================================================================
开始爬取 20260525 的数据...
================================================================================
✓ 已备份 0 只股票的next_change字段
✓ 已删除 20260525 的旧数据

从同花顺获取 20260525 的数据...
✓ 同花顺涨停梯队接口获取到 3 个梯队数据
✓ 同花顺涨停池接口获取到 49 只股票
✓ 同花顺板块强度接口获取到 20 个板块

保存板块数据...
✓ 保存了 20 个板块数据

处理涨停梯队数据...
✓ 从涨停梯队获取了 45 只股票的连板数

处理同花顺涨停池数据: 49 只股票

从同花顺数据构建股票列表...
✓ 构建了 49 只股票的DataFrame

处理 49 只涨停股...

更新昨日涨停股票的次日涨跌幅...
当前日期小于下一个交易日，更新next_change字段
沪市股票: 57 只, 深市股票: 58 只
沪市行情返回: True
成功获取沪市行情: 57 只
深市行情返回: True
成功获取深市行情: 58 只
✓ 更新了 115 只股票的次日涨跌幅
✓ 更新了 115 只昨日涨停股票的次日涨跌幅

✓ 数据保存成功！
  涨停总数: 49
  首板: 37
  2连板: 10
  3连板: 1
  4连板: 1
  5连板+: 0

================================================================================
✓ 数据爬取完成！总耗时: 0.84 秒
================================================================================
最新交易日查询结果: (datetime.date(2026, 5, 25),)
最新交易日: 2026-05-25, 用户选择日期: 2026-05-25
满足实时获取条件: 当前日期 < 下一个交易日
实时获取昨日涨停股票涨跌幅，股票数量: 115
沪市股票: 57 只, 深市股票: 58 只
沪市行情返回: True
成功获取沪市行情: 57 只
深市行情返回: True
成功获取深市行情: 58 只
最新交易日查询结果: (datetime.date(2026, 5, 25),)
最新交易日: 2026-05-25, 用户选择日期: 2026-05-25
满足实时获取条件: 当前日期 < 下一个交易日
实时获取昨日涨停股票涨跌幅，股票数量: 115
沪市股票: 57 只, 深市股票: 58 只
沪市行情返回: True
成功获取沪市行情: 57 只
深市行情返回: True
成功获取深市行情: 58 只
最新交易日查询结果: (datetime.date(2026, 5, 25),)
最新交易日: 2026-05-25, 用户选择日期: 2026-05-25
满足实时获取条件: 当前日期 < 下一个交易日
实时获取昨日涨停股票涨跌幅，股票数量: 115
沪市股票: 57 只, 深市股票: 58 只
沪市行情返回: True
2026-05-25 09:55:41,947 - werkzeug - INFO - 127.0.0.1 - - [25/May/2026 09:55:41] "GET /api/ladder-comparison/20260525 HTTP/1.1" 200 -
2026-05-25 09:56:36,762 - werkzeug - INFO - 127.0.0.1 - - [25/May/2026 09:56:36] "OPTIONS /api/refresh HTTP/1.1" 200 -
2026-05-25 09:56:37,682 - werkzeug - INFO - 127.0.0.1 - - [25/May/2026 09:56:37] "POST /api/refresh HTTP/1.1" 200 -
2026-05-25 09:56:37,800 - werkzeug - INFO - 127.0.0.1 - - [25/May/2026 09:56:37] "GET /api/stock-diff/load/20260525 HTTP/1.1" 200 -
2026-05-25 09:56:37,810 - werkzeug - INFO - 127.0.0.1 - - [25/May/2026 09:56:37] "GET /api/block-strength/continuous?date=20260525 HTTP/1.1" 200 -
2026-05-25 09:56:37,876 - werkzeug - INFO - 127.0.0.1 - - [25/May/2026 09:56:37] "OPTIONS /api/data/20260525 HTTP/1.1" 200 -
2026-05-25 09:56:37,926 - werkzeug - INFO - 127.0.0.1 - - [25/May/2026 09:56:37] "GET /api/data/20260525 HTTP/1.1" 200 -
2026-05-25 09:56:38,370 - werkzeug - INFO - 127.0.0.1 - - [25/May/2026 09:56:38] "GET /api/ladder-comparison/20260525 HTTP/1.1" 200 -
2026-05-25 09:57:06,760 - werkzeug - INFO - 127.0.0.1 - - [25/May/2026 09:57:06] "OPTIONS /api/refresh HTTP/1.1" 200 -
2026-05-25 09:57:07,991 - werkzeug - INFO - 127.0.0.1 - - [25/May/2026 09:57:07] "POST /api/refresh HTTP/1.1" 200 -
2026-05-25 09:57:08,234 - werkzeug - INFO - 127.0.0.1 - - [25/May/2026 09:57:08] "GET /api/block-strength/continuous?date=20260525 HTTP/1.1" 200 -
2026-05-25 09:57:08,236 - werkzeug - INFO - 127.0.0.1 - - [25/May/2026 09:57:08] "GET /api/stock-diff/load/20260525 HTTP/1.1" 200 -
2026-05-25 09:57:08,319 - werkzeug - INFO - 127.0.0.1 - - [25/May/2026 09:57:08] "OPTIONS /api/data/20260525 HTTP/1.1" 200 -
2026-05-25 09:57:08,392 - werkzeug - INFO - 127.0.0.1 - - [25/May/2026 09:57:08] "GET /api/data/20260525 HTTP/1.1" 200 -
2026-05-25 09:57:08,483 - werkzeug - INFO - 127.0.0.1 - - [25/May/2026 09:57:08] "GET /api/ladder-comparison/20260525 HTTP/1.1" 200 -
2026-05-25 09:57:36,763 - werkzeug - INFO - 127.0.0.1 - - [25/May/2026 09:57:36] "OPTIONS /api/refresh HTTP/1.1" 200 -
2026-05-25 09:57:39,065 - werkzeug - INFO - 127.0.0.1 - - [25/May/2026 09:57:39] "POST /api/refresh HTTP/1.1" 200 -
2026-05-25 09:57:39,144 - werkzeug - INFO - 127.0.0.1 - - [25/May/2026 09:57:39] "GET /api/block-strength/continuous?date=20260525 HTTP/1.1" 200 -
2026-05-25 09:57:39,146 - werkzeug - INFO - 127.0.0.1 - - [25/May/2026 09:57:39] "GET /api/stock-diff/load/20260525 HTTP/1.1" 200 -
2026-05-25 09:57:39,177 - werkzeug - INFO - 127.0.0.1 - - [25/May/2026 09:57:39] "OPTIONS /api/data/20260525 HTTP/1.1" 200 -
2026-05-25 09:57:39,215 - werkzeug - INFO - 127.0.0.1 - - [25/May/2026 09:57:39] "GET /api/data/20260525 HTTP/1.1" 200 -
2026-05-25 09:57:39,350 - werkzeug - INFO - 127.0.0.1 - - [25/May/2026 09:57:39] "GET /api/ladder-comparison/20260525 HTTP/1.1" 200 -
2026-05-25 09:58:06,763 - werkzeug - INFO - 127.0.0.1 - - [25/May/2026 09:58:06] "OPTIONS /api/refresh HTTP/1.1" 200 -
2026-05-25 09:58:08,945 - werkzeug - INFO - 127.0.0.1 - - [25/May/2026 09:58:08] "POST /api/refresh HTTP/1.1" 200 -
2026-05-25 09:58:09,040 - werkzeug - INFO - 127.0.0.1 - - [25/May/2026 09:58:09] "GET /api/stock-diff/load/20260525 HTTP/1.1" 200 -
2026-05-25 09:58:09,044 - werkzeug - INFO - 127.0.0.1 - - [25/May/2026 09:58:09] "GET /api/block-strength/continuous?date=20260525 HTTP/1.1" 200 -
2026-05-25 09:58:09,086 - werkzeug - INFO - 127.0.0.1 - - [25/May/2026 09:58:09] "OPTIONS /api/data/20260525 HTTP/1.1" 200 -
2026-05-25 09:58:09,136 - werkzeug - INFO - 127.0.0.1 - - [25/May/2026 09:58:09] "GET /api/data/20260525 HTTP/1.1" 200 -
2026-05-25 09:58:09,283 - werkzeug - INFO - 127.0.0.1 - - [25/May/2026 09:58:09] "GET /api/ladder-comparison/20260525 HTTP/1.1" 200 -
2026-05-25 09:58:37,759 - werkzeug - INFO - 127.0.0.1 - - [25/May/2026 09:58:37] "OPTIONS /api/refresh HTTP/1.1" 200 -
成功获取沪市行情: 57 只
深市行情返回: True
成功获取深市行情: 58 只
[心跳] 同花顺会话保持成功

================================================================================
开始爬取 20260525 的数据...
================================================================================
✓ 已备份 0 只股票的next_change字段
✓ 已删除 20260525 的旧数据

从同花顺获取 20260525 的数据...
✓ 同花顺涨停梯队接口获取到 3 个梯队数据
✓ 同花顺涨停池接口获取到 48 只股票
✓ 同花顺板块强度接口获取到 20 个板块

保存板块数据...
✓ 保存了 20 个板块数据

处理涨停梯队数据...
✓ 从涨停梯队获取了 44 只股票的连板数

处理同花顺涨停池数据: 48 只股票

从同花顺数据构建股票列表...
✓ 构建了 48 只股票的DataFrame

处理 48 只涨停股...

更新昨日涨停股票的次日涨跌幅...
当前日期小于下一个交易日，更新next_change字段
沪市股票: 57 只, 深市股票: 58 只
沪市行情返回: True
成功获取沪市行情: 57 只
深市行情返回: True
成功获取深市行情: 58 只
✓ 更新了 115 只股票的次日涨跌幅
✓ 更新了 115 只昨日涨停股票的次日涨跌幅

✓ 数据保存成功！
  涨停总数: 48
  首板: 37
  2连板: 9
  3连板: 1
  4连板: 1
  5连板+: 0

================================================================================
✓ 数据爬取完成！总耗时: 0.91 秒
================================================================================
最新交易日查询结果: (datetime.date(2026, 5, 25),)
最新交易日: 2026-05-25, 用户选择日期: 2026-05-25
满足实时获取条件: 当前日期 < 下一个交易日
实时获取昨日涨停股票涨跌幅，股票数量: 115
沪市股票: 57 只, 深市股票: 58 只
沪市行情返回: True
成功获取沪市行情: 57 只
深市行情返回: True
成功获取深市行情: 58 只
[心跳] 同花顺会话保持成功

================================================================================
开始爬取 20260525 的数据...
================================================================================
✓ 已备份 0 只股票的next_change字段
✓ 已删除 20260525 的旧数据

从同花顺获取 20260525 的数据...
✓ 同花顺涨停梯队接口获取到 3 个梯队数据
✓ 同花顺涨停池接口获取到 48 只股票
✓ 同花顺板块强度接口获取到 20 个板块

保存板块数据...
✓ 保存了 20 个板块数据

处理涨停梯队数据...
✓ 从涨停梯队获取了 44 只股票的连板数

处理同花顺涨停池数据: 48 只股票

从同花顺数据构建股票列表...
✓ 构建了 48 只股票的DataFrame

处理 48 只涨停股...

更新昨日涨停股票的次日涨跌幅...
当前日期小于下一个交易日，更新next_change字段
沪市股票: 57 只, 深市股票: 58 只
沪市行情返回: True
成功获取沪市行情: 57 只
深市行情返回: True
成功获取深市行情: 58 只
✓ 更新了 115 只股票的次日涨跌幅
✓ 更新了 115 只昨日涨停股票的次日涨跌幅

✓ 数据保存成功！
  涨停总数: 48
  首板: 37
  2连板: 9
  3连板: 1
  4连板: 1
  5连板+: 0

================================================================================
✓ 数据爬取完成！总耗时: 1.22 秒
================================================================================
最新交易日查询结果: (datetime.date(2026, 5, 25),)
最新交易日: 2026-05-25, 用户选择日期: 2026-05-25
满足实时获取条件: 当前日期 < 下一个交易日
实时获取昨日涨停股票涨跌幅，股票数量: 115
沪市股票: 57 只, 深市股票: 58 只
沪市行情返回: True
成功获取沪市行情: 57 只
深市行情返回: True
成功获取深市行情: 58 只

================================================================================
开始爬取 20260525 的数据...
================================================================================
✓ 已备份 0 只股票的next_change字段
✓ 已删除 20260525 的旧数据

从同花顺获取 20260525 的数据...
✓ 同花顺涨停梯队接口获取到 3 个梯队数据
✓ 同花顺涨停池接口获取到 48 只股票
✓ 同花顺板块强度接口获取到 20 个板块

保存板块数据...
✓ 保存了 20 个板块数据

处理涨停梯队数据...
✓ 从涨停梯队获取了 43 只股票的连板数

处理同花顺涨停池数据: 48 只股票

从同花顺数据构建股票列表...
✓ 构建了 48 只股票的DataFrame

处理 48 只涨停股...

更新昨日涨停股票的次日涨跌幅...
当前日期小于下一个交易日，更新next_change字段
沪市股票: 57 只, 深市股票: 58 只
沪市行情返回: True
成功获取沪市行情: 57 只
深市行情返回: True
成功获取深市行情: 58 只
✓ 更新了 115 只股票的次日涨跌幅
✓ 更新了 115 只昨日涨停股票的次日涨跌幅

✓ 数据保存成功！
  涨停总数: 48
  首板: 38
  2连板: 8
  3连板: 1
  4连板: 1
  5连板+: 0

================================================================================
✓ 数据爬取完成！总耗时: 2.29 秒
================================================================================
最新交易日查询结果: (datetime.date(2026, 5, 25),)
最新交易日: 2026-05-25, 用户选择日期: 2026-05-25
满足实时获取条件: 当前日期 < 下一个交易日
实时获取昨日涨停股票涨跌幅，股票数量: 115
沪市股票: 57 只, 深市股票: 58 只
沪市行情返回: True
成功获取沪市行情: 57 只
深市行情返回: True
成功获取深市行情: 58 只
[心跳] 同花顺会话保持成功

================================================================================
开始爬取 20260525 的数据...
================================================================================
✓ 已备份 0 只股票的next_change字段
✓ 已删除 20260525 的旧数据

从同花顺获取 20260525 的数据...
✓ 同花顺涨停梯队接口获取到 3 个梯队数据
✓ 同花顺涨停池接口获取到 48 只股票
✓ 同花顺板块强度接口获取到 20 个板块

保存板块数据...
✓ 保存了 20 个板块数据

处理涨停梯队数据...
✓ 从涨停梯队获取了 43 只股票的连板数

处理同花顺涨停池数据: 48 只股票

从同花顺数据构建股票列表...
✓ 构建了 48 只股票的DataFrame

处理 48 只涨停股...

更新昨日涨停股票的次日涨跌幅...
当前日期小于下一个交易日，更新next_change字段
沪市股票: 57 只, 深市股票: 58 只
沪市行情返回: True
成功获取沪市行情: 57 只
深市行情返回: True
成功获取深市行情: 58 只
✓ 更新了 115 只股票的次日涨跌幅
✓ 更新了 115 只昨日涨停股票的次日涨跌幅

✓ 数据保存成功！
  涨停总数: 48
  首板: 38
  2连板: 8
  3连板: 1
  4连板: 1
  5连板+: 0

================================================================================
✓ 数据爬取完成！总耗时: 2.17 秒
================================================================================
最新交易日查询结果: (datetime.date(2026, 5, 25),)
最新交易日: 2026-05-25, 用户选择日期: 2026-05-25
满足实时获取条件: 当前日期 < 下一个交易日
实时获取昨日涨停股票涨跌幅，股票数量: 115
沪市股票: 57 只, 深市股票: 58 只
沪市行情返回: True
成功获取沪市行情: 57 只
深市行情返回: True
成功获取深市行情: 58 只

================================================================================
开始爬取 20260525 的数据...
================================================================================
✓ 已备份 0 只股票的next_change字段
✓ 已删除 20260525 的旧数据

从同花顺获取 20260525 的数据...
✓ 同花顺涨停梯队接口获取到 3 个梯队数据
✓ 同花顺涨停池接口获取到 50 只股票
✓ 同花顺板块强度接口获取到 20 个板块

保存板块数据...
2026-05-25 09:58:38,525 - werkzeug - INFO - 127.0.0.1 - - [25/May/2026 09:58:38] "POST /api/refresh HTTP/1.1" 200 -
2026-05-25 09:58:38,648 - werkzeug - INFO - 127.0.0.1 - - [25/May/2026 09:58:38] "GET /api/stock-diff/load/20260525 HTTP/1.1" 200 -
2026-05-25 09:58:38,649 - werkzeug - INFO - 127.0.0.1 - - [25/May/2026 09:58:38] "GET /api/block-strength/continuous?date=20260525 HTTP/1.1" 200 -
2026-05-25 09:58:38,691 - werkzeug - INFO - 127.0.0.1 - - [25/May/2026 09:58:38] "OPTIONS /api/data/20260525 HTTP/1.1" 200 -
2026-05-25 09:58:38,743 - werkzeug - INFO - 127.0.0.1 - - [25/May/2026 09:58:38] "GET /api/data/20260525 HTTP/1.1" 200 -
2026-05-25 09:58:38,858 - werkzeug - INFO - 127.0.0.1 - - [25/May/2026 09:58:38] "GET /api/ladder-comparison/20260525 HTTP/1.1" 200 -
2026-05-25 09:59:19,759 - werkzeug - INFO - 127.0.0.1 - - [25/May/2026 09:59:19] "OPTIONS /api/refresh HTTP/1.1" 200 -
2026-05-25 09:59:20,659 - werkzeug - INFO - 127.0.0.1 - - [25/May/2026 09:59:20] "POST /api/refresh HTTP/1.1" 200 -
2026-05-25 09:59:20,752 - werkzeug - INFO - 127.0.0.1 - - [25/May/2026 09:59:20] "GET /api/stock-diff/load/20260525 HTTP/1.1" 200 -
2026-05-25 09:59:20,754 - werkzeug - INFO - 127.0.0.1 - - [25/May/2026 09:59:20] "GET /api/block-strength/continuous?date=20260525 HTTP/1.1" 200 -
2026-05-25 09:59:20,794 - werkzeug - INFO - 127.0.0.1 - - [25/May/2026 09:59:20] "OPTIONS /api/data/20260525 HTTP/1.1" 200 -
2026-05-25 09:59:20,854 - werkzeug - INFO - 127.0.0.1 - - [25/May/2026 09:59:20] "GET /api/data/20260525 HTTP/1.1" 200 -
2026-05-25 09:59:20,949 - werkzeug - INFO - 127.0.0.1 - - [25/May/2026 09:59:20] "GET /api/ladder-comparison/20260525 HTTP/1.1" 200 -
2026-05-25 10:00:32,760 - werkzeug - INFO - 127.0.0.1 - - [25/May/2026 10:00:32] "OPTIONS /api/refresh HTTP/1.1" 200 -
2026-05-25 10:00:33,847 - werkzeug - INFO - 127.0.0.1 - - [25/May/2026 10:00:33] "POST /api/refresh HTTP/1.1" 200 -
2026-05-25 10:00:34,279 - werkzeug - INFO - 127.0.0.1 - - [25/May/2026 10:00:34] "GET /api/stock-diff/load/20260525 HTTP/1.1" 200 -
2026-05-25 10:00:34,288 - werkzeug - INFO - 127.0.0.1 - - [25/May/2026 10:00:34] "GET /api/block-strength/continuous?date=20260525 HTTP/1.1" 200 -
2026-05-25 10:00:34,412 - werkzeug - INFO - 127.0.0.1 - - [25/May/2026 10:00:34] "OPTIONS /api/data/20260525 HTTP/1.1" 200 -
2026-05-25 10:00:34,511 - werkzeug - INFO - 127.0.0.1 - - [25/May/2026 10:00:34] "GET /api/data/20260525 HTTP/1.1" 200 -
2026-05-25 10:00:34,550 - werkzeug - INFO - 127.0.0.1 - - [25/May/2026 10:00:34] "GET /api/ladder-comparison/20260525 HTTP/1.1" 200 -
2026-05-25 10:01:02,760 - werkzeug - INFO - 127.0.0.1 - - [25/May/2026 10:01:02] "OPTIONS /api/refresh HTTP/1.1" 200 -
2026-05-25 10:01:03,511 - werkzeug - INFO - 127.0.0.1 - - [25/May/2026 10:01:03] "POST /api/refresh HTTP/1.1" 200 -
2026-05-25 10:01:03,588 - werkzeug - INFO - 127.0.0.1 - - [25/May/2026 10:01:03] "GET /api/stock-diff/load/20260525 HTTP/1.1" 200 -
2026-05-25 10:01:03,594 - werkzeug - INFO - 127.0.0.1 - - [25/May/2026 10:01:03] "GET /api/block-strength/continuous?date=20260525 HTTP/1.1" 200 -
2026-05-25 10:01:03,626 - werkzeug - INFO - 127.0.0.1 - - [25/May/2026 10:01:03] "OPTIONS /api/data/20260525 HTTP/1.1" 200 -
2026-05-25 10:01:03,657 - werkzeug - INFO - 127.0.0.1 - - [25/May/2026 10:01:03] "GET /api/data/20260525 HTTP/1.1" 200 -
2026-05-25 10:01:03,826 - werkzeug - INFO - 127.0.0.1 - - [25/May/2026 10:01:03] "GET /api/ladder-comparison/20260525 HTTP/1.1" 200 -
2026-05-25 10:01:32,760 - werkzeug - INFO - 127.0.0.1 - - [25/May/2026 10:01:32] "OPTIONS /api/refresh HTTP/1.1" 200 -
✓ 保存了 20 个板块数据

处理涨停梯队数据...
✓ 从涨停梯队获取了 43 只股票的连板数

处理同花顺涨停池数据: 50 只股票

从同花顺数据构建股票列表...
✓ 构建了 50 只股票的DataFrame

处理 50 只涨停股...

更新昨日涨停股票的次日涨跌幅...
当前日期小于下一个交易日，更新next_change字段
沪市股票: 57 只, 深市股票: 58 只
沪市行情返回: True
成功获取沪市行情: 57 只
深市行情返回: True
成功获取深市行情: 58 只
✓ 更新了 115 只股票的次日涨跌幅
✓ 更新了 115 只昨日涨停股票的次日涨跌幅

✓ 数据保存成功！
  涨停总数: 50
  首板: 40
  2连板: 8
  3连板: 1
  4连板: 1
  5连板+: 0

================================================================================
✓ 数据爬取完成！总耗时: 0.76 秒
================================================================================
最新交易日查询结果: (datetime.date(2026, 5, 25),)
最新交易日: 2026-05-25, 用户选择日期: 2026-05-25
满足实时获取条件: 当前日期 < 下一个交易日
实时获取昨日涨停股票涨跌幅，股票数量: 115
沪市股票: 57 只, 深市股票: 58 只
沪市行情返回: True
成功获取沪市行情: 57 只
深市行情返回: True
成功获取深市行情: 58 只
[心跳] 同花顺会话保持成功

================================================================================
开始爬取 20260525 的数据...
================================================================================
✓ 已备份 0 只股票的next_change字段
✓ 已删除 20260525 的旧数据

从同花顺获取 20260525 的数据...
✓ 同花顺涨停梯队接口获取到 3 个梯队数据
✓ 同花顺涨停池接口获取到 48 只股票
✓ 同花顺板块强度接口获取到 20 个板块

保存板块数据...
✓ 保存了 20 个板块数据

处理涨停梯队数据...
✓ 从涨停梯队获取了 44 只股票的连板数

处理同花顺涨停池数据: 48 只股票

从同花顺数据构建股票列表...
✓ 构建了 48 只股票的DataFrame

处理 48 只涨停股...

更新昨日涨停股票的次日涨跌幅...
当前日期小于下一个交易日，更新next_change字段
沪市股票: 57 只, 深市股票: 58 只
沪市行情返回: True
成功获取沪市行情: 57 只
深市行情返回: True
成功获取深市行情: 58 只
✓ 更新了 115 只股票的次日涨跌幅
✓ 更新了 115 只昨日涨停股票的次日涨跌幅

✓ 数据保存成功！
  涨停总数: 48
  首板: 37
  2连板: 9
  3连板: 1
  4连板: 1
  5连板+: 0

================================================================================
✓ 数据爬取完成！总耗时: 0.89 秒
================================================================================
最新交易日查询结果: (datetime.date(2026, 5, 25),)
最新交易日: 2026-05-25, 用户选择日期: 2026-05-25
满足实时获取条件: 当前日期 < 下一个交易日
实时获取昨日涨停股票涨跌幅，股票数量: 115
沪市股票: 57 只, 深市股票: 58 只
沪市行情返回: True
成功获取沪市行情: 57 只
深市行情返回: True
成功获取深市行情: 58 只
[心跳] 同花顺会话保持成功
[财联社同步] 新增 5 条新闻，更新 0 条

================================================================================
开始爬取 20260525 的数据...
================================================================================
✓ 已备份 0 只股票的next_change字段
✓ 已删除 20260525 的旧数据

从同花顺获取 20260525 的数据...
✓ 同花顺涨停梯队接口获取到 3 个梯队数据
✓ 同花顺涨停池接口获取到 48 只股票
✓ 同花顺板块强度接口获取到 20 个板块

保存板块数据...
✓ 保存了 20 个板块数据

处理涨停梯队数据...
✓ 从涨停梯队获取了 42 只股票的连板数

处理同花顺涨停池数据: 48 只股票

从同花顺数据构建股票列表...
✓ 构建了 48 只股票的DataFrame

处理 48 只涨停股...

更新昨日涨停股票的次日涨跌幅...
当前日期小于下一个交易日，更新next_change字段
沪市股票: 57 只, 深市股票: 58 只
沪市行情返回: True
成功获取沪市行情: 57 只
深市行情返回: True
成功获取深市行情: 58 只
✓ 更新了 115 只股票的次日涨跌幅
✓ 更新了 115 只昨日涨停股票的次日涨跌幅

✓ 数据保存成功！
  涨停总数: 48
  首板: 38
  2连板: 8
  3连板: 1
  4连板: 1
  5连板+: 0

================================================================================
✓ 数据爬取完成！总耗时: 1.07 秒
================================================================================
最新交易日查询结果: (datetime.date(2026, 5, 25),)
最新交易日: 2026-05-25, 用户选择日期: 2026-05-25
满足实时获取条件: 当前日期 < 下一个交易日
实时获取昨日涨停股票涨跌幅，股票数量: 115
沪市股票: 57 只, 深市股票: 58 只
沪市行情返回: True
成功获取沪市行情: 57 只
深市行情返回: True
成功获取深市行情: 58 只
[心跳] 同花顺会话保持成功

================================================================================
开始爬取 20260525 的数据...
================================================================================
✓ 已备份 0 只股票的next_change字段
✓ 已删除 20260525 的旧数据

从同花顺获取 20260525 的数据...
✓ 同花顺涨停梯队接口获取到 3 个梯队数据
✓ 同花顺涨停池接口获取到 48 只股票
✓ 同花顺板块强度接口获取到 20 个板块

保存板块数据...
✓ 保存了 20 个板块数据

处理涨停梯队数据...
✓ 从涨停梯队获取了 41 只股票的连板数

处理同花顺涨停池数据: 48 只股票

从同花顺数据构建股票列表...
✓ 构建了 48 只股票的DataFrame

处理 48 只涨停股...

更新昨日涨停股票的次日涨跌幅...
当前日期小于下一个交易日，更新next_change字段
沪市股票: 57 只, 深市股票: 58 只
沪市行情返回: True
成功获取沪市行情: 57 只
深市行情返回: True
成功获取深市行情: 58 只
✓ 更新了 115 只股票的次日涨跌幅
✓ 更新了 115 只昨日涨停股票的次日涨跌幅

✓ 数据保存成功！
  涨停总数: 48
  首板: 39
  2连板: 7
  3连板: 1
  4连板: 1
  5连板+: 0

================================================================================
✓ 数据爬取完成！总耗时: 0.74 秒
================================================================================
最新交易日查询结果: (datetime.date(2026, 5, 25),)
最新交易日: 2026-05-25, 用户选择日期: 2026-05-25
满足实时获取条件: 当前日期 < 下一个交易日
实时获取昨日涨停股票涨跌幅，股票数量: 115
沪市股票: 57 只, 深市股票: 58 只
沪市行情返回: True
成功获取沪市行情: 57 只
深市行情返回: True
成功获取深市行情: 58 只

================================================================================
开始爬取 20260525 的数据...
================================================================================
✓ 已备份 0 只股票的next_change字段
✓ 已删除 20260525 的旧数据

从同花顺获取 20260525 的数据...
✓ 同花顺涨停梯队接口获取到 3 个梯队数据
✓ 同花顺涨停池接口获取到 48 只股票
✓ 同花顺板块强度接口获取到 20 个板块

保存板块数据...
✓ 保存了 20 个板块数据

处理涨停梯队数据...
✓ 从涨停梯队获取了 41 只股票的连板数

处理同花顺涨停池数据: 48 只股票

从同花顺数据构建股票列表...
✓ 构建了 48 只股票的DataFrame

处理 48 只涨停股...

更新昨日涨停股票的次日涨跌幅...
当前日期小于下一个交易日，更新next_change字段
沪市股票: 57 只, 深市股票: 58 只
沪市行情返回: True
成功获取沪市行情: 57 只
深市行情返回: True
成功获取深市行情: 58 只
2026-05-25 10:01:33,465 - werkzeug - INFO - 127.0.0.1 - - [25/May/2026 10:01:33] "POST /api/refresh HTTP/1.1" 200 -
2026-05-25 10:01:33,559 - werkzeug - INFO - 127.0.0.1 - - [25/May/2026 10:01:33] "GET /api/stock-diff/load/20260525 HTTP/1.1" 200 -
2026-05-25 10:01:33,564 - werkzeug - INFO - 127.0.0.1 - - [25/May/2026 10:01:33] "GET /api/block-strength/continuous?date=20260525 HTTP/1.1" 200 -
2026-05-25 10:01:33,603 - werkzeug - INFO - 127.0.0.1 - - [25/May/2026 10:01:33] "OPTIONS /api/data/20260525 HTTP/1.1" 200 -
2026-05-25 10:01:33,641 - werkzeug - INFO - 127.0.0.1 - - [25/May/2026 10:01:33] "GET /api/data/20260525 HTTP/1.1" 200 -
2026-05-25 10:01:33,792 - werkzeug - INFO - 127.0.0.1 - - [25/May/2026 10:01:33] "GET /api/ladder-comparison/20260525 HTTP/1.1" 200 -
2026-05-25 10:02:02,760 - werkzeug - INFO - 127.0.0.1 - - [25/May/2026 10:02:02] "OPTIONS /api/refresh HTTP/1.1" 200 -
2026-05-25 10:02:03,574 - werkzeug - INFO - 127.0.0.1 - - [25/May/2026 10:02:03] "POST /api/refresh HTTP/1.1" 200 -
2026-05-25 10:02:03,652 - werkzeug - INFO - 127.0.0.1 - - [25/May/2026 10:02:03] "GET /api/block-strength/continuous?date=20260525 HTTP/1.1" 200 -
2026-05-25 10:02:03,653 - werkzeug - INFO - 127.0.0.1 - - [25/May/2026 10:02:03] "GET /api/stock-diff/load/20260525 HTTP/1.1" 200 -
2026-05-25 10:02:03,686 - werkzeug - INFO - 127.0.0.1 - - [25/May/2026 10:02:03] "OPTIONS /api/data/20260525 HTTP/1.1" 200 -
2026-05-25 10:02:03,717 - werkzeug - INFO - 127.0.0.1 - - [25/May/2026 10:02:03] "GET /api/data/20260525 HTTP/1.1" 200 -
2026-05-25 10:02:03,855 - werkzeug - INFO - 127.0.0.1 - - [25/May/2026 10:02:03] "GET /api/ladder-comparison/20260525 HTTP/1.1" 200 -
2026-05-25 10:02:32,759 - werkzeug - INFO - 127.0.0.1 - - [25/May/2026 10:02:32] "OPTIONS /api/refresh HTTP/1.1" 200 -
2026-05-25 10:02:33,542 - werkzeug - INFO - 127.0.0.1 - - [25/May/2026 10:02:33] "POST /api/refresh HTTP/1.1" 200 -
2026-05-25 10:02:33,621 - werkzeug - INFO - 127.0.0.1 - - [25/May/2026 10:02:33] "GET /api/block-strength/continuous?date=20260525 HTTP/1.1" 200 -
2026-05-25 10:02:33,622 - werkzeug - INFO - 127.0.0.1 - - [25/May/2026 10:02:33] "GET /api/stock-diff/load/20260525 HTTP/1.1" 200 -
2026-05-25 10:02:33,655 - werkzeug - INFO - 127.0.0.1 - - [25/May/2026 10:02:33] "OPTIONS /api/data/20260525 HTTP/1.1" 200 -
2026-05-25 10:02:33,685 - werkzeug - INFO - 127.0.0.1 - - [25/May/2026 10:02:33] "GET /api/data/20260525 HTTP/1.1" 200 -
2026-05-25 10:02:33,815 - werkzeug - INFO - 127.0.0.1 - - [25/May/2026 10:02:33] "GET /api/ladder-comparison/20260525 HTTP/1.1" 200 -
2026-05-25 10:03:12,764 - werkzeug - INFO - 127.0.0.1 - - [25/May/2026 10:03:12] "OPTIONS /api/refresh HTTP/1.1" 200 -
2026-05-25 10:03:13,666 - werkzeug - INFO - 127.0.0.1 - - [25/May/2026 10:03:13] "POST /api/refresh HTTP/1.1" 200 -
2026-05-25 10:03:13,741 - werkzeug - INFO - 127.0.0.1 - - [25/May/2026 10:03:13] "GET /api/stock-diff/load/20260525 HTTP/1.1" 200 -
2026-05-25 10:03:13,743 - werkzeug - INFO - 127.0.0.1 - - [25/May/2026 10:03:13] "GET /api/block-strength/continuous?date=20260525 HTTP/1.1" 200 -
2026-05-25 10:03:13,774 - werkzeug - INFO - 127.0.0.1 - - [25/May/2026 10:03:13] "OPTIONS /api/data/20260525 HTTP/1.1" 200 -
2026-05-25 10:03:13,805 - werkzeug - INFO - 127.0.0.1 - - [25/May/2026 10:03:13] "GET /api/data/20260525 HTTP/1.1" 200 -
2026-05-25 10:03:13,939 - werkzeug - INFO - 127.0.0.1 - - [25/May/2026 10:03:13] "GET /api/ladder-comparison/20260525 HTTP/1.1" 200 -
2026-05-25 10:04:12,765 - werkzeug - INFO - 127.0.0.1 - - [25/May/2026 10:04:12] "OPTIONS /api/refresh HTTP/1.1" 200 -
2026-05-25 10:04:13,627 - werkzeug - INFO - 127.0.0.1 - - [25/May/2026 10:04:13] "POST /api/refresh HTTP/1.1" 200 -
2026-05-25 10:04:13,720 - werkzeug - INFO - 127.0.0.1 - - [25/May/2026 10:04:13] "GET /api/block-strength/continuous?date=20260525 HTTP/1.1" 200 -
2026-05-25 10:04:13,721 - werkzeug - INFO - 127.0.0.1 - - [25/May/2026 10:04:13] "GET /api/stock-diff/load/20260525 HTTP/1.1" 200 -
✓ 更新了 115 只股票的次日涨跌幅
✓ 更新了 115 只昨日涨停股票的次日涨跌幅

✓ 数据保存成功！
  涨停总数: 48
  首板: 39
  2连板: 7
  3连板: 1
  4连板: 1
  5连板+: 0

================================================================================
✓ 数据爬取完成！总耗时: 0.69 秒
================================================================================
最新交易日查询结果: (datetime.date(2026, 5, 25),)
最新交易日: 2026-05-25, 用户选择日期: 2026-05-25
满足实时获取条件: 当前日期 < 下一个交易日
实时获取昨日涨停股票涨跌幅，股票数量: 115
沪市股票: 57 只, 深市股票: 58 只
沪市行情返回: True
成功获取沪市行情: 57 只
深市行情返回: True
成功获取深市行情: 58 只
[心跳] 同花顺会话保持成功

================================================================================
开始爬取 20260525 的数据...
================================================================================
✓ 已备份 0 只股票的next_change字段
✓ 已删除 20260525 的旧数据

从同花顺获取 20260525 的数据...
✓ 同花顺涨停梯队接口获取到 3 个梯队数据
✓ 同花顺涨停池接口获取到 48 只股票
✓ 同花顺板块强度接口获取到 20 个板块

保存板块数据...
✓ 保存了 20 个板块数据

处理涨停梯队数据...
✓ 从涨停梯队获取了 39 只股票的连板数

处理同花顺涨停池数据: 48 只股票

从同花顺数据构建股票列表...
✓ 构建了 48 只股票的DataFrame

处理 48 只涨停股...

更新昨日涨停股票的次日涨跌幅...
当前日期小于下一个交易日，更新next_change字段
沪市股票: 57 只, 深市股票: 58 只
沪市行情返回: True
成功获取沪市行情: 57 只
深市行情返回: True
成功获取深市行情: 58 只
✓ 更新了 115 只股票的次日涨跌幅
✓ 更新了 115 只昨日涨停股票的次日涨跌幅

✓ 数据保存成功！
  涨停总数: 48
  首板: 40
  2连板: 6
  3连板: 1
  4连板: 1
  5连板+: 0

================================================================================
✓ 数据爬取完成！总耗时: 0.80 秒
================================================================================
最新交易日查询结果: (datetime.date(2026, 5, 25),)
最新交易日: 2026-05-25, 用户选择日期: 2026-05-25
满足实时获取条件: 当前日期 < 下一个交易日
实时获取昨日涨停股票涨跌幅，股票数量: 115
沪市股票: 57 只, 深市股票: 58 只
沪市行情返回: True
成功获取沪市行情: 57 只
深市行情返回: True
成功获取深市行情: 58 只

================================================================================
开始爬取 20260525 的数据...
================================================================================
✓ 已备份 0 只股票的next_change字段
✓ 已删除 20260525 的旧数据

从同花顺获取 20260525 的数据...
✓ 同花顺涨停梯队接口获取到 3 个梯队数据
✓ 同花顺涨停池接口获取到 49 只股票
✓ 同花顺板块强度接口获取到 20 个板块

保存板块数据...
✓ 保存了 20 个板块数据

处理涨停梯队数据...
✓ 从涨停梯队获取了 41 只股票的连板数

处理同花顺涨停池数据: 49 只股票

从同花顺数据构建股票列表...
✓ 构建了 49 只股票的DataFrame

处理 49 只涨停股...

更新昨日涨停股票的次日涨跌幅...
当前日期小于下一个交易日，更新next_change字段
沪市股票: 57 只, 深市股票: 58 只
沪市行情返回: True
成功获取沪市行情: 57 只
深市行情返回: True
成功获取深市行情: 58 只
✓ 更新了 115 只股票的次日涨跌幅
✓ 更新了 115 只昨日涨停股票的次日涨跌幅

✓ 数据保存成功！
  涨停总数: 49
  首板: 40
  2连板: 7
  3连板: 1
  4连板: 1
  5连板+: 0

================================================================================
✓ 数据爬取完成！总耗时: 0.77 秒
================================================================================
最新交易日查询结果: (datetime.date(2026, 5, 25),)
最新交易日: 2026-05-25, 用户选择日期: 2026-05-25
满足实时获取条件: 当前日期 < 下一个交易日
实时获取昨日涨停股票涨跌幅，股票数量: 115
沪市股票: 57 只, 深市股票: 58 只
沪市行情返回: True
成功获取沪市行情: 57 只
深市行情返回: True
成功获取深市行情: 58 只
[心跳] 同花顺会话保持成功

================================================================================
开始爬取 20260525 的数据...
================================================================================
✓ 已备份 0 只股票的next_change字段
✓ 已删除 20260525 的旧数据

从同花顺获取 20260525 的数据...
✓ 同花顺涨停梯队接口获取到 3 个梯队数据
✓ 同花顺涨停池接口获取到 50 只股票
✓ 同花顺板块强度接口获取到 20 个板块

保存板块数据...
✓ 保存了 20 个板块数据

处理涨停梯队数据...
✓ 从涨停梯队获取了 42 只股票的连板数

处理同花顺涨停池数据: 50 只股票

从同花顺数据构建股票列表...
✓ 构建了 50 只股票的DataFrame

处理 50 只涨停股...

更新昨日涨停股票的次日涨跌幅...
当前日期小于下一个交易日，更新next_change字段
沪市股票: 57 只, 深市股票: 58 只
沪市行情返回: True
成功获取沪市行情: 57 只
深市行情返回: True
成功获取深市行情: 58 只
✓ 更新了 115 只股票的次日涨跌幅
✓ 更新了 115 只昨日涨停股票的次日涨跌幅

✓ 数据保存成功！
  涨停总数: 50
  首板: 40
  2连板: 8
  3连板: 1
  4连板: 1
  5连板+: 0

================================================================================
✓ 数据爬取完成！总耗时: 0.87 秒
================================================================================
最新交易日查询结果: (datetime.date(2026, 5, 25),)
最新交易日: 2026-05-25, 用户选择日期: 2026-05-25
满足实时获取条件: 当前日期 < 下一个交易日
实时获取昨日涨停股票涨跌幅，股票数量: 115
沪市股票: 57 只, 深市股票: 58 只
沪市行情返回: True
成功获取沪市行情: 57 只
深市行情返回: True
成功获取深市行情: 58 只
[心跳] 同花顺会话保持成功

================================================================================
开始爬取 20260525 的数据...
================================================================================
✓ 已备份 0 只股票的next_change字段
✓ 已删除 20260525 的旧数据

从同花顺获取 20260525 的数据...
✓ 同花顺涨停梯队接口获取到 3 个梯队数据
✓ 同花顺涨停池接口获取到 52 只股票
✓ 同花顺板块强度接口获取到 20 个板块

保存板块数据...
✓ 保存了 20 个板块数据

处理涨停梯队数据...
✓ 从涨停梯队获取了 42 只股票的连板数

处理同花顺涨停池数据: 52 只股票

从同花顺数据构建股票列表...
✓ 构建了 52 只股票的DataFrame

处理 52 只涨停股...

更新昨日涨停股票的次日涨跌幅...
当前日期小于下一个交易日，更新next_change字段
沪市股票: 57 只, 深市股票: 58 只
沪市行情返回: True
成功获取沪市行情: 57 只
深市行情返回: True
成功获取深市行情: 58 只
✓ 更新了 115 只股票的次日涨跌幅
✓ 更新了 115 只昨日涨停股票的次日涨跌幅

✓ 数据保存成功！
  涨停总数: 52
  首板: 42
  2连板: 8
  3连板: 1
  4连板: 1
  5连板+: 0

================================================================================
✓ 数据爬取完成！总耗时: 0.85 秒
================================================================================
最新交易日查询结果: (datetime.date(2026, 5, 25),)
最新交易日: 2026-05-25, 用户选择日期: 2026-05-25
满足实时获取条件: 当前日期 < 下一个交易日
2026-05-25 10:04:13,764 - werkzeug - INFO - 127.0.0.1 - - [25/May/2026 10:04:13] "OPTIONS /api/data/20260525 HTTP/1.1" 200 -
2026-05-25 10:04:13,864 - werkzeug - INFO - 127.0.0.1 - - [25/May/2026 10:04:13] "GET /api/data/20260525 HTTP/1.1" 200 -
2026-05-25 10:04:13,976 - werkzeug - INFO - 127.0.0.1 - - [25/May/2026 10:04:13] "GET /api/ladder-comparison/20260525 HTTP/1.1" 200 -
2026-05-25 10:05:12,764 - werkzeug - INFO - 127.0.0.1 - - [25/May/2026 10:05:12] "OPTIONS /api/refresh HTTP/1.1" 200 -
2026-05-25 10:05:13,951 - werkzeug - INFO - 127.0.0.1 - - [25/May/2026 10:05:13] "POST /api/refresh HTTP/1.1" 200 -
2026-05-25 10:05:14,042 - werkzeug - INFO - 127.0.0.1 - - [25/May/2026 10:05:14] "GET /api/stock-diff/load/20260525 HTTP/1.1" 200 -
2026-05-25 10:05:14,045 - werkzeug - INFO - 127.0.0.1 - - [25/May/2026 10:05:14] "GET /api/block-strength/continuous?date=20260525 HTTP/1.1" 200 -
2026-05-25 10:05:14,082 - werkzeug - INFO - 127.0.0.1 - - [25/May/2026 10:05:14] "OPTIONS /api/data/20260525 HTTP/1.1" 200 -
2026-05-25 10:05:14,124 - werkzeug - INFO - 127.0.0.1 - - [25/May/2026 10:05:14] "GET /api/data/20260525 HTTP/1.1" 200 -
2026-05-25 10:05:14,257 - werkzeug - INFO - 127.0.0.1 - - [25/May/2026 10:05:14] "GET /api/ladder-comparison/20260525 HTTP/1.1" 200 -
2026-05-25 10:06:12,731 - werkzeug - INFO - 127.0.0.1 - - [25/May/2026 10:06:12] "OPTIONS /api/refresh HTTP/1.1" 200 -
2026-05-25 10:06:13,810 - werkzeug - INFO - 127.0.0.1 - - [25/May/2026 10:06:13] "POST /api/refresh HTTP/1.1" 200 -
2026-05-25 10:06:13,905 - werkzeug - INFO - 127.0.0.1 - - [25/May/2026 10:06:13] "GET /api/stock-diff/load/20260525 HTTP/1.1" 200 -
2026-05-25 10:06:13,906 - werkzeug - INFO - 127.0.0.1 - - [25/May/2026 10:06:13] "GET /api/block-strength/continuous?date=20260525 HTTP/1.1" 200 -
2026-05-25 10:06:13,942 - werkzeug - INFO - 127.0.0.1 - - [25/May/2026 10:06:13] "OPTIONS /api/data/20260525 HTTP/1.1" 200 -
2026-05-25 10:06:13,975 - werkzeug - INFO - 127.0.0.1 - - [25/May/2026 10:06:13] "GET /api/data/20260525 HTTP/1.1" 200 -
2026-05-25 10:06:14,086 - werkzeug - INFO - 127.0.0.1 - - [25/May/2026 10:06:14] "GET /api/ladder-comparison/20260525 HTTP/1.1" 200 -
2026-05-25 10:07:12,728 - werkzeug - INFO - 127.0.0.1 - - [25/May/2026 10:07:12] "OPTIONS /api/refresh HTTP/1.1" 200 -
2026-05-25 10:07:13,588 - werkzeug - INFO - 127.0.0.1 - - [25/May/2026 10:07:13] "POST /api/refresh HTTP/1.1" 200 -
2026-05-25 10:07:13,673 - werkzeug - INFO - 127.0.0.1 - - [25/May/2026 10:07:13] "GET /api/stock-diff/load/20260525 HTTP/1.1" 200 -
2026-05-25 10:07:13,679 - werkzeug - INFO - 127.0.0.1 - - [25/May/2026 10:07:13] "GET /api/block-strength/continuous?date=20260525 HTTP/1.1" 200 -
2026-05-25 10:07:13,710 - werkzeug - INFO - 127.0.0.1 - - [25/May/2026 10:07:13] "OPTIONS /api/data/20260525 HTTP/1.1" 200 -
2026-05-25 10:07:13,744 - werkzeug - INFO - 127.0.0.1 - - [25/May/2026 10:07:13] "GET /api/data/20260525 HTTP/1.1" 200 -
2026-05-25 10:07:13,862 - werkzeug - INFO - 127.0.0.1 - - [25/May/2026 10:07:13] "GET /api/ladder-comparison/20260525 HTTP/1.1" 200 -
2026-05-25 10:08:12,727 - werkzeug - INFO - 127.0.0.1 - - [25/May/2026 10:08:12] "OPTIONS /api/refresh HTTP/1.1" 200 -
2026-05-25 10:08:13,899 - werkzeug - INFO - 127.0.0.1 - - [25/May/2026 10:08:13] "POST /api/refresh HTTP/1.1" 200 -
2026-05-25 10:08:13,977 - werkzeug - INFO - 127.0.0.1 - - [25/May/2026 10:08:13] "GET /api/stock-diff/load/20260525 HTTP/1.1" 200 -
2026-05-25 10:08:13,980 - werkzeug - INFO - 127.0.0.1 - - [25/May/2026 10:08:13] "GET /api/block-strength/continuous?date=20260525 HTTP/1.1" 200 -
2026-05-25 10:08:14,012 - werkzeug - INFO - 127.0.0.1 - - [25/May/2026 10:08:14] "OPTIONS /api/data/20260525 HTTP/1.1" 200 -
2026-05-25 10:08:14,042 - werkzeug - INFO - 127.0.0.1 - - [25/May/2026 10:08:14] "GET /api/data/20260525 HTTP/1.1" 200 -
2026-05-25 10:08:14,183 - werkzeug - INFO - 127.0.0.1 - - [25/May/2026 10:08:14] "GET /api/ladder-comparison/20260525 HTTP/1.1" 200 -
2026-05-25 10:09:12,727 - werkzeug - INFO - 127.0.0.1 - - [25/May/2026 10:09:12] "OPTIONS /api/refresh HTTP/1.1" 200 -
实时获取昨日涨停股票涨跌幅，股票数量: 115
沪市股票: 57 只, 深市股票: 58 只
沪市行情返回: True
成功获取沪市行情: 57 只
深市行情返回: True
成功获取深市行情: 58 只
[心跳] 同花顺会话保持成功
[财联社同步] 新增 1 条新闻，更新 0 条

================================================================================
开始爬取 20260525 的数据...
================================================================================
✓ 已备份 0 只股票的next_change字段
✓ 已删除 20260525 的旧数据

从同花顺获取 20260525 的数据...
✓ 同花顺涨停梯队接口获取到 3 个梯队数据
✓ 同花顺涨停池接口获取到 53 只股票
✓ 同花顺板块强度接口获取到 20 个板块

保存板块数据...
✓ 保存了 20 个板块数据

处理涨停梯队数据...
✓ 从涨停梯队获取了 43 只股票的连板数

处理同花顺涨停池数据: 53 只股票

从同花顺数据构建股票列表...
✓ 构建了 53 只股票的DataFrame

处理 53 只涨停股...

更新昨日涨停股票的次日涨跌幅...
当前日期小于下一个交易日，更新next_change字段
沪市股票: 57 只, 深市股票: 58 只
沪市行情返回: True
成功获取沪市行情: 57 只
深市行情返回: True
成功获取深市行情: 58 只
✓ 更新了 115 只股票的次日涨跌幅
✓ 更新了 115 只昨日涨停股票的次日涨跌幅

✓ 数据保存成功！
  涨停总数: 53
  首板: 42
  2连板: 9
  3连板: 1
  4连板: 1
  5连板+: 0

================================================================================
✓ 数据爬取完成！总耗时: 1.16 秒
================================================================================
最新交易日查询结果: (datetime.date(2026, 5, 25),)
最新交易日: 2026-05-25, 用户选择日期: 2026-05-25
满足实时获取条件: 当前日期 < 下一个交易日
实时获取昨日涨停股票涨跌幅，股票数量: 115
沪市股票: 57 只, 深市股票: 58 只
沪市行情返回: True
成功获取沪市行情: 57 只
深市行情返回: True
成功获取深市行情: 58 只
[心跳] 同花顺会话保持成功

================================================================================
开始爬取 20260525 的数据...
================================================================================
✓ 已备份 0 只股票的next_change字段
✓ 已删除 20260525 的旧数据

从同花顺获取 20260525 的数据...
✓ 同花顺涨停梯队接口获取到 3 个梯队数据
✓ 同花顺涨停池接口获取到 53 只股票
✓ 同花顺板块强度接口获取到 20 个板块

保存板块数据...
✓ 保存了 20 个板块数据

处理涨停梯队数据...
✓ 从涨停梯队获取了 43 只股票的连板数

处理同花顺涨停池数据: 53 只股票

从同花顺数据构建股票列表...
✓ 构建了 53 只股票的DataFrame

处理 53 只涨停股...

更新昨日涨停股票的次日涨跌幅...
当前日期小于下一个交易日，更新next_change字段
沪市股票: 57 只, 深市股票: 58 只
沪市行情返回: True
成功获取沪市行情: 57 只
深市行情返回: True
成功获取深市行情: 58 只
✓ 更新了 115 只股票的次日涨跌幅
✓ 更新了 115 只昨日涨停股票的次日涨跌幅

✓ 数据保存成功！
  涨停总数: 53
  首板: 41
  2连板: 10
  3连板: 1
  4连板: 1
  5连板+: 0

================================================================================
✓ 数据爬取完成！总耗时: 1.04 秒
================================================================================
最新交易日查询结果: (datetime.date(2026, 5, 25),)
最新交易日: 2026-05-25, 用户选择日期: 2026-05-25
满足实时获取条件: 当前日期 < 下一个交易日
实时获取昨日涨停股票涨跌幅，股票数量: 115
沪市股票: 57 只, 深市股票: 58 只
沪市行情返回: True
成功获取沪市行情: 57 只
深市行情返回: True
成功获取深市行情: 58 只
[心跳] 同花顺会话保持成功

================================================================================
开始爬取 20260525 的数据...
================================================================================
✓ 已备份 0 只股票的next_change字段
✓ 已删除 20260525 的旧数据

从同花顺获取 20260525 的数据...
✓ 同花顺涨停梯队接口获取到 3 个梯队数据
✓ 同花顺涨停池接口获取到 57 只股票
✓ 同花顺板块强度接口获取到 20 个板块

保存板块数据...
✓ 保存了 20 个板块数据

处理涨停梯队数据...
✓ 从涨停梯队获取了 46 只股票的连板数

处理同花顺涨停池数据: 57 只股票

从同花顺数据构建股票列表...
✓ 构建了 57 只股票的DataFrame

处理 57 只涨停股...

更新昨日涨停股票的次日涨跌幅...
当前日期小于下一个交易日，更新next_change字段
沪市股票: 57 只, 深市股票: 58 只
沪市行情返回: True
成功获取沪市行情: 57 只
深市行情返回: True
成功获取深市行情: 58 只
✓ 更新了 115 只股票的次日涨跌幅
✓ 更新了 115 只昨日涨停股票的次日涨跌幅

✓ 数据保存成功！
  涨停总数: 57
  首板: 45
  2连板: 10
  3连板: 1
  4连板: 1
  5连板+: 0

================================================================================
✓ 数据爬取完成！总耗时: 0.85 秒
================================================================================
最新交易日查询结果: (datetime.date(2026, 5, 25),)
最新交易日: 2026-05-25, 用户选择日期: 2026-05-25
满足实时获取条件: 当前日期 < 下一个交易日
实时获取昨日涨停股票涨跌幅，股票数量: 115
沪市股票: 57 只, 深市股票: 58 只
沪市行情返回: True
成功获取沪市行情: 57 只
深市行情返回: True
成功获取深市行情: 58 只
[心跳] 同花顺会话保持成功

================================================================================
开始爬取 20260525 的数据...
================================================================================
✓ 已备份 0 只股票的next_change字段
✓ 已删除 20260525 的旧数据

从同花顺获取 20260525 的数据...
✓ 同花顺涨停梯队接口获取到 3 个梯队数据
✓ 同花顺涨停池接口获取到 56 只股票
✓ 同花顺板块强度接口获取到 20 个板块

保存板块数据...
✓ 保存了 20 个板块数据

处理涨停梯队数据...
✓ 从涨停梯队获取了 45 只股票的连板数

处理同花顺涨停池数据: 56 只股票

从同花顺数据构建股票列表...
✓ 构建了 56 只股票的DataFrame

处理 56 只涨停股...

更新昨日涨停股票的次日涨跌幅...
当前日期小于下一个交易日，更新next_change字段
沪市股票: 57 只, 深市股票: 58 只
沪市行情返回: True
成功获取沪市行情: 57 只
深市行情返回: True
成功获取深市行情: 58 只
✓ 更新了 115 只股票的次日涨跌幅
✓ 更新了 115 只昨日涨停股票的次日涨跌幅

✓ 数据保存成功！
  涨停总数: 56
  首板: 44
  2连板: 10
  3连板: 1
  4连板: 1
  5连板+: 0

================================================================================
✓ 数据爬取完成！总耗时: 1.14 秒
================================================================================
最新交易日查询结果: (datetime.date(2026, 5, 25),)
最新交易日: 2026-05-25, 用户选择日期: 2026-05-25
满足实时获取条件: 当前日期 < 下一个交易日
实时获取昨日涨停股票涨跌幅，股票数量: 115
沪市股票: 57 只, 深市股票: 58 只
沪市行情返回: True
成功获取沪市行情: 57 只
深市行情返回: True
成功获取深市行情: 58 只
[心跳] 同花顺会话保持成功

================================================================================
开始爬取 20260525 的数据...
================================================================================
✓ 已备份 0 只股票的next_change字段
2026-05-25 10:09:13,707 - werkzeug - INFO - 127.0.0.1 - - [25/May/2026 10:09:13] "POST /api/refresh HTTP/1.1" 200 -
2026-05-25 10:09:13,822 - werkzeug - INFO - 127.0.0.1 - - [25/May/2026 10:09:13] "GET /api/stock-diff/load/20260525 HTTP/1.1" 200 -
2026-05-25 10:09:13,823 - werkzeug - INFO - 127.0.0.1 - - [25/May/2026 10:09:13] "GET /api/block-strength/continuous?date=20260525 HTTP/1.1" 200 -
2026-05-25 10:09:13,902 - werkzeug - INFO - 127.0.0.1 - - [25/May/2026 10:09:13] "OPTIONS /api/data/20260525 HTTP/1.1" 200 -
2026-05-25 10:09:13,971 - werkzeug - INFO - 127.0.0.1 - - [25/May/2026 10:09:13] "GET /api/data/20260525 HTTP/1.1" 200 -
2026-05-25 10:09:14,052 - werkzeug - INFO - 127.0.0.1 - - [25/May/2026 10:09:14] "GET /api/ladder-comparison/20260525 HTTP/1.1" 200 -
2026-05-25 10:10:12,729 - werkzeug - INFO - 127.0.0.1 - - [25/May/2026 10:10:12] "OPTIONS /api/refresh HTTP/1.1" 200 -
2026-05-25 10:10:13,777 - werkzeug - INFO - 127.0.0.1 - - [25/May/2026 10:10:13] "POST /api/refresh HTTP/1.1" 200 -
2026-05-25 10:10:13,878 - werkzeug - INFO - 127.0.0.1 - - [25/May/2026 10:10:13] "GET /api/stock-diff/load/20260525 HTTP/1.1" 200 -
2026-05-25 10:10:13,885 - werkzeug - INFO - 127.0.0.1 - - [25/May/2026 10:10:13] "GET /api/block-strength/continuous?date=20260525 HTTP/1.1" 200 -
2026-05-25 10:10:13,934 - werkzeug - INFO - 127.0.0.1 - - [25/May/2026 10:10:13] "OPTIONS /api/data/20260525 HTTP/1.1" 200 -
2026-05-25 10:10:13,978 - werkzeug - INFO - 127.0.0.1 - - [25/May/2026 10:10:13] "GET /api/data/20260525 HTTP/1.1" 200 -
2026-05-25 10:10:14,100 - werkzeug - INFO - 127.0.0.1 - - [25/May/2026 10:10:14] "GET /api/ladder-comparison/20260525 HTTP/1.1" 200 -
2026-05-25 10:11:12,725 - werkzeug - INFO - 127.0.0.1 - - [25/May/2026 10:11:12] "OPTIONS /api/refresh HTTP/1.1" 200 -
2026-05-25 10:11:13,733 - werkzeug - INFO - 127.0.0.1 - - [25/May/2026 10:11:13] "POST /api/refresh HTTP/1.1" 200 -
2026-05-25 10:11:13,851 - werkzeug - INFO - 127.0.0.1 - - [25/May/2026 10:11:13] "GET /api/stock-diff/load/20260525 HTTP/1.1" 200 -
2026-05-25 10:11:13,858 - werkzeug - INFO - 127.0.0.1 - - [25/May/2026 10:11:13] "GET /api/block-strength/continuous?date=20260525 HTTP/1.1" 200 -
2026-05-25 10:11:13,905 - werkzeug - INFO - 127.0.0.1 - - [25/May/2026 10:11:13] "OPTIONS /api/data/20260525 HTTP/1.1" 200 -
2026-05-25 10:11:13,943 - werkzeug - INFO - 127.0.0.1 - - [25/May/2026 10:11:13] "GET /api/data/20260525 HTTP/1.1" 200 -
2026-05-25 10:11:14,076 - werkzeug - INFO - 127.0.0.1 - - [25/May/2026 10:11:14] "GET /api/ladder-comparison/20260525 HTTP/1.1" 200 -
2026-05-25 10:12:12,727 - werkzeug - INFO - 127.0.0.1 - - [25/May/2026 10:12:12] "OPTIONS /api/refresh HTTP/1.1" 200 -
2026-05-25 10:12:13,726 - werkzeug - INFO - 127.0.0.1 - - [25/May/2026 10:12:13] "POST /api/refresh HTTP/1.1" 200 -
2026-05-25 10:12:13,817 - werkzeug - INFO - 127.0.0.1 - - [25/May/2026 10:12:13] "GET /api/stock-diff/load/20260525 HTTP/1.1" 200 -
2026-05-25 10:12:13,820 - werkzeug - INFO - 127.0.0.1 - - [25/May/2026 10:12:13] "GET /api/block-strength/continuous?date=20260525 HTTP/1.1" 200 -
2026-05-25 10:12:13,864 - werkzeug - INFO - 127.0.0.1 - - [25/May/2026 10:12:13] "OPTIONS /api/data/20260525 HTTP/1.1" 200 -
2026-05-25 10:12:13,960 - werkzeug - INFO - 127.0.0.1 - - [25/May/2026 10:12:13] "GET /api/data/20260525 HTTP/1.1" 200 -
2026-05-25 10:12:14,084 - werkzeug - INFO - 127.0.0.1 - - [25/May/2026 10:12:14] "GET /api/ladder-comparison/20260525 HTTP/1.1" 200 -
2026-05-25 10:13:27,722 - werkzeug - INFO - 127.0.0.1 - - [25/May/2026 10:13:27] "OPTIONS /api/refresh HTTP/1.1" 200 -
✓ 已删除 20260525 的旧数据

从同花顺获取 20260525 的数据...
✓ 同花顺涨停梯队接口获取到 3 个梯队数据
✓ 同花顺涨停池接口获取到 58 只股票
✓ 同花顺板块强度接口获取到 20 个板块

保存板块数据...
✓ 保存了 20 个板块数据

处理涨停梯队数据...
✓ 从涨停梯队获取了 49 只股票的连板数

处理同花顺涨停池数据: 58 只股票

从同花顺数据构建股票列表...
✓ 构建了 58 只股票的DataFrame

处理 58 只涨停股...

更新昨日涨停股票的次日涨跌幅...
当前日期小于下一个交易日，更新next_change字段
沪市股票: 57 只, 深市股票: 58 只
沪市行情返回: True
成功获取沪市行情: 57 只
深市行情返回: True
成功获取深市行情: 58 只
✓ 更新了 115 只股票的次日涨跌幅
✓ 更新了 115 只昨日涨停股票的次日涨跌幅

✓ 数据保存成功！
  涨停总数: 58
  首板: 43
  2连板: 13
  3连板: 1
  4连板: 1
  5连板+: 0

================================================================================
✓ 数据爬取完成！总耗时: 0.97 秒
================================================================================
最新交易日查询结果: (datetime.date(2026, 5, 25),)
最新交易日: 2026-05-25, 用户选择日期: 2026-05-25
满足实时获取条件: 当前日期 < 下一个交易日
实时获取昨日涨停股票涨跌幅，股票数量: 115
沪市股票: 57 只, 深市股票: 58 只
沪市行情返回: True
成功获取沪市行情: 57 只
深市行情返回: True
成功获取深市行情: 58 只
[心跳] 同花顺会话保持成功
[财联社同步] 新增 2 条新闻，更新 0 条

================================================================================
开始爬取 20260525 的数据...
================================================================================
✓ 已备份 0 只股票的next_change字段
✓ 已删除 20260525 的旧数据

从同花顺获取 20260525 的数据...
✓ 同花顺涨停梯队接口获取到 3 个梯队数据
✓ 同花顺涨停池接口获取到 57 只股票
✓ 同花顺板块强度接口获取到 20 个板块

保存板块数据...
✓ 保存了 20 个板块数据

处理涨停梯队数据...
✓ 从涨停梯队获取了 48 只股票的连板数

处理同花顺涨停池数据: 57 只股票

从同花顺数据构建股票列表...
✓ 构建了 57 只股票的DataFrame

处理 57 只涨停股...

更新昨日涨停股票的次日涨跌幅...
当前日期小于下一个交易日，更新next_change字段
沪市股票: 57 只, 深市股票: 58 只
沪市行情返回: True
成功获取沪市行情: 57 只
深市行情返回: True
成功获取深市行情: 58 只
✓ 更新了 115 只股票的次日涨跌幅
✓ 更新了 115 只昨日涨停股票的次日涨跌幅

✓ 数据保存成功！
  涨停总数: 57
  首板: 42
  2连板: 13
  3连板: 1
  4连板: 1
  5连板+: 0

================================================================================
✓ 数据爬取完成！总耗时: 1.02 秒
================================================================================
最新交易日查询结果: (datetime.date(2026, 5, 25),)
最新交易日: 2026-05-25, 用户选择日期: 2026-05-25
满足实时获取条件: 当前日期 < 下一个交易日
实时获取昨日涨停股票涨跌幅，股票数量: 115
沪市股票: 57 只, 深市股票: 58 只
沪市行情返回: True
成功获取沪市行情: 57 只
深市行情返回: True
成功获取深市行情: 58 只
[心跳] 同花顺会话保持成功

================================================================================
开始爬取 20260525 的数据...
================================================================================
✓ 已备份 0 只股票的next_change字段
✓ 已删除 20260525 的旧数据

从同花顺获取 20260525 的数据...
✓ 同花顺涨停梯队接口获取到 3 个梯队数据
✓ 同花顺涨停池接口获取到 57 只股票
✓ 同花顺板块强度接口获取到 20 个板块

保存板块数据...
✓ 保存了 20 个板块数据

处理涨停梯队数据...
✓ 从涨停梯队获取了 48 只股票的连板数

处理同花顺涨停池数据: 57 只股票

从同花顺数据构建股票列表...
✓ 构建了 57 只股票的DataFrame

处理 57 只涨停股...

更新昨日涨停股票的次日涨跌幅...
当前日期小于下一个交易日，更新next_change字段
沪市股票: 57 只, 深市股票: 58 只
沪市行情返回: True
成功获取沪市行情: 57 只
深市行情返回: True
成功获取深市行情: 58 只
✓ 更新了 115 只股票的次日涨跌幅
✓ 更新了 115 只昨日涨停股票的次日涨跌幅

✓ 数据保存成功！
  涨停总数: 57
  首板: 42
  2连板: 13
  3连板: 1
  4连板: 1
  5连板+: 0

================================================================================
✓ 数据爬取完成！总耗时: 0.99 秒
================================================================================
最新交易日查询结果: (datetime.date(2026, 5, 25),)
最新交易日: 2026-05-25, 用户选择日期: 2026-05-25
满足实时获取条件: 当前日期 < 下一个交易日
实时获取昨日涨停股票涨跌幅，股票数量: 115
沪市股票: 57 只, 深市股票: 58 只
沪市行情返回: True
成功获取沪市行情: 57 只
深市行情返回: True
成功获取深市行情: 58 只
[心跳] 同花顺会话保持成功

================================================================================
开始爬取 20260525 的数据...
================================================================================
✓ 已备份 0 只股票的next_change字段
✓ 已删除 20260525 的旧数据

从同花顺获取 20260525 的数据...
✓ 同花顺涨停梯队接口获取到 3 个梯队数据
✓ 同花顺涨停池接口获取到 58 只股票
✓ 同花顺板块强度接口获取到 20 个板块

保存板块数据...
✓ 保存了 20 个板块数据

处理涨停梯队数据...
✓ 从涨停梯队获取了 48 只股票的连板数

处理同花顺涨停池数据: 58 只股票

从同花顺数据构建股票列表...
✓ 构建了 58 只股票的DataFrame

处理 58 只涨停股...

更新昨日涨停股票的次日涨跌幅...
当前日期小于下一个交易日，更新next_change字段
沪市股票: 57 只, 深市股票: 58 只
沪市行情返回: True
成功获取沪市行情: 57 只
深市行情返回: True
成功获取深市行情: 58 只
✓ 更新了 115 只股票的次日涨跌幅
✓ 更新了 115 只昨日涨停股票的次日涨跌幅

✓ 数据保存成功！
  涨停总数: 58
  首板: 43
  2连板: 13
  3连板: 1
  4连板: 1
  5连板+: 0

================================================================================
✓ 数据爬取完成！总耗时: 0.94 秒
================================================================================
最新交易日查询结果: (datetime.date(2026, 5, 25),)
最新交易日: 2026-05-25, 用户选择日期: 2026-05-25
满足实时获取条件: 当前日期 < 下一个交易日
实时获取昨日涨停股票涨跌幅，股票数量: 115
沪市股票: 57 只, 深市股票: 58 只
沪市行情返回: True
成功获取沪市行情: 57 只
深市行情返回: True
成功获取深市行情: 58 只
[心跳] 同花顺会话保持成功

================================================================================
开始爬取 20260525 的数据...
================================================================================
✓ 已备份 0 只股票的next_change字段
✓ 已删除 20260525 的旧数据

从同花顺获取 20260525 的数据...
✓ 同花顺涨停梯队接口获取到 3 个梯队数据
✓ 同花顺涨停池接口获取到 58 只股票
✓ 同花顺板块强度接口获取到 20 个板块

保存板块数据...
✓ 保存了 20 个板块数据

处理涨停梯队数据...
✓ 从涨停梯队获取了 50 只股票的连板数

处理同花顺涨停池数据: 58 只股票

从同花顺数据构建股票列表...
✓ 构建了 58 只股票的DataFrame
2026-05-25 10:13:28,538 - werkzeug - INFO - 127.0.0.1 - - [25/May/2026 10:13:28] "POST /api/refresh HTTP/1.1" 200 -
2026-05-25 10:13:28,635 - werkzeug - INFO - 127.0.0.1 - - [25/May/2026 10:13:28] "GET /api/stock-diff/load/20260525 HTTP/1.1" 200 -
2026-05-25 10:13:28,650 - werkzeug - INFO - 127.0.0.1 - - [25/May/2026 10:13:28] "GET /api/block-strength/continuous?date=20260525 HTTP/1.1" 200 -
2026-05-25 10:13:28,699 - werkzeug - INFO - 127.0.0.1 - - [25/May/2026 10:13:28] "OPTIONS /api/data/20260525 HTTP/1.1" 200 -
2026-05-25 10:13:28,749 - werkzeug - INFO - 127.0.0.1 - - [25/May/2026 10:13:28] "GET /api/data/20260525 HTTP/1.1" 200 -
2026-05-25 10:13:28,831 - werkzeug - INFO - 127.0.0.1 - - [25/May/2026 10:13:28] "GET /api/ladder-comparison/20260525 HTTP/1.1" 200 -
2026-05-25 10:13:57,722 - werkzeug - INFO - 127.0.0.1 - - [25/May/2026 10:13:57] "OPTIONS /api/refresh HTTP/1.1" 200 -
2026-05-25 10:13:58,828 - werkzeug - INFO - 127.0.0.1 - - [25/May/2026 10:13:58] "POST /api/refresh HTTP/1.1" 200 -
2026-05-25 10:13:58,921 - werkzeug - INFO - 127.0.0.1 - - [25/May/2026 10:13:58] "GET /api/stock-diff/load/20260525 HTTP/1.1" 200 -
2026-05-25 10:13:58,928 - werkzeug - INFO - 127.0.0.1 - - [25/May/2026 10:13:58] "GET /api/block-strength/continuous?date=20260525 HTTP/1.1" 200 -
2026-05-25 10:13:58,990 - werkzeug - INFO - 127.0.0.1 - - [25/May/2026 10:13:58] "OPTIONS /api/data/20260525 HTTP/1.1" 200 -
2026-05-25 10:13:59,024 - werkzeug - INFO - 127.0.0.1 - - [25/May/2026 10:13:59] "GET /api/data/20260525 HTTP/1.1" 200 -
2026-05-25 10:13:59,150 - werkzeug - INFO - 127.0.0.1 - - [25/May/2026 10:13:59] "GET /api/ladder-comparison/20260525 HTTP/1.1" 200 -
2026-05-25 10:14:43,722 - werkzeug - INFO - 127.0.0.1 - - [25/May/2026 10:14:43] "OPTIONS /api/refresh HTTP/1.1" 200 -
2026-05-25 10:14:44,603 - werkzeug - INFO - 127.0.0.1 - - [25/May/2026 10:14:44] "POST /api/refresh HTTP/1.1" 200 -
2026-05-25 10:14:44,707 - werkzeug - INFO - 127.0.0.1 - - [25/May/2026 10:14:44] "GET /api/stock-diff/load/20260525 HTTP/1.1" 200 -
2026-05-25 10:14:44,708 - werkzeug - INFO - 127.0.0.1 - - [25/May/2026 10:14:44] "GET /api/block-strength/continuous?date=20260525 HTTP/1.1" 200 -
2026-05-25 10:14:44,760 - werkzeug - INFO - 127.0.0.1 - - [25/May/2026 10:14:44] "OPTIONS /api/data/20260525 HTTP/1.1" 200 -
2026-05-25 10:14:44,803 - werkzeug - INFO - 127.0.0.1 - - [25/May/2026 10:14:44] "GET /api/data/20260525 HTTP/1.1" 200 -
2026-05-25 10:14:44,925 - werkzeug - INFO - 127.0.0.1 - - [25/May/2026 10:14:44] "GET /api/ladder-comparison/20260525 HTTP/1.1" 200 -
2026-05-25 10:15:13,722 - werkzeug - INFO - 127.0.0.1 - - [25/May/2026 10:15:13] "OPTIONS /api/refresh HTTP/1.1" 200 -
2026-05-25 10:15:14,581 - werkzeug - INFO - 127.0.0.1 - - [25/May/2026 10:15:14] "POST /api/refresh HTTP/1.1" 200 -
2026-05-25 10:15:14,698 - werkzeug - INFO - 127.0.0.1 - - [25/May/2026 10:15:14] "GET /api/stock-diff/load/20260525 HTTP/1.1" 200 -
2026-05-25 10:15:14,698 - werkzeug - INFO - 127.0.0.1 - - [25/May/2026 10:15:14] "GET /api/block-strength/continuous?date=20260525 HTTP/1.1" 200 -
2026-05-25 10:15:14,743 - werkzeug - INFO - 127.0.0.1 - - [25/May/2026 10:15:14] "OPTIONS /api/data/20260525 HTTP/1.1" 200 -
2026-05-25 10:15:14,775 - werkzeug - INFO - 127.0.0.1 - - [25/May/2026 10:15:14] "GET /api/data/20260525 HTTP/1.1" 200 -
2026-05-25 10:15:14,866 - werkzeug - INFO - 127.0.0.1 - - [25/May/2026 10:15:14] "GET /api/ladder-comparison/20260525 HTTP/1.1" 200 -
2026-05-25 10:15:43,720 - werkzeug - INFO - 127.0.0.1 - - [25/May/2026 10:15:43] "OPTIONS /api/refresh HTTP/1.1" 200 -

处理 58 只涨停股...

更新昨日涨停股票的次日涨跌幅...
当前日期小于下一个交易日，更新next_change字段
沪市股票: 57 只, 深市股票: 58 只
沪市行情返回: True
成功获取沪市行情: 57 只
深市行情返回: True
成功获取深市行情: 58 只
✓ 更新了 115 只股票的次日涨跌幅
✓ 更新了 115 只昨日涨停股票的次日涨跌幅

✓ 数据保存成功！
  涨停总数: 58
  首板: 42
  2连板: 14
  3连板: 1
  4连板: 1
  5连板+: 0

================================================================================
✓ 数据爬取完成！总耗时: 0.80 秒
================================================================================
最新交易日查询结果: (datetime.date(2026, 5, 25),)
最新交易日: 2026-05-25, 用户选择日期: 2026-05-25
满足实时获取条件: 当前日期 < 下一个交易日
实时获取昨日涨停股票涨跌幅，股票数量: 115
沪市股票: 57 只, 深市股票: 58 只
沪市行情返回: True
成功获取沪市行情: 57 只
深市行情返回: True
成功获取深市行情: 58 只

================================================================================
开始爬取 20260525 的数据...
================================================================================
✓ 已备份 0 只股票的next_change字段
✓ 已删除 20260525 的旧数据

从同花顺获取 20260525 的数据...
✓ 同花顺涨停梯队接口获取到 3 个梯队数据
✓ 同花顺涨停池接口获取到 60 只股票
✓ 同花顺板块强度接口获取到 20 个板块

保存板块数据...
✓ 保存了 20 个板块数据

处理涨停梯队数据...
✓ 从涨停梯队获取了 50 只股票的连板数

处理同花顺涨停池数据: 60 只股票

从同花顺数据构建股票列表...
✓ 构建了 60 只股票的DataFrame

处理 60 只涨停股...

更新昨日涨停股票的次日涨跌幅...
当前日期小于下一个交易日，更新next_change字段
沪市股票: 57 只, 深市股票: 58 只
沪市行情返回: True
成功获取沪市行情: 57 只
深市行情返回: True
成功获取深市行情: 58 只
✓ 更新了 115 只股票的次日涨跌幅
✓ 更新了 115 只昨日涨停股票的次日涨跌幅

✓ 数据保存成功！
  涨停总数: 60
  首板: 44
  2连板: 14
  3连板: 1
  4连板: 1
  5连板+: 0

================================================================================
✓ 数据爬取完成！总耗时: 1.09 秒
================================================================================
最新交易日查询结果: (datetime.date(2026, 5, 25),)
最新交易日: 2026-05-25, 用户选择日期: 2026-05-25
满足实时获取条件: 当前日期 < 下一个交易日
实时获取昨日涨停股票涨跌幅，股票数量: 115
沪市股票: 57 只, 深市股票: 58 只
沪市行情返回: True
成功获取沪市行情: 57 只
深市行情返回: True
成功获取深市行情: 58 只
[心跳] 同花顺会话保持成功

================================================================================
开始爬取 20260525 的数据...
================================================================================
✓ 已备份 0 只股票的next_change字段
✓ 已删除 20260525 的旧数据

从同花顺获取 20260525 的数据...
✓ 同花顺涨停梯队接口获取到 3 个梯队数据
✓ 同花顺涨停池接口获取到 61 只股票
✓ 同花顺板块强度接口获取到 20 个板块

保存板块数据...
✓ 保存了 20 个板块数据

处理涨停梯队数据...
✓ 从涨停梯队获取了 50 只股票的连板数

处理同花顺涨停池数据: 61 只股票

从同花顺数据构建股票列表...
✓ 构建了 61 只股票的DataFrame

处理 61 只涨停股...

更新昨日涨停股票的次日涨跌幅...
当前日期小于下一个交易日，更新next_change字段
沪市股票: 57 只, 深市股票: 58 只
沪市行情返回: True
成功获取沪市行情: 57 只
深市行情返回: True
成功获取深市行情: 58 只
✓ 更新了 115 只股票的次日涨跌幅
✓ 更新了 115 只昨日涨停股票的次日涨跌幅

✓ 数据保存成功！
  涨停总数: 61
  首板: 46
  2连板: 13
  3连板: 1
  4连板: 1
  5连板+: 0

================================================================================
✓ 数据爬取完成！总耗时: 0.87 秒
================================================================================
最新交易日查询结果: (datetime.date(2026, 5, 25),)
最新交易日: 2026-05-25, 用户选择日期: 2026-05-25
满足实时获取条件: 当前日期 < 下一个交易日
实时获取昨日涨停股票涨跌幅，股票数量: 115
沪市股票: 57 只, 深市股票: 58 只
沪市行情返回: True
成功获取沪市行情: 57 只
深市行情返回: True
成功获取深市行情: 58 只
[心跳] 同花顺会话保持成功
[财联社同步] 新增 4 条新闻，更新 0 条

================================================================================
开始爬取 20260525 的数据...
================================================================================
✓ 已备份 0 只股票的next_change字段
✓ 已删除 20260525 的旧数据

从同花顺获取 20260525 的数据...
✓ 同花顺涨停梯队接口获取到 3 个梯队数据
✓ 同花顺涨停池接口获取到 61 只股票
✓ 同花顺板块强度接口获取到 20 个板块

保存板块数据...
✓ 保存了 20 个板块数据

处理涨停梯队数据...
✓ 从涨停梯队获取了 50 只股票的连板数

处理同花顺涨停池数据: 61 只股票

从同花顺数据构建股票列表...
✓ 构建了 61 只股票的DataFrame

处理 61 只涨停股...

更新昨日涨停股票的次日涨跌幅...
当前日期小于下一个交易日，更新next_change字段
沪市股票: 57 只, 深市股票: 58 只
沪市行情返回: True
成功获取沪市行情: 57 只
深市行情返回: True
成功获取深市行情: 58 只
✓ 更新了 115 只股票的次日涨跌幅
✓ 更新了 115 只昨日涨停股票的次日涨跌幅

✓ 数据保存成功！
  涨停总数: 61
  首板: 45
  2连板: 14
  3连板: 1
  4连板: 1
  5连板+: 0

================================================================================
✓ 数据爬取完成！总耗时: 0.84 秒
================================================================================
最新交易日查询结果: (datetime.date(2026, 5, 25),)
最新交易日: 2026-05-25, 用户选择日期: 2026-05-25
满足实时获取条件: 当前日期 < 下一个交易日
实时获取昨日涨停股票涨跌幅，股票数量: 115
沪市股票: 57 只, 深市股票: 58 只
沪市行情返回: True
成功获取沪市行情: 57 只
深市行情返回: True
成功获取深市行情: 58 只

================================================================================
开始爬取 20260525 的数据...
================================================================================
✓ 已备份 0 只股票的next_change字段
✓ 已删除 20260525 的旧数据

从同花顺获取 20260525 的数据...
✓ 同花顺涨停梯队接口获取到 3 个梯队数据
✓ 同花顺涨停池接口获取到 62 只股票
✓ 同花顺板块强度接口获取到 20 个板块

保存板块数据...
✓ 保存了 20 个板块数据

处理涨停梯队数据...
✓ 从涨停梯队获取了 51 只股票的连板数

处理同花顺涨停池数据: 62 只股票

从同花顺数据构建股票列表...
✓ 构建了 62 只股票的DataFrame

处理 62 只涨停股...

更新昨日涨停股票的次日涨跌幅...
当前日期小于下一个交易日，更新next_change字段
沪市股票: 57 只, 深市股票: 58 只
沪市行情返回: True
成功获取沪市行情: 57 只
深市行情返回: True
成功获取深市行情: 58 只
✓ 更新了 115 只股票的次日涨跌幅
✓ 更新了 115 只昨日涨停股票的次日涨跌幅

✓ 数据保存成功！
  涨停总数: 62
  首板: 46
  2连板: 14
  3连板: 1
  4连板: 1
  5连板+: 0
2026-05-25 10:15:44,575 - werkzeug - INFO - 127.0.0.1 - - [25/May/2026 10:15:44] "POST /api/refresh HTTP/1.1" 200 -
2026-05-25 10:15:44,673 - werkzeug - INFO - 127.0.0.1 - - [25/May/2026 10:15:44] "GET /api/stock-diff/load/20260525 HTTP/1.1" 200 -
2026-05-25 10:15:44,681 - werkzeug - INFO - 127.0.0.1 - - [25/May/2026 10:15:44] "GET /api/block-strength/continuous?date=20260525 HTTP/1.1" 200 -
2026-05-25 10:15:44,730 - werkzeug - INFO - 127.0.0.1 - - [25/May/2026 10:15:44] "OPTIONS /api/data/20260525 HTTP/1.1" 200 -
2026-05-25 10:15:44,775 - werkzeug - INFO - 127.0.0.1 - - [25/May/2026 10:15:44] "GET /api/data/20260525 HTTP/1.1" 200 -
2026-05-25 10:15:44,853 - werkzeug - INFO - 127.0.0.1 - - [25/May/2026 10:15:44] "GET /api/ladder-comparison/20260525 HTTP/1.1" 200 -
2026-05-25 10:16:13,721 - werkzeug - INFO - 127.0.0.1 - - [25/May/2026 10:16:13] "OPTIONS /api/refresh HTTP/1.1" 200 -
2026-05-25 10:16:14,567 - werkzeug - INFO - 127.0.0.1 - - [25/May/2026 10:16:14] "POST /api/refresh HTTP/1.1" 200 -
2026-05-25 10:16:14,652 - werkzeug - INFO - 127.0.0.1 - - [25/May/2026 10:16:14] "GET /api/stock-diff/load/20260525 HTTP/1.1" 200 -
2026-05-25 10:16:14,655 - werkzeug - INFO - 127.0.0.1 - - [25/May/2026 10:16:14] "GET /api/block-strength/continuous?date=20260525 HTTP/1.1" 200 -
2026-05-25 10:16:14,695 - werkzeug - INFO - 127.0.0.1 - - [25/May/2026 10:16:14] "OPTIONS /api/data/20260525 HTTP/1.1" 200 -
2026-05-25 10:16:14,798 - werkzeug - INFO - 127.0.0.1 - - [25/May/2026 10:16:14] "GET /api/data/20260525 HTTP/1.1" 200 -
2026-05-25 10:16:14,930 - werkzeug - INFO - 127.0.0.1 - - [25/May/2026 10:16:14] "GET /api/ladder-comparison/20260525 HTTP/1.1" 200 -
2026-05-25 10:16:43,721 - werkzeug - INFO - 127.0.0.1 - - [25/May/2026 10:16:43] "OPTIONS /api/refresh HTTP/1.1" 200 -
2026-05-25 10:16:44,723 - werkzeug - INFO - 127.0.0.1 - - [25/May/2026 10:16:44] "POST /api/refresh HTTP/1.1" 200 -
2026-05-25 10:16:44,840 - werkzeug - INFO - 127.0.0.1 - - [25/May/2026 10:16:44] "GET /api/stock-diff/load/20260525 HTTP/1.1" 200 -
2026-05-25 10:16:44,841 - werkzeug - INFO - 127.0.0.1 - - [25/May/2026 10:16:44] "GET /api/block-strength/continuous?date=20260525 HTTP/1.1" 200 -
2026-05-25 10:16:44,895 - werkzeug - INFO - 127.0.0.1 - - [25/May/2026 10:16:44] "OPTIONS /api/data/20260525 HTTP/1.1" 200 -
2026-05-25 10:16:44,942 - werkzeug - INFO - 127.0.0.1 - - [25/May/2026 10:16:44] "GET /api/data/20260525 HTTP/1.1" 200 -
2026-05-25 10:16:45,054 - werkzeug - INFO - 127.0.0.1 - - [25/May/2026 10:16:45] "GET /api/ladder-comparison/20260525 HTTP/1.1" 200 -
2026-05-25 10:18:12,725 - werkzeug - INFO - 127.0.0.1 - - [25/May/2026 10:18:12] "OPTIONS /api/refresh HTTP/1.1" 200 -
2026-05-25 10:18:13,764 - werkzeug - INFO - 127.0.0.1 - - [25/May/2026 10:18:13] "POST /api/refresh HTTP/1.1" 200 -
2026-05-25 10:18:13,874 - werkzeug - INFO - 127.0.0.1 - - [25/May/2026 10:18:13] "GET /api/stock-diff/load/20260525 HTTP/1.1" 200 -
2026-05-25 10:18:13,876 - werkzeug - INFO - 127.0.0.1 - - [25/May/2026 10:18:13] "GET /api/block-strength/continuous?date=20260525 HTTP/1.1" 200 -
2026-05-25 10:18:13,941 - werkzeug - INFO - 127.0.0.1 - - [25/May/2026 10:18:13] "OPTIONS /api/data/20260525 HTTP/1.1" 200 -
2026-05-25 10:18:13,972 - werkzeug - INFO - 127.0.0.1 - - [25/May/2026 10:18:13] "GET /api/data/20260525 HTTP/1.1" 200 -
2026-05-25 10:18:14,067 - werkzeug - INFO - 127.0.0.1 - - [25/May/2026 10:18:14] "GET /api/ladder-comparison/20260525 HTTP/1.1" 200 -
2026-05-25 10:19:12,725 - werkzeug - INFO - 127.0.0.1 - - [25/May/2026 10:19:12] "OPTIONS /api/refresh HTTP/1.1" 200 -
2026-05-25 10:19:13,607 - werkzeug - INFO - 127.0.0.1 - - [25/May/2026 10:19:13] "POST /api/refresh HTTP/1.1" 200 -
2026-05-25 10:19:13,723 - werkzeug - INFO - 127.0.0.1 - - [25/May/2026 10:19:13] "GET /api/stock-diff/load/20260525 HTTP/1.1" 200 -
2026-05-25 10:19:13,731 - werkzeug - INFO - 127.0.0.1 - - [25/May/2026 10:19:13] "GET /api/block-strength/continuous?date=20260525 HTTP/1.1" 200 -
2026-05-25 10:19:13,775 - werkzeug - INFO - 127.0.0.1 - - [25/May/2026 10:19:13] "OPTIONS /api/data/20260525 HTTP/1.1" 200 -
2026-05-25 10:19:13,823 - werkzeug - INFO - 127.0.0.1 - - [25/May/2026 10:19:13] "GET /api/data/20260525 HTTP/1.1" 200 -

================================================================================
✓ 数据爬取完成！总耗时: 0.84 秒
================================================================================
最新交易日查询结果: (datetime.date(2026, 5, 25),)
最新交易日: 2026-05-25, 用户选择日期: 2026-05-25
满足实时获取条件: 当前日期 < 下一个交易日
实时获取昨日涨停股票涨跌幅，股票数量: 115
沪市股票: 57 只, 深市股票: 58 只
沪市行情返回: True
成功获取沪市行情: 57 只
深市行情返回: True
成功获取深市行情: 58 只
[心跳] 同花顺会话保持成功

================================================================================
开始爬取 20260525 的数据...
================================================================================
✓ 已备份 0 只股票的next_change字段
✓ 已删除 20260525 的旧数据

从同花顺获取 20260525 的数据...
✓ 同花顺涨停梯队接口获取到 3 个梯队数据
✓ 同花顺涨停池接口获取到 63 只股票
✓ 同花顺板块强度接口获取到 20 个板块

保存板块数据...
✓ 保存了 20 个板块数据

处理涨停梯队数据...
✓ 从涨停梯队获取了 53 只股票的连板数

处理同花顺涨停池数据: 63 只股票

从同花顺数据构建股票列表...
✓ 构建了 63 只股票的DataFrame

处理 63 只涨停股...

更新昨日涨停股票的次日涨跌幅...
当前日期小于下一个交易日，更新next_change字段
沪市股票: 57 只, 深市股票: 58 只
沪市行情返回: True
成功获取沪市行情: 57 只
深市行情返回: True
成功获取深市行情: 58 只
✓ 更新了 115 只股票的次日涨跌幅
✓ 更新了 115 只昨日涨停股票的次日涨跌幅

✓ 数据保存成功！
  涨停总数: 63
  首板: 47
  2连板: 14
  3连板: 1
  4连板: 1
  5连板+: 0

================================================================================
✓ 数据爬取完成！总耗时: 0.83 秒
================================================================================
最新交易日查询结果: (datetime.date(2026, 5, 25),)
最新交易日: 2026-05-25, 用户选择日期: 2026-05-25
满足实时获取条件: 当前日期 < 下一个交易日
实时获取昨日涨停股票涨跌幅，股票数量: 115
沪市股票: 57 只, 深市股票: 58 只
沪市行情返回: True
成功获取沪市行情: 57 只
深市行情返回: True
成功获取深市行情: 58 只

================================================================================
开始爬取 20260525 的数据...
================================================================================
✓ 已备份 0 只股票的next_change字段
✓ 已删除 20260525 的旧数据

从同花顺获取 20260525 的数据...
✓ 同花顺涨停梯队接口获取到 3 个梯队数据
✓ 同花顺涨停池接口获取到 63 只股票
✓ 同花顺板块强度接口获取到 20 个板块

保存板块数据...
✓ 保存了 20 个板块数据

处理涨停梯队数据...
✓ 从涨停梯队获取了 53 只股票的连板数

处理同花顺涨停池数据: 63 只股票

从同花顺数据构建股票列表...
✓ 构建了 63 只股票的DataFrame

处理 63 只涨停股...

更新昨日涨停股票的次日涨跌幅...
当前日期小于下一个交易日，更新next_change字段
沪市股票: 57 只, 深市股票: 58 只
沪市行情返回: True
成功获取沪市行情: 57 只
深市行情返回: True
成功获取深市行情: 58 只
✓ 更新了 115 只股票的次日涨跌幅
✓ 更新了 115 只昨日涨停股票的次日涨跌幅

✓ 数据保存成功！
  涨停总数: 63
  首板: 47
  2连板: 14
  3连板: 1
  4连板: 1
  5连板+: 0

================================================================================
✓ 数据爬取完成！总耗时: 0.99 秒
================================================================================
最新交易日查询结果: (datetime.date(2026, 5, 25),)
最新交易日: 2026-05-25, 用户选择日期: 2026-05-25
满足实时获取条件: 当前日期 < 下一个交易日
实时获取昨日涨停股票涨跌幅，股票数量: 115
沪市股票: 57 只, 深市股票: 58 只
沪市行情返回: True
成功获取沪市行情: 57 只
深市行情返回: True
成功获取深市行情: 58 只
[心跳] 同花顺会话保持成功
[心跳] 同花顺会话保持成功

================================================================================
开始爬取 20260525 的数据...
================================================================================
✓ 已备份 0 只股票的next_change字段
✓ 已删除 20260525 的旧数据

从同花顺获取 20260525 的数据...
✓ 同花顺涨停梯队接口获取到 3 个梯队数据
✓ 同花顺涨停池接口获取到 63 只股票
✓ 同花顺板块强度接口获取到 20 个板块

保存板块数据...
✓ 保存了 20 个板块数据

处理涨停梯队数据...
✓ 从涨停梯队获取了 53 只股票的连板数

处理同花顺涨停池数据: 63 只股票

从同花顺数据构建股票列表...
✓ 构建了 63 只股票的DataFrame

处理 63 只涨停股...

更新昨日涨停股票的次日涨跌幅...
当前日期小于下一个交易日，更新next_change字段
沪市股票: 57 只, 深市股票: 58 只
沪市行情返回: True
成功获取沪市行情: 57 只
深市行情返回: True
成功获取深市行情: 58 只
✓ 更新了 115 只股票的次日涨跌幅
✓ 更新了 115 只昨日涨停股票的次日涨跌幅

✓ 数据保存成功！
  涨停总数: 63
  首板: 47
  2连板: 14
  3连板: 1
  4连板: 1
  5连板+: 0

================================================================================
✓ 数据爬取完成！总耗时: 1.00 秒
================================================================================
最新交易日查询结果: (datetime.date(2026, 5, 25),)
最新交易日: 2026-05-25, 用户选择日期: 2026-05-25
满足实时获取条件: 当前日期 < 下一个交易日
实时获取昨日涨停股票涨跌幅，股票数量: 115
沪市股票: 57 只, 深市股票: 58 只
沪市行情返回: True
成功获取沪市行情: 57 只
深市行情返回: True
成功获取深市行情: 58 只
[心跳] 同花顺会话保持成功

================================================================================
开始爬取 20260525 的数据...
================================================================================
✓ 已备份 0 只股票的next_change字段
✓ 已删除 20260525 的旧数据

从同花顺获取 20260525 的数据...
✓ 同花顺涨停梯队接口获取到 3 个梯队数据
✓ 同花顺涨停池接口获取到 63 只股票
✓ 同花顺板块强度接口获取到 20 个板块

保存板块数据...
✓ 保存了 20 个板块数据

处理涨停梯队数据...
✓ 从涨停梯队获取了 55 只股票的连板数

处理同花顺涨停池数据: 63 只股票

从同花顺数据构建股票列表...
✓ 构建了 63 只股票的DataFrame

处理 63 只涨停股...

更新昨日涨停股票的次日涨跌幅...
当前日期小于下一个交易日，更新next_change字段
沪市股票: 57 只, 深市股票: 58 只
沪市行情返回: True
成功获取沪市行情: 57 只
深市行情返回: True
成功获取深市行情: 58 只
✓ 更新了 115 只股票的次日涨跌幅
✓ 更新了 115 只昨日涨停股票的次日涨跌幅

✓ 数据保存成功！
  涨停总数: 63
  首板: 47
  2连板: 14
  3连板: 1
  4连板: 1
  5连板+: 0

================================================================================
✓ 数据爬取完成！总耗时: 0.85 秒
================================================================================
最新交易日查询结果: (datetime.date(2026, 5, 25),)
最新交易日: 2026-05-25, 用户选择日期: 2026-05-25
满足实时获取条件: 当前日期 < 下一个交易日
实时获取昨日涨停股票涨跌幅，股票数量: 115
沪市股票: 57 只, 深市股票: 58 只
沪市行情返回: True
成功获取沪市行情: 57 只
2026-05-25 10:19:13,939 - werkzeug - INFO - 127.0.0.1 - - [25/May/2026 10:19:13] "GET /api/ladder-comparison/20260525 HTTP/1.1" 200 -
2026-05-25 10:20:12,728 - werkzeug - INFO - 127.0.0.1 - - [25/May/2026 10:20:12] "OPTIONS /api/refresh HTTP/1.1" 200 -
2026-05-25 10:20:13,648 - werkzeug - INFO - 127.0.0.1 - - [25/May/2026 10:20:13] "POST /api/refresh HTTP/1.1" 200 -
2026-05-25 10:20:13,740 - werkzeug - INFO - 127.0.0.1 - - [25/May/2026 10:20:13] "GET /api/stock-diff/load/20260525 HTTP/1.1" 200 -
2026-05-25 10:20:13,742 - werkzeug - INFO - 127.0.0.1 - - [25/May/2026 10:20:13] "GET /api/block-strength/continuous?date=20260525 HTTP/1.1" 200 -
2026-05-25 10:20:13,783 - werkzeug - INFO - 127.0.0.1 - - [25/May/2026 10:20:13] "OPTIONS /api/data/20260525 HTTP/1.1" 200 -
2026-05-25 10:20:13,814 - werkzeug - INFO - 127.0.0.1 - - [25/May/2026 10:20:13] "GET /api/data/20260525 HTTP/1.1" 200 -
2026-05-25 10:20:13,968 - werkzeug - INFO - 127.0.0.1 - - [25/May/2026 10:20:13] "GET /api/ladder-comparison/20260525 HTTP/1.1" 200 -
2026-05-25 10:21:12,735 - werkzeug - INFO - 127.0.0.1 - - [25/May/2026 10:21:12] "OPTIONS /api/refresh HTTP/1.1" 200 -
2026-05-25 10:21:14,431 - werkzeug - INFO - 127.0.0.1 - - [25/May/2026 10:21:14] "POST /api/refresh HTTP/1.1" 200 -
2026-05-25 10:21:14,533 - werkzeug - INFO - 127.0.0.1 - - [25/May/2026 10:21:14] "GET /api/stock-diff/load/20260525 HTTP/1.1" 200 -
2026-05-25 10:21:14,542 - werkzeug - INFO - 127.0.0.1 - - [25/May/2026 10:21:14] "GET /api/block-strength/continuous?date=20260525 HTTP/1.1" 200 -
2026-05-25 10:21:14,604 - werkzeug - INFO - 127.0.0.1 - - [25/May/2026 10:21:14] "OPTIONS /api/data/20260525 HTTP/1.1" 200 -
2026-05-25 10:21:14,647 - werkzeug - INFO - 127.0.0.1 - - [25/May/2026 10:21:14] "GET /api/data/20260525 HTTP/1.1" 200 -
2026-05-25 10:21:14,739 - werkzeug - INFO - 127.0.0.1 - - [25/May/2026 10:21:14] "GET /api/ladder-comparison/20260525 HTTP/1.1" 200 -
2026-05-25 10:22:12,723 - werkzeug - INFO - 127.0.0.1 - - [25/May/2026 10:22:12] "OPTIONS /api/refresh HTTP/1.1" 200 -
2026-05-25 10:22:13,823 - werkzeug - INFO - 127.0.0.1 - - [25/May/2026 10:22:13] "POST /api/refresh HTTP/1.1" 200 -
2026-05-25 10:22:13,957 - werkzeug - INFO - 127.0.0.1 - - [25/May/2026 10:22:13] "GET /api/stock-diff/load/20260525 HTTP/1.1" 200 -
2026-05-25 10:22:13,962 - werkzeug - INFO - 127.0.0.1 - - [25/May/2026 10:22:13] "GET /api/block-strength/continuous?date=20260525 HTTP/1.1" 200 -
2026-05-25 10:22:14,016 - werkzeug - INFO - 127.0.0.1 - - [25/May/2026 10:22:14] "OPTIONS /api/data/20260525 HTTP/1.1" 200 -
2026-05-25 10:22:14,072 - werkzeug - INFO - 127.0.0.1 - - [25/May/2026 10:22:14] "GET /api/data/20260525 HTTP/1.1" 200 -
2026-05-25 10:22:14,202 - werkzeug - INFO - 127.0.0.1 - - [25/May/2026 10:22:14] "GET /api/ladder-comparison/20260525 HTTP/1.1" 200 -
2026-05-25 10:23:12,722 - werkzeug - INFO - 127.0.0.1 - - [25/May/2026 10:23:12] "OPTIONS /api/refresh HTTP/1.1" 200 -
2026-05-25 10:23:13,709 - werkzeug - INFO - 127.0.0.1 - - [25/May/2026 10:23:13] "POST /api/refresh HTTP/1.1" 200 -
2026-05-25 10:23:13,831 - werkzeug - INFO - 127.0.0.1 - - [25/May/2026 10:23:13] "GET /api/stock-diff/load/20260525 HTTP/1.1" 200 -
2026-05-25 10:23:13,840 - werkzeug - INFO - 127.0.0.1 - - [25/May/2026 10:23:13] "GET /api/block-strength/continuous?date=20260525 HTTP/1.1" 200 -
2026-05-25 10:23:13,913 - werkzeug - INFO - 127.0.0.1 - - [25/May/2026 10:23:13] "OPTIONS /api/data/20260525 HTTP/1.1" 200 -
2026-05-25 10:23:13,973 - werkzeug - INFO - 127.0.0.1 - - [25/May/2026 10:23:13] "GET /api/data/20260525 HTTP/1.1" 200 -
2026-05-25 10:23:14,044 - werkzeug - INFO - 127.0.0.1 - - [25/May/2026 10:23:14] "GET /api/ladder-comparison/20260525 HTTP/1.1" 200 -
2026-05-25 10:24:12,720 - werkzeug - INFO - 127.0.0.1 - - [25/May/2026 10:24:12] "OPTIONS /api/refresh HTTP/1.1" 200 -
深市行情返回: True
成功获取深市行情: 58 只
[心跳] 同花顺会话保持成功
[财联社同步] 新增 2 条新闻，更新 0 条

================================================================================
开始爬取 20260525 的数据...
================================================================================
✓ 已备份 0 只股票的next_change字段
✓ 已删除 20260525 的旧数据

从同花顺获取 20260525 的数据...
✓ 同花顺涨停梯队接口获取到 3 个梯队数据
✓ 同花顺涨停池接口获取到 62 只股票
✓ 同花顺板块强度接口获取到 20 个板块

保存板块数据...
✓ 保存了 20 个板块数据

处理涨停梯队数据...
✓ 从涨停梯队获取了 55 只股票的连板数

处理同花顺涨停池数据: 62 只股票

从同花顺数据构建股票列表...
✓ 构建了 62 只股票的DataFrame

处理 62 只涨停股...

更新昨日涨停股票的次日涨跌幅...
当前日期小于下一个交易日，更新next_change字段
沪市股票: 57 只, 深市股票: 58 只
沪市行情返回: True
成功获取沪市行情: 57 只
深市行情返回: True
成功获取深市行情: 58 只
✓ 更新了 115 只股票的次日涨跌幅
✓ 更新了 115 只昨日涨停股票的次日涨跌幅

✓ 数据保存成功！
  涨停总数: 62
  首板: 46
  2连板: 14
  3连板: 1
  4连板: 1
  5连板+: 0

================================================================================
✓ 数据爬取完成！总耗时: 0.91 秒
================================================================================
最新交易日查询结果: (datetime.date(2026, 5, 25),)
最新交易日: 2026-05-25, 用户选择日期: 2026-05-25
满足实时获取条件: 当前日期 < 下一个交易日
实时获取昨日涨停股票涨跌幅，股票数量: 115
沪市股票: 57 只, 深市股票: 58 只
沪市行情返回: True
成功获取沪市行情: 57 只
深市行情返回: True
成功获取深市行情: 58 只
[心跳] 同花顺会话保持成功

================================================================================
开始爬取 20260525 的数据...
================================================================================
✓ 已备份 0 只股票的next_change字段
✓ 已删除 20260525 的旧数据

从同花顺获取 20260525 的数据...
✓ 同花顺涨停梯队接口获取到 3 个梯队数据
✓ 同花顺涨停池接口获取到 62 只股票
✓ 同花顺板块强度接口获取到 20 个板块

保存板块数据...
✓ 保存了 20 个板块数据

处理涨停梯队数据...
✓ 从涨停梯队获取了 55 只股票的连板数

处理同花顺涨停池数据: 62 只股票

从同花顺数据构建股票列表...
✓ 构建了 62 只股票的DataFrame

处理 62 只涨停股...

更新昨日涨停股票的次日涨跌幅...
当前日期小于下一个交易日，更新next_change字段
沪市股票: 57 只, 深市股票: 58 只
沪市行情返回: True
成功获取沪市行情: 57 只
深市行情返回: True
成功获取深市行情: 58 只
✓ 更新了 115 只股票的次日涨跌幅
✓ 更新了 115 只昨日涨停股票的次日涨跌幅

✓ 数据保存成功！
  涨停总数: 62
  首板: 46
  2连板: 14
  3连板: 1
  4连板: 1
  5连板+: 0

================================================================================
✓ 数据爬取完成！总耗时: 1.66 秒
================================================================================
最新交易日查询结果: (datetime.date(2026, 5, 25),)
最新交易日: 2026-05-25, 用户选择日期: 2026-05-25
满足实时获取条件: 当前日期 < 下一个交易日
实时获取昨日涨停股票涨跌幅，股票数量: 115
沪市股票: 57 只, 深市股票: 58 只
沪市行情返回: True
成功获取沪市行情: 57 只
深市行情返回: True
成功获取深市行情: 58 只
[心跳] 同花顺会话保持成功

================================================================================
开始爬取 20260525 的数据...
================================================================================
✓ 已备份 0 只股票的next_change字段
✓ 已删除 20260525 的旧数据

从同花顺获取 20260525 的数据...
✓ 同花顺涨停梯队接口获取到 3 个梯队数据
✓ 同花顺涨停池接口获取到 64 只股票
✓ 同花顺板块强度接口获取到 20 个板块

保存板块数据...
✓ 保存了 20 个板块数据

处理涨停梯队数据...
✓ 从涨停梯队获取了 55 只股票的连板数

处理同花顺涨停池数据: 64 只股票

从同花顺数据构建股票列表...
✓ 构建了 64 只股票的DataFrame

处理 64 只涨停股...

更新昨日涨停股票的次日涨跌幅...
当前日期小于下一个交易日，更新next_change字段
沪市股票: 57 只, 深市股票: 58 只
沪市行情返回: True
成功获取沪市行情: 57 只
深市行情返回: True
成功获取深市行情: 58 只
✓ 更新了 115 只股票的次日涨跌幅
✓ 更新了 115 只昨日涨停股票的次日涨跌幅

✓ 数据保存成功！
  涨停总数: 64
  首板: 48
  2连板: 14
  3连板: 1
  4连板: 1
  5连板+: 0

================================================================================
✓ 数据爬取完成！总耗时: 1.08 秒
================================================================================
最新交易日查询结果: (datetime.date(2026, 5, 25),)
最新交易日: 2026-05-25, 用户选择日期: 2026-05-25
满足实时获取条件: 当前日期 < 下一个交易日
实时获取昨日涨停股票涨跌幅，股票数量: 115
沪市股票: 57 只, 深市股票: 58 只
沪市行情返回: True
成功获取沪市行情: 57 只
深市行情返回: True
成功获取深市行情: 58 只
[心跳] 同花顺会话保持成功

================================================================================
开始爬取 20260525 的数据...
================================================================================
✓ 已备份 0 只股票的next_change字段
✓ 已删除 20260525 的旧数据

从同花顺获取 20260525 的数据...
✓ 同花顺涨停梯队接口获取到 3 个梯队数据
✓ 同花顺涨停池接口获取到 64 只股票
✓ 同花顺板块强度接口获取到 20 个板块

保存板块数据...
✓ 保存了 20 个板块数据

处理涨停梯队数据...
✓ 从涨停梯队获取了 56 只股票的连板数

处理同花顺涨停池数据: 64 只股票

从同花顺数据构建股票列表...
✓ 构建了 64 只股票的DataFrame

处理 64 只涨停股...

更新昨日涨停股票的次日涨跌幅...
当前日期小于下一个交易日，更新next_change字段
沪市股票: 57 只, 深市股票: 58 只
沪市行情返回: True
成功获取沪市行情: 57 只
深市行情返回: True
成功获取深市行情: 58 只
✓ 更新了 115 只股票的次日涨跌幅
✓ 更新了 115 只昨日涨停股票的次日涨跌幅

✓ 数据保存成功！
  涨停总数: 64
  首板: 48
  2连板: 14
  3连板: 1
  4连板: 1
  5连板+: 0

================================================================================
✓ 数据爬取完成！总耗时: 0.95 秒
================================================================================
最新交易日查询结果: (datetime.date(2026, 5, 25),)
最新交易日: 2026-05-25, 用户选择日期: 2026-05-25
满足实时获取条件: 当前日期 < 下一个交易日
实时获取昨日涨停股票涨跌幅，股票数量: 115
沪市股票: 57 只, 深市股票: 58 只
沪市行情返回: True
成功获取沪市行情: 57 只
深市行情返回: True
成功获取深市行情: 58 只
[心跳] 同花顺会话保持成功

================================================================================
开始爬取 20260525 的数据...
================================================================================
✓ 已备份 0 只股票的next_change字段
✓ 已删除 20260525 的旧数据

从同花顺获取 20260525 的数据...
✓ 同花顺涨停梯队接口获取到 3 个梯队数据
2026-05-25 10:24:13,814 - werkzeug - INFO - 127.0.0.1 - - [25/May/2026 10:24:13] "POST /api/refresh HTTP/1.1" 200 -
2026-05-25 10:24:13,924 - werkzeug - INFO - 127.0.0.1 - - [25/May/2026 10:24:13] "GET /api/stock-diff/load/20260525 HTTP/1.1" 200 -
2026-05-25 10:24:13,935 - werkzeug - INFO - 127.0.0.1 - - [25/May/2026 10:24:13] "GET /api/block-strength/continuous?date=20260525 HTTP/1.1" 200 -
2026-05-25 10:24:13,979 - werkzeug - INFO - 127.0.0.1 - - [25/May/2026 10:24:13] "OPTIONS /api/data/20260525 HTTP/1.1" 200 -
2026-05-25 10:24:14,029 - werkzeug - INFO - 127.0.0.1 - - [25/May/2026 10:24:14] "GET /api/data/20260525 HTTP/1.1" 200 -
2026-05-25 10:24:14,146 - werkzeug - INFO - 127.0.0.1 - - [25/May/2026 10:24:14] "GET /api/ladder-comparison/20260525 HTTP/1.1" 200 -
2026-05-25 10:25:12,726 - werkzeug - INFO - 127.0.0.1 - - [25/May/2026 10:25:12] "OPTIONS /api/refresh HTTP/1.1" 200 -
2026-05-25 10:25:13,740 - werkzeug - INFO - 127.0.0.1 - - [25/May/2026 10:25:13] "POST /api/refresh HTTP/1.1" 200 -
2026-05-25 10:25:13,847 - werkzeug - INFO - 127.0.0.1 - - [25/May/2026 10:25:13] "GET /api/stock-diff/load/20260525 HTTP/1.1" 200 -
2026-05-25 10:25:13,847 - werkzeug - INFO - 127.0.0.1 - - [25/May/2026 10:25:13] "GET /api/block-strength/continuous?date=20260525 HTTP/1.1" 200 -
2026-05-25 10:25:13,909 - werkzeug - INFO - 127.0.0.1 - - [25/May/2026 10:25:13] "OPTIONS /api/data/20260525 HTTP/1.1" 200 -
2026-05-25 10:25:13,962 - werkzeug - INFO - 127.0.0.1 - - [25/May/2026 10:25:13] "GET /api/data/20260525 HTTP/1.1" 200 -
2026-05-25 10:25:14,064 - werkzeug - INFO - 127.0.0.1 - - [25/May/2026 10:25:14] "GET /api/ladder-comparison/20260525 HTTP/1.1" 200 -
2026-05-25 10:26:12,724 - werkzeug - INFO - 127.0.0.1 - - [25/May/2026 10:26:12] "OPTIONS /api/refresh HTTP/1.1" 200 -
2026-05-25 10:26:13,702 - werkzeug - INFO - 127.0.0.1 - - [25/May/2026 10:26:13] "POST /api/refresh HTTP/1.1" 200 -
2026-05-25 10:26:13,800 - werkzeug - INFO - 127.0.0.1 - - [25/May/2026 10:26:13] "GET /api/stock-diff/load/20260525 HTTP/1.1" 200 -
2026-05-25 10:26:13,805 - werkzeug - INFO - 127.0.0.1 - - [25/May/2026 10:26:13] "GET /api/block-strength/continuous?date=20260525 HTTP/1.1" 200 -
2026-05-25 10:26:13,848 - werkzeug - INFO - 127.0.0.1 - - [25/May/2026 10:26:13] "OPTIONS /api/data/20260525 HTTP/1.1" 200 -
2026-05-25 10:26:13,890 - werkzeug - INFO - 127.0.0.1 - - [25/May/2026 10:26:13] "GET /api/data/20260525 HTTP/1.1" 200 -
2026-05-25 10:26:14,002 - werkzeug - INFO - 127.0.0.1 - - [25/May/2026 10:26:14] "GET /api/ladder-comparison/20260525 HTTP/1.1" 200 -
2026-05-25 10:27:12,734 - werkzeug - INFO - 127.0.0.1 - - [25/May/2026 10:27:12] "OPTIONS /api/refresh HTTP/1.1" 200 -
2026-05-25 10:27:13,819 - werkzeug - INFO - 127.0.0.1 - - [25/May/2026 10:27:13] "POST /api/refresh HTTP/1.1" 200 -
2026-05-25 10:27:13,950 - werkzeug - INFO - 127.0.0.1 - - [25/May/2026 10:27:13] "GET /api/stock-diff/load/20260525 HTTP/1.1" 200 -
2026-05-25 10:27:13,951 - werkzeug - INFO - 127.0.0.1 - - [25/May/2026 10:27:13] "GET /api/block-strength/continuous?date=20260525 HTTP/1.1" 200 -
2026-05-25 10:27:14,028 - werkzeug - INFO - 127.0.0.1 - - [25/May/2026 10:27:14] "OPTIONS /api/data/20260525 HTTP/1.1" 200 -
2026-05-25 10:27:14,088 - werkzeug - INFO - 127.0.0.1 - - [25/May/2026 10:27:14] "GET /api/data/20260525 HTTP/1.1" 200 -
2026-05-25 10:27:14,239 - werkzeug - INFO - 127.0.0.1 - - [25/May/2026 10:27:14] "GET /api/ladder-comparison/20260525 HTTP/1.1" 200 -
2026-05-25 10:28:12,722 - werkzeug - INFO - 127.0.0.1 - - [25/May/2026 10:28:12] "OPTIONS /api/refresh HTTP/1.1" 200 -
✓ 同花顺涨停池接口获取到 65 只股票
✓ 同花顺板块强度接口获取到 20 个板块

保存板块数据...
✓ 保存了 20 个板块数据

处理涨停梯队数据...
✓ 从涨停梯队获取了 55 只股票的连板数

处理同花顺涨停池数据: 65 只股票

从同花顺数据构建股票列表...
✓ 构建了 65 只股票的DataFrame

处理 65 只涨停股...

更新昨日涨停股票的次日涨跌幅...
当前日期小于下一个交易日，更新next_change字段
沪市股票: 57 只, 深市股票: 58 只
沪市行情返回: True
成功获取沪市行情: 57 只
深市行情返回: True
成功获取深市行情: 58 只
✓ 更新了 115 只股票的次日涨跌幅
✓ 更新了 115 只昨日涨停股票的次日涨跌幅

✓ 数据保存成功！
  涨停总数: 65
  首板: 49
  2连板: 14
  3连板: 1
  4连板: 1
  5连板+: 0

================================================================================
✓ 数据爬取完成！总耗时: 1.08 秒
================================================================================
最新交易日查询结果: (datetime.date(2026, 5, 25),)
最新交易日: 2026-05-25, 用户选择日期: 2026-05-25
满足实时获取条件: 当前日期 < 下一个交易日
实时获取昨日涨停股票涨跌幅，股票数量: 115
沪市股票: 57 只, 深市股票: 58 只
沪市行情返回: True
成功获取沪市行情: 57 只
深市行情返回: True
成功获取深市行情: 58 只
[心跳] 同花顺会话保持成功
[财联社同步] 新增 1 条新闻，更新 0 条

================================================================================
开始爬取 20260525 的数据...
================================================================================
✓ 已备份 0 只股票的next_change字段
✓ 已删除 20260525 的旧数据

从同花顺获取 20260525 的数据...
✓ 同花顺涨停梯队接口获取到 3 个梯队数据
✓ 同花顺涨停池接口获取到 67 只股票
✓ 同花顺板块强度接口获取到 20 个板块

保存板块数据...
✓ 保存了 20 个板块数据

处理涨停梯队数据...
✓ 从涨停梯队获取了 56 只股票的连板数

处理同花顺涨停池数据: 67 只股票

从同花顺数据构建股票列表...
✓ 构建了 67 只股票的DataFrame

处理 67 只涨停股...

更新昨日涨停股票的次日涨跌幅...
当前日期小于下一个交易日，更新next_change字段
沪市股票: 57 只, 深市股票: 58 只
沪市行情返回: True
成功获取沪市行情: 57 只
深市行情返回: True
成功获取深市行情: 58 只
✓ 更新了 115 只股票的次日涨跌幅
✓ 更新了 115 只昨日涨停股票的次日涨跌幅

✓ 数据保存成功！
  涨停总数: 67
  首板: 51
  2连板: 14
  3连板: 1
  4连板: 1
  5连板+: 0

================================================================================
✓ 数据爬取完成！总耗时: 0.98 秒
================================================================================
最新交易日查询结果: (datetime.date(2026, 5, 25),)
最新交易日: 2026-05-25, 用户选择日期: 2026-05-25
满足实时获取条件: 当前日期 < 下一个交易日
实时获取昨日涨停股票涨跌幅，股票数量: 115
沪市股票: 57 只, 深市股票: 58 只
沪市行情返回: True
成功获取沪市行情: 57 只
深市行情返回: True
成功获取深市行情: 58 只
[心跳] 同花顺会话保持成功

================================================================================
开始爬取 20260525 的数据...
================================================================================
✓ 已备份 0 只股票的next_change字段
✓ 已删除 20260525 的旧数据

从同花顺获取 20260525 的数据...
✓ 同花顺涨停梯队接口获取到 3 个梯队数据
✓ 同花顺涨停池接口获取到 67 只股票
✓ 同花顺板块强度接口获取到 20 个板块

保存板块数据...
✓ 保存了 20 个板块数据

处理涨停梯队数据...
✓ 从涨停梯队获取了 56 只股票的连板数

处理同花顺涨停池数据: 67 只股票

从同花顺数据构建股票列表...
✓ 构建了 67 只股票的DataFrame

处理 67 只涨停股...

更新昨日涨停股票的次日涨跌幅...
当前日期小于下一个交易日，更新next_change字段
沪市股票: 57 只, 深市股票: 58 只
沪市行情返回: True
成功获取沪市行情: 57 只
深市行情返回: True
成功获取深市行情: 58 只
✓ 更新了 115 只股票的次日涨跌幅
✓ 更新了 115 只昨日涨停股票的次日涨跌幅

✓ 数据保存成功！
  涨停总数: 67
  首板: 51
  2连板: 14
  3连板: 1
  4连板: 1
  5连板+: 0

================================================================================
✓ 数据爬取完成！总耗时: 0.92 秒
================================================================================
最新交易日查询结果: (datetime.date(2026, 5, 25),)
最新交易日: 2026-05-25, 用户选择日期: 2026-05-25
满足实时获取条件: 当前日期 < 下一个交易日
实时获取昨日涨停股票涨跌幅，股票数量: 115
沪市股票: 57 只, 深市股票: 58 只
沪市行情返回: True
成功获取沪市行情: 57 只
深市行情返回: True
成功获取深市行情: 58 只
[心跳] 同花顺会话保持成功

================================================================================
开始爬取 20260525 的数据...
================================================================================
✓ 已备份 0 只股票的next_change字段
✓ 已删除 20260525 的旧数据

从同花顺获取 20260525 的数据...
✓ 同花顺涨停梯队接口获取到 3 个梯队数据
✓ 同花顺涨停池接口获取到 68 只股票
✓ 同花顺板块强度接口获取到 20 个板块

保存板块数据...
✓ 保存了 20 个板块数据

处理涨停梯队数据...
✓ 从涨停梯队获取了 56 只股票的连板数

处理同花顺涨停池数据: 68 只股票

从同花顺数据构建股票列表...
✓ 构建了 68 只股票的DataFrame

处理 68 只涨停股...

更新昨日涨停股票的次日涨跌幅...
当前日期小于下一个交易日，更新next_change字段
沪市股票: 57 只, 深市股票: 58 只
沪市行情返回: True
成功获取沪市行情: 57 只
深市行情返回: True
成功获取深市行情: 58 只
✓ 更新了 115 只股票的次日涨跌幅
✓ 更新了 115 只昨日涨停股票的次日涨跌幅

✓ 数据保存成功！
  涨停总数: 68
  首板: 51
  2连板: 15
  3连板: 1
  4连板: 1
  5连板+: 0

================================================================================
✓ 数据爬取完成！总耗时: 1.03 秒
================================================================================
最新交易日查询结果: (datetime.date(2026, 5, 25),)
最新交易日: 2026-05-25, 用户选择日期: 2026-05-25
满足实时获取条件: 当前日期 < 下一个交易日
实时获取昨日涨停股票涨跌幅，股票数量: 115
沪市股票: 57 只, 深市股票: 58 只
沪市行情返回: True
成功获取沪市行情: 57 只
深市行情返回: True
成功获取深市行情: 58 只
[心跳] 同花顺会话保持成功

================================================================================
开始爬取 20260525 的数据...
================================================================================
✓ 已备份 0 只股票的next_change字段
✓ 已删除 20260525 的旧数据

从同花顺获取 20260525 的数据...
✓ 同花顺涨停梯队接口获取到 3 个梯队数据
✓ 同花顺涨停池接口获取到 71 只股票
✓ 同花顺板块强度接口获取到 20 个板块

保存板块数据...
✓ 保存了 20 个板块数据

处理涨停梯队数据...
✓ 从涨停梯队获取了 59 只股票的连板数

处理同花顺涨停池数据: 71 只股票

从同花顺数据构建股票列表...
✓ 构建了 71 只股票的DataFrame

处理 71 只涨停股...

更新昨日涨停股票的次日涨跌幅...
当前日期小于下一个交易日，更新next_change字段
2026-05-25 10:28:13,710 - werkzeug - INFO - 127.0.0.1 - - [25/May/2026 10:28:13] "POST /api/refresh HTTP/1.1" 200 -
2026-05-25 10:28:13,933 - werkzeug - INFO - 127.0.0.1 - - [25/May/2026 10:28:13] "GET /api/stock-diff/load/20260525 HTTP/1.1" 200 -
2026-05-25 10:28:13,936 - werkzeug - INFO - 127.0.0.1 - - [25/May/2026 10:28:13] "GET /api/block-strength/continuous?date=20260525 HTTP/1.1" 200 -
2026-05-25 10:28:13,984 - werkzeug - INFO - 127.0.0.1 - - [25/May/2026 10:28:13] "OPTIONS /api/data/20260525 HTTP/1.1" 200 -
2026-05-25 10:28:14,057 - werkzeug - INFO - 127.0.0.1 - - [25/May/2026 10:28:14] "GET /api/data/20260525 HTTP/1.1" 200 -
2026-05-25 10:28:14,212 - werkzeug - INFO - 127.0.0.1 - - [25/May/2026 10:28:14] "GET /api/ladder-comparison/20260525 HTTP/1.1" 200 -
2026-05-25 10:29:12,724 - werkzeug - INFO - 127.0.0.1 - - [25/May/2026 10:29:12] "OPTIONS /api/refresh HTTP/1.1" 200 -
2026-05-25 10:29:13,792 - werkzeug - INFO - 127.0.0.1 - - [25/May/2026 10:29:13] "POST /api/refresh HTTP/1.1" 200 -
2026-05-25 10:29:14,010 - werkzeug - INFO - 127.0.0.1 - - [25/May/2026 10:29:14] "GET /api/block-strength/continuous?date=20260525 HTTP/1.1" 200 -
2026-05-25 10:29:14,015 - werkzeug - INFO - 127.0.0.1 - - [25/May/2026 10:29:14] "OPTIONS /api/data/20260525 HTTP/1.1" 200 -
2026-05-25 10:29:14,031 - werkzeug - INFO - 127.0.0.1 - - [25/May/2026 10:29:14] "GET /api/stock-diff/load/20260525 HTTP/1.1" 200 -
2026-05-25 10:29:14,081 - werkzeug - INFO - 127.0.0.1 - - [25/May/2026 10:29:14] "GET /api/data/20260525 HTTP/1.1" 200 -
2026-05-25 10:29:14,251 - werkzeug - INFO - 127.0.0.1 - - [25/May/2026 10:29:14] "GET /api/ladder-comparison/20260525 HTTP/1.1" 200 -
2026-05-25 10:30:12,720 - werkzeug - INFO - 127.0.0.1 - - [25/May/2026 10:30:12] "OPTIONS /api/refresh HTTP/1.1" 200 -
2026-05-25 10:30:13,610 - werkzeug - INFO - 127.0.0.1 - - [25/May/2026 10:30:13] "POST /api/refresh HTTP/1.1" 200 -
2026-05-25 10:30:13,790 - werkzeug - INFO - 127.0.0.1 - - [25/May/2026 10:30:13] "GET /api/stock-diff/load/20260525 HTTP/1.1" 200 -
2026-05-25 10:30:13,828 - werkzeug - INFO - 127.0.0.1 - - [25/May/2026 10:30:13] "OPTIONS /api/data/20260525 HTTP/1.1" 200 -
2026-05-25 10:30:13,830 - werkzeug - INFO - 127.0.0.1 - - [25/May/2026 10:30:13] "GET /api/block-strength/continuous?date=20260525 HTTP/1.1" 200 -
2026-05-25 10:30:13,895 - werkzeug - INFO - 127.0.0.1 - - [25/May/2026 10:30:13] "GET /api/data/20260525 HTTP/1.1" 200 -
2026-05-25 10:30:14,055 - werkzeug - INFO - 127.0.0.1 - - [25/May/2026 10:30:14] "GET /api/ladder-comparison/20260525 HTTP/1.1" 200 -
2026-05-25 10:31:12,721 - werkzeug - INFO - 127.0.0.1 - - [25/May/2026 10:31:12] "OPTIONS /api/refresh HTTP/1.1" 200 -
2026-05-25 10:31:13,656 - werkzeug - INFO - 127.0.0.1 - - [25/May/2026 10:31:13] "POST /api/refresh HTTP/1.1" 200 -
2026-05-25 10:31:13,742 - werkzeug - INFO - 127.0.0.1 - - [25/May/2026 10:31:13] "GET /api/stock-diff/load/20260525 HTTP/1.1" 200 -
2026-05-25 10:31:13,751 - werkzeug - INFO - 127.0.0.1 - - [25/May/2026 10:31:13] "GET /api/block-strength/continuous?date=20260525 HTTP/1.1" 200 -
2026-05-25 10:31:13,790 - werkzeug - INFO - 127.0.0.1 - - [25/May/2026 10:31:13] "OPTIONS /api/data/20260525 HTTP/1.1" 200 -
2026-05-25 10:31:13,821 - werkzeug - INFO - 127.0.0.1 - - [25/May/2026 10:31:13] "GET /api/data/20260525 HTTP/1.1" 200 -
2026-05-25 10:31:13,962 - werkzeug - INFO - 127.0.0.1 - - [25/May/2026 10:31:13] "GET /api/ladder-comparison/20260525 HTTP/1.1" 200 -
2026-05-25 10:32:12,730 - werkzeug - INFO - 127.0.0.1 - - [25/May/2026 10:32:12] "OPTIONS /api/refresh HTTP/1.1" 200 -
沪市股票: 57 只, 深市股票: 58 只
沪市行情返回: True
成功获取沪市行情: 57 只
深市行情返回: True
成功获取深市行情: 58 只
✓ 更新了 115 只股票的次日涨跌幅
✓ 更新了 115 只昨日涨停股票的次日涨跌幅

✓ 数据保存成功！
  涨停总数: 71
  首板: 55
  2连板: 14
  3连板: 1
  4连板: 1
  5连板+: 0

================================================================================
✓ 数据爬取完成！总耗时: 0.96 秒
================================================================================
最新交易日查询结果: (datetime.date(2026, 5, 25),)
最新交易日: 2026-05-25, 用户选择日期: 2026-05-25
满足实时获取条件: 当前日期 < 下一个交易日
实时获取昨日涨停股票涨跌幅，股票数量: 115
沪市股票: 57 只, 深市股票: 58 只
沪市行情返回: True
成功获取沪市行情: 57 只
深市行情返回: True
成功获取深市行情: 58 只
[心跳] 同花顺会话保持成功

================================================================================
开始爬取 20260525 的数据...
================================================================================
✓ 已备份 0 只股票的next_change字段
✓ 已删除 20260525 的旧数据

从同花顺获取 20260525 的数据...
✓ 同花顺涨停梯队接口获取到 3 个梯队数据
✓ 同花顺涨停池接口获取到 72 只股票
✓ 同花顺板块强度接口获取到 20 个板块

保存板块数据...
✓ 保存了 20 个板块数据

处理涨停梯队数据...
✓ 从涨停梯队获取了 59 只股票的连板数

处理同花顺涨停池数据: 72 只股票

从同花顺数据构建股票列表...
✓ 构建了 72 只股票的DataFrame

处理 72 只涨停股...

更新昨日涨停股票的次日涨跌幅...
当前日期小于下一个交易日，更新next_change字段
沪市股票: 57 只, 深市股票: 58 只
沪市行情返回: True
成功获取沪市行情: 57 只
深市行情返回: True
成功获取深市行情: 58 只
✓ 更新了 115 只股票的次日涨跌幅
✓ 更新了 115 只昨日涨停股票的次日涨跌幅

✓ 数据保存成功！
  涨停总数: 72
  首板: 55
  2连板: 15
  3连板: 1
  4连板: 1
  5连板+: 0

================================================================================
✓ 数据爬取完成！总耗时: 1.05 秒
================================================================================
最新交易日查询结果: (datetime.date(2026, 5, 25),)
最新交易日: 2026-05-25, 用户选择日期: 2026-05-25
满足实时获取条件: 当前日期 < 下一个交易日
实时获取昨日涨停股票涨跌幅，股票数量: 115
沪市股票: 57 只, 深市股票: 58 只
沪市行情返回: True
成功获取沪市行情: 57 只
深市行情返回: True
成功获取深市行情: 58 只
[心跳] 同花顺会话保持成功
[财联社同步] 新增 2 条新闻，更新 1 条

================================================================================
开始爬取 20260525 的数据...
================================================================================
✓ 已备份 0 只股票的next_change字段
✓ 已删除 20260525 的旧数据

从同花顺获取 20260525 的数据...
✓ 同花顺涨停梯队接口获取到 3 个梯队数据
✓ 同花顺涨停池接口获取到 71 只股票
✓ 同花顺板块强度接口获取到 20 个板块

保存板块数据...
✓ 保存了 20 个板块数据

处理涨停梯队数据...
✓ 从涨停梯队获取了 62 只股票的连板数

处理同花顺涨停池数据: 71 只股票

从同花顺数据构建股票列表...
✓ 构建了 71 只股票的DataFrame

处理 71 只涨停股...

更新昨日涨停股票的次日涨跌幅...
当前日期小于下一个交易日，更新next_change字段
沪市股票: 57 只, 深市股票: 58 只
沪市行情返回: True
成功获取沪市行情: 57 只
深市行情返回: True
成功获取深市行情: 58 只
✓ 更新了 115 只股票的次日涨跌幅
✓ 更新了 115 只昨日涨停股票的次日涨跌幅

✓ 数据保存成功！
  涨停总数: 71
  首板: 54
  2连板: 15
  3连板: 1
  4连板: 1
  5连板+: 0

================================================================================
✓ 数据爬取完成！总耗时: 0.87 秒
================================================================================
最新交易日查询结果: (datetime.date(2026, 5, 25),)
最新交易日: 2026-05-25, 用户选择日期: 2026-05-25
满足实时获取条件: 当前日期 < 下一个交易日
实时获取昨日涨停股票涨跌幅，股票数量: 115
沪市股票: 57 只, 深市股票: 58 只
沪市行情返回: True
成功获取沪市行情: 57 只
深市行情返回: True
成功获取深市行情: 58 只
[心跳] 同花顺会话保持成功

================================================================================
开始爬取 20260525 的数据...
================================================================================
✓ 已备份 0 只股票的next_change字段
✓ 已删除 20260525 的旧数据

从同花顺获取 20260525 的数据...
✓ 同花顺涨停梯队接口获取到 3 个梯队数据
✓ 同花顺涨停池接口获取到 71 只股票
✓ 同花顺板块强度接口获取到 20 个板块

保存板块数据...
✓ 保存了 20 个板块数据

处理涨停梯队数据...
✓ 从涨停梯队获取了 62 只股票的连板数

处理同花顺涨停池数据: 71 只股票

从同花顺数据构建股票列表...
✓ 构建了 71 只股票的DataFrame

处理 71 只涨停股...

更新昨日涨停股票的次日涨跌幅...
当前日期小于下一个交易日，更新next_change字段
沪市股票: 57 只, 深市股票: 58 只
沪市行情返回: True
成功获取沪市行情: 57 只
深市行情返回: True
成功获取深市行情: 58 只
✓ 更新了 115 只股票的次日涨跌幅
✓ 更新了 115 只昨日涨停股票的次日涨跌幅

✓ 数据保存成功！
  涨停总数: 71
  首板: 54
  2连板: 15
  3连板: 1
  4连板: 1
  5连板+: 0

================================================================================
✓ 数据爬取完成！总耗时: 0.92 秒
================================================================================
最新交易日查询结果: (datetime.date(2026, 5, 25),)
最新交易日: 2026-05-25, 用户选择日期: 2026-05-25
满足实时获取条件: 当前日期 < 下一个交易日
实时获取昨日涨停股票涨跌幅，股票数量: 115
沪市股票: 57 只, 深市股票: 58 只
沪市行情返回: True
成功获取沪市行情: 57 只
深市行情返回: True
成功获取深市行情: 58 只
[心跳] 同花顺会话保持成功

================================================================================
开始爬取 20260525 的数据...
================================================================================
✓ 已备份 0 只股票的next_change字段
✓ 已删除 20260525 的旧数据

从同花顺获取 20260525 的数据...
✓ 同花顺涨停梯队接口获取到 3 个梯队数据
✓ 同花顺涨停池接口获取到 75 只股票
✓ 同花顺板块强度接口获取到 20 个板块

保存板块数据...
✓ 保存了 20 个板块数据

处理涨停梯队数据...
✓ 从涨停梯队获取了 63 只股票的连板数

处理同花顺涨停池数据: 75 只股票

从同花顺数据构建股票列表...
✓ 构建了 75 只股票的DataFrame

处理 75 只涨停股...

更新昨日涨停股票的次日涨跌幅...
当前日期小于下一个交易日，更新next_change字段
沪市股票: 57 只, 深市股票: 58 只
沪市行情返回: True
成功获取沪市行情: 57 只
深市行情返回: True
成功获取深市行情: 58 只
✓ 更新了 115 只股票的次日涨跌幅
✓ 更新了 115 只昨日涨停股票的次日涨跌幅

✓ 数据保存成功！
  涨停总数: 75
  首板: 57
  2连板: 16
  3连板: 1
  4连板: 1
  5连板+: 0

================================================================================
✓ 数据爬取完成！总耗时: 0.95 秒
2026-05-25 10:32:13,708 - werkzeug - INFO - 127.0.0.1 - - [25/May/2026 10:32:13] "POST /api/refresh HTTP/1.1" 200 -
2026-05-25 10:32:13,804 - werkzeug - INFO - 127.0.0.1 - - [25/May/2026 10:32:13] "GET /api/stock-diff/load/20260525 HTTP/1.1" 200 -
2026-05-25 10:32:13,805 - werkzeug - INFO - 127.0.0.1 - - [25/May/2026 10:32:13] "GET /api/block-strength/continuous?date=20260525 HTTP/1.1" 200 -
2026-05-25 10:32:13,847 - werkzeug - INFO - 127.0.0.1 - - [25/May/2026 10:32:13] "OPTIONS /api/data/20260525 HTTP/1.1" 200 -
2026-05-25 10:32:13,900 - werkzeug - INFO - 127.0.0.1 - - [25/May/2026 10:32:13] "GET /api/data/20260525 HTTP/1.1" 200 -
2026-05-25 10:32:13,994 - werkzeug - INFO - 127.0.0.1 - - [25/May/2026 10:32:13] "GET /api/ladder-comparison/20260525 HTTP/1.1" 200 -
2026-05-25 10:33:12,729 - werkzeug - INFO - 127.0.0.1 - - [25/May/2026 10:33:12] "OPTIONS /api/refresh HTTP/1.1" 200 -
2026-05-25 10:33:14,077 - werkzeug - INFO - 127.0.0.1 - - [25/May/2026 10:33:14] "POST /api/refresh HTTP/1.1" 200 -
2026-05-25 10:33:14,196 - werkzeug - INFO - 127.0.0.1 - - [25/May/2026 10:33:14] "GET /api/stock-diff/load/20260525 HTTP/1.1" 200 -
2026-05-25 10:33:14,207 - werkzeug - INFO - 127.0.0.1 - - [25/May/2026 10:33:14] "GET /api/block-strength/continuous?date=20260525 HTTP/1.1" 200 -
2026-05-25 10:33:14,297 - werkzeug - INFO - 127.0.0.1 - - [25/May/2026 10:33:14] "OPTIONS /api/data/20260525 HTTP/1.1" 200 -
2026-05-25 10:33:14,368 - werkzeug - INFO - 127.0.0.1 - - [25/May/2026 10:33:14] "GET /api/data/20260525 HTTP/1.1" 200 -
2026-05-25 10:33:14,454 - werkzeug - INFO - 127.0.0.1 - - [25/May/2026 10:33:14] "GET /api/ladder-comparison/20260525 HTTP/1.1" 200 -
2026-05-25 10:34:12,722 - werkzeug - INFO - 127.0.0.1 - - [25/May/2026 10:34:12] "OPTIONS /api/refresh HTTP/1.1" 200 -
2026-05-25 10:34:13,784 - werkzeug - INFO - 127.0.0.1 - - [25/May/2026 10:34:13] "POST /api/refresh HTTP/1.1" 200 -
2026-05-25 10:34:13,884 - werkzeug - INFO - 127.0.0.1 - - [25/May/2026 10:34:13] "GET /api/stock-diff/load/20260525 HTTP/1.1" 200 -
2026-05-25 10:34:13,892 - werkzeug - INFO - 127.0.0.1 - - [25/May/2026 10:34:13] "GET /api/block-strength/continuous?date=20260525 HTTP/1.1" 200 -
2026-05-25 10:34:13,935 - werkzeug - INFO - 127.0.0.1 - - [25/May/2026 10:34:13] "OPTIONS /api/data/20260525 HTTP/1.1" 200 -
2026-05-25 10:34:13,976 - werkzeug - INFO - 127.0.0.1 - - [25/May/2026 10:34:13] "GET /api/data/20260525 HTTP/1.1" 200 -
2026-05-25 10:34:14,073 - werkzeug - INFO - 127.0.0.1 - - [25/May/2026 10:34:14] "GET /api/ladder-comparison/20260525 HTTP/1.1" 200 -
2026-05-25 10:35:12,723 - werkzeug - INFO - 127.0.0.1 - - [25/May/2026 10:35:12] "OPTIONS /api/refresh HTTP/1.1" 200 -
2026-05-25 10:35:13,585 - werkzeug - INFO - 127.0.0.1 - - [25/May/2026 10:35:13] "POST /api/refresh HTTP/1.1" 200 -
2026-05-25 10:35:13,676 - werkzeug - INFO - 127.0.0.1 - - [25/May/2026 10:35:13] "GET /api/stock-diff/load/20260525 HTTP/1.1" 200 -
2026-05-25 10:35:13,683 - werkzeug - INFO - 127.0.0.1 - - [25/May/2026 10:35:13] "GET /api/block-strength/continuous?date=20260525 HTTP/1.1" 200 -
2026-05-25 10:35:13,723 - werkzeug - INFO - 127.0.0.1 - - [25/May/2026 10:35:13] "OPTIONS /api/data/20260525 HTTP/1.1" 200 -
2026-05-25 10:35:13,771 - werkzeug - INFO - 127.0.0.1 - - [25/May/2026 10:35:13] "GET /api/data/20260525 HTTP/1.1" 200 -
2026-05-25 10:35:13,908 - werkzeug - INFO - 127.0.0.1 - - [25/May/2026 10:35:13] "GET /api/ladder-comparison/20260525 HTTP/1.1" 200 -
2026-05-25 10:36:12,746 - werkzeug - INFO - 127.0.0.1 - - [25/May/2026 10:36:12] "OPTIONS /api/refresh HTTP/1.1" 200 -
2026-05-25 10:36:13,821 - werkzeug - INFO - 127.0.0.1 - - [25/May/2026 10:36:13] "POST /api/refresh HTTP/1.1" 200 -
2026-05-25 10:36:13,932 - werkzeug - INFO - 127.0.0.1 - - [25/May/2026 10:36:13] "GET /api/stock-diff/load/20260525 HTTP/1.1" 200 -
2026-05-25 10:36:13,938 - werkzeug - INFO - 127.0.0.1 - - [25/May/2026 10:36:13] "GET /api/block-strength/continuous?date=20260525 HTTP/1.1" 200 -
2026-05-25 10:36:13,980 - werkzeug - INFO - 127.0.0.1 - - [25/May/2026 10:36:13] "OPTIONS /api/data/20260525 HTTP/1.1" 200 -
2026-05-25 10:36:14,015 - werkzeug - INFO - 127.0.0.1 - - [25/May/2026 10:36:14] "GET /api/data/20260525 HTTP/1.1" 200 -
2026-05-25 10:36:14,152 - werkzeug - INFO - 127.0.0.1 - - [25/May/2026 10:36:14] "GET /api/ladder-comparison/20260525 HTTP/1.1" 200 -
================================================================================
最新交易日查询结果: (datetime.date(2026, 5, 25),)
最新交易日: 2026-05-25, 用户选择日期: 2026-05-25
满足实时获取条件: 当前日期 < 下一个交易日
实时获取昨日涨停股票涨跌幅，股票数量: 115
沪市股票: 57 只, 深市股票: 58 只
沪市行情返回: True
成功获取沪市行情: 57 只
深市行情返回: True
成功获取深市行情: 58 只
[心跳] 同花顺会话保持成功

================================================================================
开始爬取 20260525 的数据...
================================================================================
✓ 已备份 0 只股票的next_change字段
✓ 已删除 20260525 的旧数据

从同花顺获取 20260525 的数据...
✓ 同花顺涨停梯队接口获取到 3 个梯队数据
✓ 同花顺涨停池接口获取到 76 只股票
✓ 同花顺板块强度接口获取到 20 个板块

保存板块数据...
✓ 保存了 20 个板块数据

处理涨停梯队数据...
✓ 从涨停梯队获取了 63 只股票的连板数

处理同花顺涨停池数据: 76 只股票

从同花顺数据构建股票列表...
✓ 构建了 76 只股票的DataFrame

处理 76 只涨停股...

更新昨日涨停股票的次日涨跌幅...
当前日期小于下一个交易日，更新next_change字段
沪市股票: 57 只, 深市股票: 58 只
沪市行情返回: True
成功获取沪市行情: 57 只
深市行情返回: True
成功获取深市行情: 58 只
✓ 更新了 115 只股票的次日涨跌幅
✓ 更新了 115 只昨日涨停股票的次日涨跌幅

✓ 数据保存成功！
  涨停总数: 76
  首板: 59
  2连板: 15
  3连板: 1
  4连板: 1
  5连板+: 0

================================================================================
✓ 数据爬取完成！总耗时: 1.26 秒
================================================================================
最新交易日查询结果: (datetime.date(2026, 5, 25),)
最新交易日: 2026-05-25, 用户选择日期: 2026-05-25
满足实时获取条件: 当前日期 < 下一个交易日
实时获取昨日涨停股票涨跌幅，股票数量: 115
沪市股票: 57 只, 深市股票: 58 只
沪市行情返回: True
成功获取沪市行情: 57 只
深市行情返回: True
成功获取深市行情: 58 只
[心跳] 同花顺会话保持成功

================================================================================
开始爬取 20260525 的数据...
================================================================================
✓ 已备份 0 只股票的next_change字段
✓ 已删除 20260525 的旧数据

从同花顺获取 20260525 的数据...
✓ 同花顺涨停梯队接口获取到 3 个梯队数据
✓ 同花顺涨停池接口获取到 75 只股票
✓ 同花顺板块强度接口获取到 20 个板块

保存板块数据...
✓ 保存了 20 个板块数据

处理涨停梯队数据...
✓ 从涨停梯队获取了 63 只股票的连板数

处理同花顺涨停池数据: 75 只股票

从同花顺数据构建股票列表...
✓ 构建了 75 只股票的DataFrame

处理 75 只涨停股...

更新昨日涨停股票的次日涨跌幅...
当前日期小于下一个交易日，更新next_change字段
沪市股票: 57 只, 深市股票: 58 只
沪市行情返回: True
成功获取沪市行情: 57 只
深市行情返回: True
成功获取深市行情: 58 只
✓ 更新了 115 只股票的次日涨跌幅
✓ 更新了 115 只昨日涨停股票的次日涨跌幅

✓ 数据保存成功！
  涨停总数: 75
  首板: 58
  2连板: 15
  3连板: 1
  4连板: 1
  5连板+: 0

================================================================================
✓ 数据爬取完成！总耗时: 1.02 秒
================================================================================
最新交易日查询结果: (datetime.date(2026, 5, 25),)
最新交易日: 2026-05-25, 用户选择日期: 2026-05-25
满足实时获取条件: 当前日期 < 下一个交易日
实时获取昨日涨停股票涨跌幅，股票数量: 115
沪市股票: 57 只, 深市股票: 58 只
沪市行情返回: True
成功获取沪市行情: 57 只
深市行情返回: True
成功获取深市行情: 58 只
[心跳] 同花顺会话保持成功
[财联社同步] 新增 2 条新闻，更新 0 条

================================================================================
开始爬取 20260525 的数据...
================================================================================
✓ 已备份 0 只股票的next_change字段
✓ 已删除 20260525 的旧数据

从同花顺获取 20260525 的数据...
✓ 同花顺涨停梯队接口获取到 3 个梯队数据
✓ 同花顺涨停池接口获取到 75 只股票
✓ 同花顺板块强度接口获取到 20 个板块

保存板块数据...
✓ 保存了 20 个板块数据

处理涨停梯队数据...
✓ 从涨停梯队获取了 67 只股票的连板数

处理同花顺涨停池数据: 75 只股票

从同花顺数据构建股票列表...
✓ 构建了 75 只股票的DataFrame

处理 75 只涨停股...

更新昨日涨停股票的次日涨跌幅...
当前日期小于下一个交易日，更新next_change字段
沪市股票: 57 只, 深市股票: 58 只
沪市行情返回: True
成功获取沪市行情: 57 只
深市行情返回: True
成功获取深市行情: 58 只
✓ 更新了 115 只股票的次日涨跌幅
✓ 更新了 115 只昨日涨停股票的次日涨跌幅

✓ 数据保存成功！
  涨停总数: 75
  首板: 57
  2连板: 16
  3连板: 1
  4连板: 1
  5连板+: 0

================================================================================
✓ 数据爬取完成！总耗时: 0.84 秒
================================================================================
最新交易日查询结果: (datetime.date(2026, 5, 25),)
最新交易日: 2026-05-25, 用户选择日期: 2026-05-25
满足实时获取条件: 当前日期 < 下一个交易日
实时获取昨日涨停股票涨跌幅，股票数量: 115
沪市股票: 57 只, 深市股票: 58 只
沪市行情返回: True
成功获取沪市行情: 57 只
深市行情返回: True
成功获取深市行情: 58 只
[心跳] 同花顺会话保持成功

================================================================================
开始爬取 20260525 的数据...
================================================================================
✓ 已备份 0 只股票的next_change字段
✓ 已删除 20260525 的旧数据

从同花顺获取 20260525 的数据...
✓ 同花顺涨停梯队接口获取到 3 个梯队数据
✓ 同花顺涨停池接口获取到 74 只股票
✓ 同花顺板块强度接口获取到 20 个板块

保存板块数据...
✓ 保存了 20 个板块数据

处理涨停梯队数据...
✓ 从涨停梯队获取了 66 只股票的连板数

处理同花顺涨停池数据: 74 只股票

从同花顺数据构建股票列表...
✓ 构建了 74 只股票的DataFrame

处理 74 只涨停股...

更新昨日涨停股票的次日涨跌幅...
当前日期小于下一个交易日，更新next_change字段
沪市股票: 57 只, 深市股票: 58 只
沪市行情返回: True
成功获取沪市行情: 57 只
深市行情返回: True
成功获取深市行情: 58 只
✓ 更新了 115 只股票的次日涨跌幅
✓ 更新了 115 只昨日涨停股票的次日涨跌幅

✓ 数据保存成功！
  涨停总数: 74
  首板: 56
  2连板: 16
  3连板: 1
  4连板: 1
  5连板+: 0

================================================================================
✓ 数据爬取完成！总耗时: 1.05 秒
================================================================================
最新交易日查询结果: (datetime.date(2026, 5, 25),)
最新交易日: 2026-05-25, 用户选择日期: 2026-05-25
满足实时获取条件: 当前日期 < 下一个交易日
实时获取昨日涨停股票涨跌幅，股票数量: 115
沪市股票: 57 只, 深市股票: 58 只
沪市行情返回: True
成功获取沪市行情: 57 只
深市行情返回: True
成功获取深市行情: 58 只
2026-05-25 10:37:12,746 - werkzeug - INFO - 127.0.0.1 - - [25/May/2026 10:37:12] "OPTIONS /api/refresh HTTP/1.1" 200 -
2026-05-25 10:37:13,655 - werkzeug - INFO - 127.0.0.1 - - [25/May/2026 10:37:13] "POST /api/refresh HTTP/1.1" 200 -
2026-05-25 10:37:13,746 - werkzeug - INFO - 127.0.0.1 - - [25/May/2026 10:37:13] "GET /api/stock-diff/load/20260525 HTTP/1.1" 200 -
2026-05-25 10:37:13,754 - werkzeug - INFO - 127.0.0.1 - - [25/May/2026 10:37:13] "GET /api/block-strength/continuous?date=20260525 HTTP/1.1" 200 -
2026-05-25 10:37:13,790 - werkzeug - INFO - 127.0.0.1 - - [25/May/2026 10:37:13] "OPTIONS /api/data/20260525 HTTP/1.1" 200 -
2026-05-25 10:37:13,827 - werkzeug - INFO - 127.0.0.1 - - [25/May/2026 10:37:13] "GET /api/data/20260525 HTTP/1.1" 200 -
2026-05-25 10:37:13,967 - werkzeug - INFO - 127.0.0.1 - - [25/May/2026 10:37:13] "GET /api/ladder-comparison/20260525 HTTP/1.1" 200 -
2026-05-25 10:38:11,813 - werkzeug - INFO - 127.0.0.1 - - [25/May/2026 10:38:11] "OPTIONS /api/stock-diff/save HTTP/1.1" 200 -
2026-05-25 10:38:11,833 - werkzeug - INFO - 127.0.0.1 - - [25/May/2026 10:38:11] "OPTIONS /api/data/20260525 HTTP/1.1" 200 -
2026-05-25 10:38:11,834 - werkzeug - INFO - 127.0.0.1 - - [25/May/2026 10:38:11] "GET /api/block-strength/continuous?date=20260525 HTTP/1.1" 200 -
2026-05-25 10:38:11,846 - werkzeug - INFO - 127.0.0.1 - - [25/May/2026 10:38:11] "GET /api/stock-diff/load/20260525 HTTP/1.1" 200 -
2026-05-25 10:38:11,922 - werkzeug - INFO - 127.0.0.1 - - [25/May/2026 10:38:11] "POST /api/stock-diff/save HTTP/1.1" 200 -
2026-05-25 10:38:11,926 - werkzeug - INFO - 127.0.0.1 - - [25/May/2026 10:38:11] "GET /api/block-strength/continuous?date=20260525 HTTP/1.1" 200 -
2026-05-25 10:38:12,003 - werkzeug - INFO - 127.0.0.1 - - [25/May/2026 10:38:12] "GET /api/data/20260525 HTTP/1.1" 200 -
2026-05-25 10:38:12,136 - werkzeug - INFO - 127.0.0.1 - - [25/May/2026 10:38:12] "GET /api/ladder-comparison/20260525 HTTP/1.1" 200 -
2026-05-25 10:38:12,348 - werkzeug - INFO - 127.0.0.1 - - [25/May/2026 10:38:12] "GET /api/ladder-comparison/20260525 HTTP/1.1" 200 -
2026-05-25 10:38:12,745 - werkzeug - INFO - 127.0.0.1 - - [25/May/2026 10:38:12] "OPTIONS /api/refresh HTTP/1.1" 200 -
2026-05-25 10:38:13,728 - werkzeug - INFO - 127.0.0.1 - - [25/May/2026 10:38:13] "POST /api/refresh HTTP/1.1" 200 -
2026-05-25 10:38:13,831 - werkzeug - INFO - 127.0.0.1 - - [25/May/2026 10:38:13] "GET /api/stock-diff/load/20260525 HTTP/1.1" 200 -
2026-05-25 10:38:13,836 - werkzeug - INFO - 127.0.0.1 - - [25/May/2026 10:38:13] "GET /api/block-strength/continuous?date=20260525 HTTP/1.1" 200 -
2026-05-25 10:38:13,930 - werkzeug - INFO - 127.0.0.1 - - [25/May/2026 10:38:13] "GET /api/data/20260525 HTTP/1.1" 200 -
2026-05-25 10:38:14,040 - werkzeug - INFO - 127.0.0.1 - - [25/May/2026 10:38:14] "GET /api/ladder-comparison/20260525 HTTP/1.1" 200 -
2026-05-25 10:39:12,752 - werkzeug - INFO - 127.0.0.1 - - [25/May/2026 10:39:12] "OPTIONS /api/refresh HTTP/1.1" 200 -
2026-05-25 10:39:14,189 - werkzeug - INFO - 127.0.0.1 - - [25/May/2026 10:39:14] "POST /api/refresh HTTP/1.1" 200 -
2026-05-25 10:39:14,294 - werkzeug - INFO - 127.0.0.1 - - [25/May/2026 10:39:14] "GET /api/block-strength/continuous?date=20260525 HTTP/1.1" 200 -
2026-05-25 10:39:14,295 - werkzeug - INFO - 127.0.0.1 - - [25/May/2026 10:39:14] "GET /api/stock-diff/load/20260525 HTTP/1.1" 200 -
2026-05-25 10:39:14,370 - werkzeug - INFO - 127.0.0.1 - - [25/May/2026 10:39:14] "OPTIONS /api/data/20260525 HTTP/1.1" 200 -
2026-05-25 10:39:14,530 - werkzeug - INFO - 127.0.0.1 - - [25/May/2026 10:39:14] "GET /api/data/20260525 HTTP/1.1" 200 -
2026-05-25 10:39:14,616 - werkzeug - INFO - 127.0.0.1 - - [25/May/2026 10:39:14] "GET /api/ladder-comparison/20260525 HTTP/1.1" 200 -
2026-05-25 10:40:12,748 - werkzeug - INFO - 127.0.0.1 - - [25/May/2026 10:40:12] "OPTIONS /api/refresh HTTP/1.1" 200 -
2026-05-25 10:40:13,924 - werkzeug - INFO - 127.0.0.1 - - [25/May/2026 10:40:13] "POST /api/refresh HTTP/1.1" 200 -
2026-05-25 10:40:14,044 - werkzeug - INFO - 127.0.0.1 - - [25/May/2026 10:40:14] "GET /api/stock-diff/load/20260525 HTTP/1.1" 200 -
2026-05-25 10:40:14,047 - werkzeug - INFO - 127.0.0.1 - - [25/May/2026 10:40:14] "GET /api/block-strength/continuous?date=20260525 HTTP/1.1" 200 -
[心跳] 同花顺会话保持成功

================================================================================
开始爬取 20260525 的数据...
================================================================================
✓ 已备份 0 只股票的next_change字段
✓ 已删除 20260525 的旧数据

从同花顺获取 20260525 的数据...
✓ 同花顺涨停梯队接口获取到 3 个梯队数据
✓ 同花顺涨停池接口获取到 74 只股票
✓ 同花顺板块强度接口获取到 20 个板块

保存板块数据...
✓ 保存了 20 个板块数据

处理涨停梯队数据...
✓ 从涨停梯队获取了 66 只股票的连板数

处理同花顺涨停池数据: 74 只股票

从同花顺数据构建股票列表...
✓ 构建了 74 只股票的DataFrame

处理 74 只涨停股...

更新昨日涨停股票的次日涨跌幅...
当前日期小于下一个交易日，更新next_change字段
沪市股票: 57 只, 深市股票: 58 只
沪市行情返回: True
成功获取沪市行情: 57 只
深市行情返回: True
成功获取深市行情: 58 只
✓ 更新了 115 只股票的次日涨跌幅
✓ 更新了 115 只昨日涨停股票的次日涨跌幅

✓ 数据保存成功！
  涨停总数: 74
  首板: 56
  2连板: 16
  3连板: 1
  4连板: 1
  5连板+: 0

================================================================================
✓ 数据爬取完成！总耗时: 0.90 秒
================================================================================
最新交易日查询结果: (datetime.date(2026, 5, 25),)
最新交易日: 2026-05-25, 用户选择日期: 2026-05-25
满足实时获取条件: 当前日期 < 下一个交易日
实时获取昨日涨停股票涨跌幅，股票数量: 115
沪市股票: 57 只, 深市股票: 58 只
沪市行情返回: True
成功获取沪市行情: 57 只
深市行情返回: True
成功获取深市行情: 58 只
[心跳] 同花顺会话保持成功
最新交易日查询结果: (datetime.date(2026, 5, 25),)
最新交易日: 2026-05-25, 用户选择日期: 2026-05-25
满足实时获取条件: 当前日期 < 下一个交易日
实时获取昨日涨停股票涨跌幅，股票数量: 115
沪市股票: 57 只, 深市股票: 58 只
沪市行情返回: True
成功获取沪市行情: 57 只
深市行情返回: True
成功获取深市行情: 58 只
最新交易日查询结果: (datetime.date(2026, 5, 25),)
最新交易日: 2026-05-25, 用户选择日期: 2026-05-25
满足实时获取条件: 当前日期 < 下一个交易日
实时获取昨日涨停股票涨跌幅，股票数量: 115
沪市股票: 57 只, 深市股票: 58 只
沪市行情返回: True
成功获取沪市行情: 57 只
深市行情返回: True
成功获取深市行情: 58 只

================================================================================
开始爬取 20260525 的数据...
================================================================================
✓ 已备份 0 只股票的next_change字段
✓ 已删除 20260525 的旧数据

从同花顺获取 20260525 的数据...
✓ 同花顺涨停梯队接口获取到 3 个梯队数据
✓ 同花顺涨停池接口获取到 73 只股票
✓ 同花顺板块强度接口获取到 20 个板块

保存板块数据...
✓ 保存了 20 个板块数据

处理涨停梯队数据...
✓ 从涨停梯队获取了 65 只股票的连板数

处理同花顺涨停池数据: 73 只股票

从同花顺数据构建股票列表...
✓ 构建了 73 只股票的DataFrame

处理 73 只涨停股...

更新昨日涨停股票的次日涨跌幅...
当前日期小于下一个交易日，更新next_change字段
沪市股票: 57 只, 深市股票: 58 只
沪市行情返回: True
成功获取沪市行情: 57 只
深市行情返回: True
成功获取深市行情: 58 只
✓ 更新了 115 只股票的次日涨跌幅
✓ 更新了 115 只昨日涨停股票的次日涨跌幅

✓ 数据保存成功！
  涨停总数: 73
  首板: 55
  2连板: 16
  3连板: 1
  4连板: 1
  5连板+: 0

================================================================================
✓ 数据爬取完成！总耗时: 0.96 秒
================================================================================
最新交易日查询结果: (datetime.date(2026, 5, 25),)
最新交易日: 2026-05-25, 用户选择日期: 2026-05-25
满足实时获取条件: 当前日期 < 下一个交易日
实时获取昨日涨停股票涨跌幅，股票数量: 115
沪市股票: 57 只, 深市股票: 58 只
沪市行情返回: True
成功获取沪市行情: 57 只
深市行情返回: True
成功获取深市行情: 58 只
[心跳] 同花顺会话保持成功

================================================================================
开始爬取 20260525 的数据...
================================================================================
✓ 已备份 0 只股票的next_change字段
✓ 已删除 20260525 的旧数据

从同花顺获取 20260525 的数据...
✓ 同花顺涨停梯队接口获取到 3 个梯队数据
✓ 同花顺涨停池接口获取到 74 只股票
✓ 同花顺板块强度接口获取到 20 个板块

保存板块数据...
✓ 保存了 20 个板块数据

处理涨停梯队数据...
✓ 从涨停梯队获取了 65 只股票的连板数

处理同花顺涨停池数据: 74 只股票

从同花顺数据构建股票列表...
✓ 构建了 74 只股票的DataFrame

处理 74 只涨停股...

更新昨日涨停股票的次日涨跌幅...
当前日期小于下一个交易日，更新next_change字段
沪市股票: 57 只, 深市股票: 58 只
沪市行情返回: True
成功获取沪市行情: 57 只
深市行情返回: True
成功获取深市行情: 58 只
✓ 更新了 115 只股票的次日涨跌幅
✓ 更新了 115 只昨日涨停股票的次日涨跌幅

✓ 数据保存成功！
  涨停总数: 74
  首板: 56
  2连板: 16
  3连板: 1
  4连板: 1
  5连板+: 0

================================================================================
✓ 数据爬取完成！总耗时: 1.42 秒
================================================================================
最新交易日查询结果: (datetime.date(2026, 5, 25),)
最新交易日: 2026-05-25, 用户选择日期: 2026-05-25
满足实时获取条件: 当前日期 < 下一个交易日
实时获取昨日涨停股票涨跌幅，股票数量: 115
沪市股票: 57 只, 深市股票: 58 只
沪市行情返回: True
成功获取沪市行情: 57 只
深市行情返回: True
成功获取深市行情: 58 只
[心跳] 同花顺会话保持成功
[财联社同步] 新增 1 条新闻，更新 0 条

================================================================================
开始爬取 20260525 的数据...
================================================================================
✓ 已备份 0 只股票的next_change字段
✓ 已删除 20260525 的旧数据

从同花顺获取 20260525 的数据...
✓ 同花顺涨停梯队接口获取到 3 个梯队数据
✓ 同花顺涨停池接口获取到 76 只股票
✓ 同花顺板块强度接口获取到 20 个板块

保存板块数据...
✓ 保存了 20 个板块数据

处理涨停梯队数据...
✓ 从涨停梯队获取了 66 只股票的连板数

处理同花顺涨停池数据: 76 只股票

从同花顺数据构建股票列表...
✓ 构建了 76 只股票的DataFrame

处理 76 只涨停股...

更新昨日涨停股票的次日涨跌幅...
当前日期小于下一个交易日，更新next_change字段
沪市股票: 57 只, 深市股票: 58 只
沪市行情返回: True
成功获取沪市行情: 57 只
深市行情返回: True
成功获取深市行情: 58 只
✓ 更新了 115 只股票的次日涨跌幅
✓ 更新了 115 只昨日涨停股票的次日涨跌幅

✓ 数据保存成功！
  涨停总数: 76
  首板: 58
  2连板: 16
  3连板: 1
  4连板: 1
  5连板+: 0

================================================================================
✓ 数据爬取完成！总耗时: 1.16 秒
================================================================================
最新交易日查询结果: (datetime.date(2026, 5, 25),)
2026-05-25 10:40:14,115 - werkzeug - INFO - 127.0.0.1 - - [25/May/2026 10:40:14] "OPTIONS /api/data/20260525 HTTP/1.1" 200 -
2026-05-25 10:40:14,232 - werkzeug - INFO - 127.0.0.1 - - [25/May/2026 10:40:14] "GET /api/data/20260525 HTTP/1.1" 200 -
2026-05-25 10:40:14,289 - werkzeug - INFO - 127.0.0.1 - - [25/May/2026 10:40:14] "GET /api/ladder-comparison/20260525 HTTP/1.1" 200 -
2026-05-25 10:41:12,744 - werkzeug - INFO - 127.0.0.1 - - [25/May/2026 10:41:12] "OPTIONS /api/refresh HTTP/1.1" 200 -
2026-05-25 10:41:13,905 - werkzeug - INFO - 127.0.0.1 - - [25/May/2026 10:41:13] "POST /api/refresh HTTP/1.1" 200 -
2026-05-25 10:41:13,996 - werkzeug - INFO - 127.0.0.1 - - [25/May/2026 10:41:13] "GET /api/stock-diff/load/20260525 HTTP/1.1" 200 -
2026-05-25 10:41:14,012 - werkzeug - INFO - 127.0.0.1 - - [25/May/2026 10:41:14] "GET /api/block-strength/continuous?date=20260525 HTTP/1.1" 200 -
2026-05-25 10:41:14,055 - werkzeug - INFO - 127.0.0.1 - - [25/May/2026 10:41:14] "OPTIONS /api/data/20260525 HTTP/1.1" 200 -
2026-05-25 10:41:14,093 - werkzeug - INFO - 127.0.0.1 - - [25/May/2026 10:41:14] "GET /api/data/20260525 HTTP/1.1" 200 -
2026-05-25 10:41:14,200 - werkzeug - INFO - 127.0.0.1 - - [25/May/2026 10:41:14] "GET /api/ladder-comparison/20260525 HTTP/1.1" 200 -
2026-05-25 10:42:12,746 - werkzeug - INFO - 127.0.0.1 - - [25/May/2026 10:42:12] "OPTIONS /api/refresh HTTP/1.1" 200 -
2026-05-25 10:42:13,651 - werkzeug - INFO - 127.0.0.1 - - [25/May/2026 10:42:13] "POST /api/refresh HTTP/1.1" 200 -
2026-05-25 10:42:13,748 - werkzeug - INFO - 127.0.0.1 - - [25/May/2026 10:42:13] "GET /api/stock-diff/load/20260525 HTTP/1.1" 200 -
2026-05-25 10:42:13,754 - werkzeug - INFO - 127.0.0.1 - - [25/May/2026 10:42:13] "GET /api/block-strength/continuous?date=20260525 HTTP/1.1" 200 -
2026-05-25 10:42:13,797 - werkzeug - INFO - 127.0.0.1 - - [25/May/2026 10:42:13] "OPTIONS /api/data/20260525 HTTP/1.1" 200 -
2026-05-25 10:42:13,836 - werkzeug - INFO - 127.0.0.1 - - [25/May/2026 10:42:13] "GET /api/data/20260525 HTTP/1.1" 200 -
2026-05-25 10:42:13,950 - werkzeug - INFO - 127.0.0.1 - - [25/May/2026 10:42:13] "GET /api/ladder-comparison/20260525 HTTP/1.1" 200 -
2026-05-25 10:43:12,759 - werkzeug - INFO - 127.0.0.1 - - [25/May/2026 10:43:12] "OPTIONS /api/refresh HTTP/1.1" 200 -
2026-05-25 10:43:13,923 - werkzeug - INFO - 127.0.0.1 - - [25/May/2026 10:43:13] "POST /api/refresh HTTP/1.1" 200 -
2026-05-25 10:43:14,021 - werkzeug - INFO - 127.0.0.1 - - [25/May/2026 10:43:14] "GET /api/stock-diff/load/20260525 HTTP/1.1" 200 -
2026-05-25 10:43:14,024 - werkzeug - INFO - 127.0.0.1 - - [25/May/2026 10:43:14] "GET /api/block-strength/continuous?date=20260525 HTTP/1.1" 200 -
2026-05-25 10:43:14,069 - werkzeug - INFO - 127.0.0.1 - - [25/May/2026 10:43:14] "OPTIONS /api/data/20260525 HTTP/1.1" 200 -
2026-05-25 10:43:14,105 - werkzeug - INFO - 127.0.0.1 - - [25/May/2026 10:43:14] "GET /api/data/20260525 HTTP/1.1" 200 -
2026-05-25 10:43:14,373 - werkzeug - INFO - 127.0.0.1 - - [25/May/2026 10:43:14] "GET /api/ladder-comparison/20260525 HTTP/1.1" 200 -
2026-05-25 10:43:24,849 - werkzeug - INFO - 127.0.0.1 - - [25/May/2026 10:43:24] "OPTIONS /api/stock-diff/save HTTP/1.1" 200 -
2026-05-25 10:43:24,850 - werkzeug - INFO - 127.0.0.1 - - [25/May/2026 10:43:24] "GET /api/stock-diff/load/20260525 HTTP/1.1" 200 -
2026-05-25 10:43:24,857 - werkzeug - INFO - 127.0.0.1 - - [25/May/2026 10:43:24] "OPTIONS /api/data/20260525 HTTP/1.1" 200 -
2026-05-25 10:43:24,866 - werkzeug - INFO - 127.0.0.1 - - [25/May/2026 10:43:24] "GET /api/block-strength/continuous?date=20260525 HTTP/1.1" 200 -
2026-05-25 10:43:24,907 - werkzeug - INFO - 127.0.0.1 - - [25/May/2026 10:43:24] "POST /api/stock-diff/save HTTP/1.1" 200 -
2026-05-25 10:43:24,927 - werkzeug - INFO - 127.0.0.1 - - [25/May/2026 10:43:24] "GET /api/block-strength/continuous?date=20260525 HTTP/1.1" 200 -
2026-05-25 10:43:24,980 - werkzeug - INFO - 127.0.0.1 - - [25/May/2026 10:43:24] "GET /api/data/20260525 HTTP/1.1" 200 -
2026-05-25 10:43:25,116 - werkzeug - INFO - 127.0.0.1 - - [25/May/2026 10:43:25] "GET /api/ladder-comparison/20260525 HTTP/1.1" 200 -
2026-05-25 10:43:25,394 - werkzeug - INFO - 127.0.0.1 - - [25/May/2026 10:43:25] "GET /api/ladder-comparison/20260525 HTTP/1.1" 200 -
2026-05-25 10:44:12,748 - werkzeug - INFO - 127.0.0.1 - - [25/May/2026 10:44:12] "OPTIONS /api/refresh HTTP/1.1" 200 -
最新交易日: 2026-05-25, 用户选择日期: 2026-05-25
满足实时获取条件: 当前日期 < 下一个交易日
实时获取昨日涨停股票涨跌幅，股票数量: 115
沪市股票: 57 只, 深市股票: 58 只
沪市行情返回: True
成功获取沪市行情: 57 只
深市行情返回: True
成功获取深市行情: 58 只
[心跳] 同花顺会话保持成功

================================================================================
开始爬取 20260525 的数据...
================================================================================
✓ 已备份 0 只股票的next_change字段
✓ 已删除 20260525 的旧数据

从同花顺获取 20260525 的数据...
✓ 同花顺涨停梯队接口获取到 3 个梯队数据
✓ 同花顺涨停池接口获取到 75 只股票
✓ 同花顺板块强度接口获取到 20 个板块

保存板块数据...
✓ 保存了 20 个板块数据

处理涨停梯队数据...
✓ 从涨停梯队获取了 65 只股票的连板数

处理同花顺涨停池数据: 75 只股票

从同花顺数据构建股票列表...
✓ 构建了 75 只股票的DataFrame

处理 75 只涨停股...

更新昨日涨停股票的次日涨跌幅...
当前日期小于下一个交易日，更新next_change字段
沪市股票: 57 只, 深市股票: 58 只
沪市行情返回: True
成功获取沪市行情: 57 只
深市行情返回: True
成功获取深市行情: 58 只
✓ 更新了 115 只股票的次日涨跌幅
✓ 更新了 115 只昨日涨停股票的次日涨跌幅

✓ 数据保存成功！
  涨停总数: 75
  首板: 57
  2连板: 16
  3连板: 1
  4连板: 1
  5连板+: 0

================================================================================
✓ 数据爬取完成！总耗时: 1.06 秒
================================================================================
最新交易日查询结果: (datetime.date(2026, 5, 25),)
最新交易日: 2026-05-25, 用户选择日期: 2026-05-25
满足实时获取条件: 当前日期 < 下一个交易日
实时获取昨日涨停股票涨跌幅，股票数量: 115
沪市股票: 57 只, 深市股票: 58 只
沪市行情返回: True
成功获取沪市行情: 57 只
深市行情返回: True
成功获取深市行情: 58 只
[心跳] 同花顺会话保持成功

================================================================================
开始爬取 20260525 的数据...
================================================================================
✓ 已备份 0 只股票的next_change字段
✓ 已删除 20260525 的旧数据

从同花顺获取 20260525 的数据...
✓ 同花顺涨停梯队接口获取到 3 个梯队数据
✓ 同花顺涨停池接口获取到 75 只股票
✓ 同花顺板块强度接口获取到 20 个板块

保存板块数据...
✓ 保存了 20 个板块数据

处理涨停梯队数据...
✓ 从涨停梯队获取了 65 只股票的连板数

处理同花顺涨停池数据: 75 只股票

从同花顺数据构建股票列表...
✓ 构建了 75 只股票的DataFrame

处理 75 只涨停股...

更新昨日涨停股票的次日涨跌幅...
当前日期小于下一个交易日，更新next_change字段
沪市股票: 57 只, 深市股票: 58 只
沪市行情返回: True
成功获取沪市行情: 57 只
深市行情返回: True
成功获取深市行情: 58 只
✓ 更新了 115 只股票的次日涨跌幅
✓ 更新了 115 只昨日涨停股票的次日涨跌幅

✓ 数据保存成功！
  涨停总数: 75
  首板: 57
  2连板: 16
  3连板: 1
  4连板: 1
  5连板+: 0

================================================================================
✓ 数据爬取完成！总耗时: 0.89 秒
================================================================================
最新交易日查询结果: (datetime.date(2026, 5, 25),)
最新交易日: 2026-05-25, 用户选择日期: 2026-05-25
满足实时获取条件: 当前日期 < 下一个交易日
实时获取昨日涨停股票涨跌幅，股票数量: 115
沪市股票: 57 只, 深市股票: 58 只
沪市行情返回: True
成功获取沪市行情: 57 只
深市行情返回: True
成功获取深市行情: 58 只
[心跳] 同花顺会话保持成功

================================================================================
开始爬取 20260525 的数据...
================================================================================
✓ 已备份 0 只股票的next_change字段
✓ 已删除 20260525 的旧数据

从同花顺获取 20260525 的数据...
✓ 同花顺涨停梯队接口获取到 3 个梯队数据
✓ 同花顺涨停池接口获取到 74 只股票
✓ 同花顺板块强度接口获取到 20 个板块

保存板块数据...
✓ 保存了 20 个板块数据

处理涨停梯队数据...
✓ 从涨停梯队获取了 65 只股票的连板数

处理同花顺涨停池数据: 74 只股票

从同花顺数据构建股票列表...
✓ 构建了 74 只股票的DataFrame

处理 74 只涨停股...

更新昨日涨停股票的次日涨跌幅...
当前日期小于下一个交易日，更新next_change字段
沪市股票: 57 只, 深市股票: 58 只
沪市行情返回: True
成功获取沪市行情: 57 只
深市行情返回: True
成功获取深市行情: 58 只
✓ 更新了 115 只股票的次日涨跌幅
✓ 更新了 115 只昨日涨停股票的次日涨跌幅

✓ 数据保存成功！
  涨停总数: 74
  首板: 56
  2连板: 16
  3连板: 1
  4连板: 1
  5连板+: 0

================================================================================
✓ 数据爬取完成！总耗时: 1.02 秒
================================================================================
最新交易日查询结果: (datetime.date(2026, 5, 25),)
最新交易日: 2026-05-25, 用户选择日期: 2026-05-25
满足实时获取条件: 当前日期 < 下一个交易日
实时获取昨日涨停股票涨跌幅，股票数量: 115
沪市股票: 57 只, 深市股票: 58 只
沪市行情返回: True
成功获取沪市行情: 57 只
深市行情返回: True
成功获取深市行情: 58 只
最新交易日查询结果: (datetime.date(2026, 5, 25),)
最新交易日: 2026-05-25, 用户选择日期: 2026-05-25
满足实时获取条件: 当前日期 < 下一个交易日
实时获取昨日涨停股票涨跌幅，股票数量: 115
沪市股票: 57 只, 深市股票: 58 只
沪市行情返回: True
成功获取沪市行情: 57 只
深市行情返回: True
成功获取深市行情: 58 只
最新交易日查询结果: (datetime.date(2026, 5, 25),)
最新交易日: 2026-05-25, 用户选择日期: 2026-05-25
满足实时获取条件: 当前日期 < 下一个交易日
实时获取昨日涨停股票涨跌幅，股票数量: 115
沪市股票: 57 只, 深市股票: 58 只
沪市行情返回: True
成功获取沪市行情: 57 只
深市行情返回: True
成功获取深市行情: 58 只
[心跳] 同花顺会话保持成功

================================================================================
开始爬取 20260525 的数据...
================================================================================
✓ 已备份 0 只股票的next_change字段
✓ 已删除 20260525 的旧数据

从同花顺获取 20260525 的数据...
✓ 同花顺涨停梯队接口获取到 3 个梯队数据
✓ 同花顺涨停池接口获取到 75 只股票
✓ 同花顺板块强度接口获取到 20 个板块

保存板块数据...
✓ 保存了 20 个板块数据

处理涨停梯队数据...
✓ 从涨停梯队获取了 66 只股票的连板数

处理同花顺涨停池数据: 75 只股票

从同花顺数据构建股票列表...
✓ 构建了 75 只股票的DataFrame

处理 75 只涨停股...

更新昨日涨停股票的次日涨跌幅...
当前日期小于下一个交易日，更新next_change字段
沪市股票: 57 只, 深市股票: 58 只
沪市行情返回: True
成功获取沪市行情: 57 只
深市行情返回: True
成功获取深市行情: 58 只
✓ 更新了 115 只股票的次日涨跌幅
✓ 更新了 115 只昨日涨停股票的次日涨跌幅

✓ 数据保存成功！
  涨停总数: 75
  首板: 57
  2连板: 16
  3连板: 1
  4连板: 1
  5连板+: 0
2026-05-25 10:44:13,908 - werkzeug - INFO - 127.0.0.1 - - [25/May/2026 10:44:13] "POST /api/refresh HTTP/1.1" 200 -
2026-05-25 10:44:14,000 - werkzeug - INFO - 127.0.0.1 - - [25/May/2026 10:44:14] "GET /api/stock-diff/load/20260525 HTTP/1.1" 200 -
2026-05-25 10:44:14,000 - werkzeug - INFO - 127.0.0.1 - - [25/May/2026 10:44:14] "GET /api/block-strength/continuous?date=20260525 HTTP/1.1" 200 -
2026-05-25 10:44:14,042 - werkzeug - INFO - 127.0.0.1 - - [25/May/2026 10:44:14] "OPTIONS /api/data/20260525 HTTP/1.1" 200 -
2026-05-25 10:44:14,078 - werkzeug - INFO - 127.0.0.1 - - [25/May/2026 10:44:14] "GET /api/data/20260525 HTTP/1.1" 200 -
2026-05-25 10:44:14,188 - werkzeug - INFO - 127.0.0.1 - - [25/May/2026 10:44:14] "GET /api/ladder-comparison/20260525 HTTP/1.1" 200 -
2026-05-25 10:45:12,746 - werkzeug - INFO - 127.0.0.1 - - [25/May/2026 10:45:12] "OPTIONS /api/refresh HTTP/1.1" 200 -
2026-05-25 10:45:13,634 - werkzeug - INFO - 127.0.0.1 - - [25/May/2026 10:45:13] "POST /api/refresh HTTP/1.1" 200 -
2026-05-25 10:45:13,732 - werkzeug - INFO - 127.0.0.1 - - [25/May/2026 10:45:13] "GET /api/stock-diff/load/20260525 HTTP/1.1" 200 -
2026-05-25 10:45:13,735 - werkzeug - INFO - 127.0.0.1 - - [25/May/2026 10:45:13] "GET /api/block-strength/continuous?date=20260525 HTTP/1.1" 200 -
2026-05-25 10:45:13,773 - werkzeug - INFO - 127.0.0.1 - - [25/May/2026 10:45:13] "OPTIONS /api/data/20260525 HTTP/1.1" 200 -
2026-05-25 10:45:13,808 - werkzeug - INFO - 127.0.0.1 - - [25/May/2026 10:45:13] "GET /api/data/20260525 HTTP/1.1" 200 -
2026-05-25 10:45:13,941 - werkzeug - INFO - 127.0.0.1 - - [25/May/2026 10:45:13] "GET /api/ladder-comparison/20260525 HTTP/1.1" 200 -
2026-05-25 10:46:12,744 - werkzeug - INFO - 127.0.0.1 - - [25/May/2026 10:46:12] "OPTIONS /api/refresh HTTP/1.1" 200 -
2026-05-25 10:46:13,721 - werkzeug - INFO - 127.0.0.1 - - [25/May/2026 10:46:13] "POST /api/refresh HTTP/1.1" 200 -
2026-05-25 10:46:13,819 - werkzeug - INFO - 127.0.0.1 - - [25/May/2026 10:46:13] "GET /api/stock-diff/load/20260525 HTTP/1.1" 200 -
2026-05-25 10:46:13,827 - werkzeug - INFO - 127.0.0.1 - - [25/May/2026 10:46:13] "GET /api/block-strength/continuous?date=20260525 HTTP/1.1" 200 -
2026-05-25 10:46:13,866 - werkzeug - INFO - 127.0.0.1 - - [25/May/2026 10:46:13] "OPTIONS /api/data/20260525 HTTP/1.1" 200 -
2026-05-25 10:46:13,904 - werkzeug - INFO - 127.0.0.1 - - [25/May/2026 10:46:13] "GET /api/data/20260525 HTTP/1.1" 200 -
2026-05-25 10:46:14,044 - werkzeug - INFO - 127.0.0.1 - - [25/May/2026 10:46:14] "GET /api/ladder-comparison/20260525 HTTP/1.1" 200 -
2026-05-25 10:47:12,745 - werkzeug - INFO - 127.0.0.1 - - [25/May/2026 10:47:12] "OPTIONS /api/refresh HTTP/1.1" 200 -
2026-05-25 10:47:13,612 - werkzeug - INFO - 127.0.0.1 - - [25/May/2026 10:47:13] "POST /api/refresh HTTP/1.1" 200 -
2026-05-25 10:47:13,704 - werkzeug - INFO - 127.0.0.1 - - [25/May/2026 10:47:13] "GET /api/stock-diff/load/20260525 HTTP/1.1" 200 -
2026-05-25 10:47:13,711 - werkzeug - INFO - 127.0.0.1 - - [25/May/2026 10:47:13] "GET /api/block-strength/continuous?date=20260525 HTTP/1.1" 200 -
2026-05-25 10:47:13,748 - werkzeug - INFO - 127.0.0.1 - - [25/May/2026 10:47:13] "OPTIONS /api/data/20260525 HTTP/1.1" 200 -
2026-05-25 10:47:13,792 - werkzeug - INFO - 127.0.0.1 - - [25/May/2026 10:47:13] "GET /api/data/20260525 HTTP/1.1" 200 -
2026-05-25 10:47:13,903 - werkzeug - INFO - 127.0.0.1 - - [25/May/2026 10:47:13] "GET /api/ladder-comparison/20260525 HTTP/1.1" 200 -
2026-05-25 10:48:12,744 - werkzeug - INFO - 127.0.0.1 - - [25/May/2026 10:48:12] "OPTIONS /api/refresh HTTP/1.1" 200 -
2026-05-25 10:48:13,730 - werkzeug - INFO - 127.0.0.1 - - [25/May/2026 10:48:13] "POST /api/refresh HTTP/1.1" 200 -
2026-05-25 10:48:13,826 - werkzeug - INFO - 127.0.0.1 - - [25/May/2026 10:48:13] "GET /api/block-strength/continuous?date=20260525 HTTP/1.1" 200 -
2026-05-25 10:48:13,827 - werkzeug - INFO - 127.0.0.1 - - [25/May/2026 10:48:13] "GET /api/stock-diff/load/20260525 HTTP/1.1" 200 -
2026-05-25 10:48:13,870 - werkzeug - INFO - 127.0.0.1 - - [25/May/2026 10:48:13] "OPTIONS /api/data/20260525 HTTP/1.1" 200 -
2026-05-25 10:48:13,912 - werkzeug - INFO - 127.0.0.1 - - [25/May/2026 10:48:13] "GET /api/data/20260525 HTTP/1.1" 200 -

================================================================================
✓ 数据爬取完成！总耗时: 1.15 秒
================================================================================
最新交易日查询结果: (datetime.date(2026, 5, 25),)
最新交易日: 2026-05-25, 用户选择日期: 2026-05-25
满足实时获取条件: 当前日期 < 下一个交易日
实时获取昨日涨停股票涨跌幅，股票数量: 115
沪市股票: 57 只, 深市股票: 58 只
沪市行情返回: True
成功获取沪市行情: 57 只
深市行情返回: True
成功获取深市行情: 58 只
[心跳] 同花顺会话保持成功
[财联社同步] 新增 3 条新闻，更新 1 条

================================================================================
开始爬取 20260525 的数据...
================================================================================
✓ 已备份 0 只股票的next_change字段
✓ 已删除 20260525 的旧数据

从同花顺获取 20260525 的数据...
✓ 同花顺涨停梯队接口获取到 3 个梯队数据
✓ 同花顺涨停池接口获取到 75 只股票
✓ 同花顺板块强度接口获取到 20 个板块

保存板块数据...
✓ 保存了 20 个板块数据

处理涨停梯队数据...
✓ 从涨停梯队获取了 65 只股票的连板数

处理同花顺涨停池数据: 75 只股票

从同花顺数据构建股票列表...
✓ 构建了 75 只股票的DataFrame

处理 75 只涨停股...

更新昨日涨停股票的次日涨跌幅...
当前日期小于下一个交易日，更新next_change字段
沪市股票: 57 只, 深市股票: 58 只
沪市行情返回: True
成功获取沪市行情: 57 只
深市行情返回: True
成功获取深市行情: 58 只
✓ 更新了 115 只股票的次日涨跌幅
✓ 更新了 115 只昨日涨停股票的次日涨跌幅

✓ 数据保存成功！
  涨停总数: 75
  首板: 57
  2连板: 16
  3连板: 1
  4连板: 1
  5连板+: 0

================================================================================
✓ 数据爬取完成！总耗时: 0.87 秒
================================================================================
最新交易日查询结果: (datetime.date(2026, 5, 25),)
最新交易日: 2026-05-25, 用户选择日期: 2026-05-25
满足实时获取条件: 当前日期 < 下一个交易日
实时获取昨日涨停股票涨跌幅，股票数量: 115
沪市股票: 57 只, 深市股票: 58 只
沪市行情返回: True
成功获取沪市行情: 57 只
深市行情返回: True
成功获取深市行情: 58 只
[心跳] 同花顺会话保持成功

================================================================================
开始爬取 20260525 的数据...
================================================================================
✓ 已备份 0 只股票的next_change字段
✓ 已删除 20260525 的旧数据

从同花顺获取 20260525 的数据...
✓ 同花顺涨停梯队接口获取到 3 个梯队数据
✓ 同花顺涨停池接口获取到 74 只股票
✓ 同花顺板块强度接口获取到 20 个板块

保存板块数据...
✓ 保存了 20 个板块数据

处理涨停梯队数据...
✓ 从涨停梯队获取了 65 只股票的连板数

处理同花顺涨停池数据: 74 只股票

从同花顺数据构建股票列表...
✓ 构建了 74 只股票的DataFrame

处理 74 只涨停股...

更新昨日涨停股票的次日涨跌幅...
当前日期小于下一个交易日，更新next_change字段
沪市股票: 57 只, 深市股票: 58 只
沪市行情返回: True
成功获取沪市行情: 57 只
深市行情返回: True
成功获取深市行情: 58 只
✓ 更新了 115 只股票的次日涨跌幅
✓ 更新了 115 只昨日涨停股票的次日涨跌幅

✓ 数据保存成功！
  涨停总数: 74
  首板: 56
  2连板: 16
  3连板: 1
  4连板: 1
  5连板+: 0

================================================================================
✓ 数据爬取完成！总耗时: 0.95 秒
================================================================================
最新交易日查询结果: (datetime.date(2026, 5, 25),)
最新交易日: 2026-05-25, 用户选择日期: 2026-05-25
满足实时获取条件: 当前日期 < 下一个交易日
实时获取昨日涨停股票涨跌幅，股票数量: 115
沪市股票: 57 只, 深市股票: 58 只
沪市行情返回: True
成功获取沪市行情: 57 只
深市行情返回: True
成功获取深市行情: 58 只
[心跳] 同花顺会话保持成功

================================================================================
开始爬取 20260525 的数据...
================================================================================
✓ 已备份 0 只股票的next_change字段
✓ 已删除 20260525 的旧数据

从同花顺获取 20260525 的数据...
✓ 同花顺涨停梯队接口获取到 3 个梯队数据
✓ 同花顺涨停池接口获取到 75 只股票
✓ 同花顺板块强度接口获取到 20 个板块

保存板块数据...
✓ 保存了 20 个板块数据

处理涨停梯队数据...
✓ 从涨停梯队获取了 65 只股票的连板数

处理同花顺涨停池数据: 75 只股票

从同花顺数据构建股票列表...
✓ 构建了 75 只股票的DataFrame

处理 75 只涨停股...

更新昨日涨停股票的次日涨跌幅...
当前日期小于下一个交易日，更新next_change字段
沪市股票: 57 只, 深市股票: 58 只
沪市行情返回: True
成功获取沪市行情: 57 只
深市行情返回: True
成功获取深市行情: 58 只
✓ 更新了 115 只股票的次日涨跌幅
✓ 更新了 115 只昨日涨停股票的次日涨跌幅

✓ 数据保存成功！
  涨停总数: 75
  首板: 57
  2连板: 16
  3连板: 1
  4连板: 1
  5连板+: 0

================================================================================
✓ 数据爬取完成！总耗时: 0.84 秒
================================================================================
最新交易日查询结果: (datetime.date(2026, 5, 25),)
最新交易日: 2026-05-25, 用户选择日期: 2026-05-25
满足实时获取条件: 当前日期 < 下一个交易日
实时获取昨日涨停股票涨跌幅，股票数量: 115
沪市股票: 57 只, 深市股票: 58 只
沪市行情返回: True
成功获取沪市行情: 57 只
深市行情返回: True
成功获取深市行情: 58 只
[心跳] 同花顺会话保持成功

================================================================================
开始爬取 20260525 的数据...
================================================================================
✓ 已备份 0 只股票的next_change字段
✓ 已删除 20260525 的旧数据

从同花顺获取 20260525 的数据...
✓ 同花顺涨停梯队接口获取到 3 个梯队数据
✓ 同花顺涨停池接口获取到 77 只股票
✓ 同花顺板块强度接口获取到 20 个板块

保存板块数据...
✓ 保存了 20 个板块数据

处理涨停梯队数据...
✓ 从涨停梯队获取了 65 只股票的连板数

处理同花顺涨停池数据: 77 只股票

从同花顺数据构建股票列表...
✓ 构建了 77 只股票的DataFrame

处理 77 只涨停股...

更新昨日涨停股票的次日涨跌幅...
当前日期小于下一个交易日，更新next_change字段
沪市股票: 57 只, 深市股票: 58 只
沪市行情返回: True
成功获取沪市行情: 57 只
深市行情返回: True
成功获取深市行情: 58 只
✓ 更新了 115 只股票的次日涨跌幅
✓ 更新了 115 只昨日涨停股票的次日涨跌幅

✓ 数据保存成功！
  涨停总数: 77
  首板: 59
  2连板: 16
  3连板: 1
  4连板: 1
  5连板+: 0

================================================================================
✓ 数据爬取完成！总耗时: 0.96 秒
================================================================================
最新交易日查询结果: (datetime.date(2026, 5, 25),)
最新交易日: 2026-05-25, 用户选择日期: 2026-05-25
满足实时获取条件: 当前日期 < 下一个交易日
实时获取昨日涨停股票涨跌幅，股票数量: 115
沪市股票: 57 只, 深市股票: 58 只
2026-05-25 10:48:14,026 - werkzeug - INFO - 127.0.0.1 - - [25/May/2026 10:48:14] "GET /api/ladder-comparison/20260525 HTTP/1.1" 200 -
2026-05-25 10:49:12,745 - werkzeug - INFO - 127.0.0.1 - - [25/May/2026 10:49:12] "OPTIONS /api/refresh HTTP/1.1" 200 -
2026-05-25 10:49:13,972 - werkzeug - INFO - 127.0.0.1 - - [25/May/2026 10:49:13] "POST /api/refresh HTTP/1.1" 200 -
2026-05-25 10:49:14,076 - werkzeug - INFO - 127.0.0.1 - - [25/May/2026 10:49:14] "GET /api/stock-diff/load/20260525 HTTP/1.1" 200 -
2026-05-25 10:49:14,080 - werkzeug - INFO - 127.0.0.1 - - [25/May/2026 10:49:14] "GET /api/block-strength/continuous?date=20260525 HTTP/1.1" 200 -
2026-05-25 10:49:14,116 - werkzeug - INFO - 127.0.0.1 - - [25/May/2026 10:49:14] "OPTIONS /api/data/20260525 HTTP/1.1" 200 -
2026-05-25 10:49:14,152 - werkzeug - INFO - 127.0.0.1 - - [25/May/2026 10:49:14] "GET /api/data/20260525 HTTP/1.1" 200 -
2026-05-25 10:49:14,266 - werkzeug - INFO - 127.0.0.1 - - [25/May/2026 10:49:14] "GET /api/ladder-comparison/20260525 HTTP/1.1" 200 -
2026-05-25 10:50:12,741 - werkzeug - INFO - 127.0.0.1 - - [25/May/2026 10:50:12] "OPTIONS /api/refresh HTTP/1.1" 200 -
2026-05-25 10:50:13,582 - werkzeug - INFO - 127.0.0.1 - - [25/May/2026 10:50:13] "POST /api/refresh HTTP/1.1" 200 -
2026-05-25 10:50:13,669 - werkzeug - INFO - 127.0.0.1 - - [25/May/2026 10:50:13] "GET /api/stock-diff/load/20260525 HTTP/1.1" 200 -
2026-05-25 10:50:13,674 - werkzeug - INFO - 127.0.0.1 - - [25/May/2026 10:50:13] "GET /api/block-strength/continuous?date=20260525 HTTP/1.1" 200 -
2026-05-25 10:50:13,704 - werkzeug - INFO - 127.0.0.1 - - [25/May/2026 10:50:13] "OPTIONS /api/data/20260525 HTTP/1.1" 200 -
2026-05-25 10:50:13,737 - werkzeug - INFO - 127.0.0.1 - - [25/May/2026 10:50:13] "GET /api/data/20260525 HTTP/1.1" 200 -
2026-05-25 10:50:13,874 - werkzeug - INFO - 127.0.0.1 - - [25/May/2026 10:50:13] "GET /api/ladder-comparison/20260525 HTTP/1.1" 200 -
2026-05-25 10:51:12,756 - werkzeug - INFO - 127.0.0.1 - - [25/May/2026 10:51:12] "OPTIONS /api/refresh HTTP/1.1" 200 -
2026-05-25 10:51:13,645 - werkzeug - INFO - 127.0.0.1 - - [25/May/2026 10:51:13] "POST /api/refresh HTTP/1.1" 200 -
2026-05-25 10:51:13,731 - werkzeug - INFO - 127.0.0.1 - - [25/May/2026 10:51:13] "GET /api/stock-diff/load/20260525 HTTP/1.1" 200 -
2026-05-25 10:51:13,737 - werkzeug - INFO - 127.0.0.1 - - [25/May/2026 10:51:13] "GET /api/block-strength/continuous?date=20260525 HTTP/1.1" 200 -
2026-05-25 10:51:13,773 - werkzeug - INFO - 127.0.0.1 - - [25/May/2026 10:51:13] "OPTIONS /api/data/20260525 HTTP/1.1" 200 -
2026-05-25 10:51:13,815 - werkzeug - INFO - 127.0.0.1 - - [25/May/2026 10:51:13] "GET /api/data/20260525 HTTP/1.1" 200 -
2026-05-25 10:51:13,940 - werkzeug - INFO - 127.0.0.1 - - [25/May/2026 10:51:13] "GET /api/ladder-comparison/20260525 HTTP/1.1" 200 -
2026-05-25 10:52:12,759 - werkzeug - INFO - 127.0.0.1 - - [25/May/2026 10:52:12] "OPTIONS /api/refresh HTTP/1.1" 200 -
2026-05-25 10:52:13,743 - werkzeug - INFO - 127.0.0.1 - - [25/May/2026 10:52:13] "POST /api/refresh HTTP/1.1" 200 -
2026-05-25 10:52:13,830 - werkzeug - INFO - 127.0.0.1 - - [25/May/2026 10:52:13] "GET /api/stock-diff/load/20260525 HTTP/1.1" 200 -
2026-05-25 10:52:13,834 - werkzeug - INFO - 127.0.0.1 - - [25/May/2026 10:52:13] "GET /api/block-strength/continuous?date=20260525 HTTP/1.1" 200 -
2026-05-25 10:52:13,872 - werkzeug - INFO - 127.0.0.1 - - [25/May/2026 10:52:13] "OPTIONS /api/data/20260525 HTTP/1.1" 200 -
2026-05-25 10:52:13,917 - werkzeug - INFO - 127.0.0.1 - - [25/May/2026 10:52:13] "GET /api/data/20260525 HTTP/1.1" 200 -
2026-05-25 10:52:14,040 - werkzeug - INFO - 127.0.0.1 - - [25/May/2026 10:52:14] "GET /api/ladder-comparison/20260525 HTTP/1.1" 200 -
2026-05-25 10:53:12,759 - werkzeug - INFO - 127.0.0.1 - - [25/May/2026 10:53:12] "OPTIONS /api/refresh HTTP/1.1" 200 -
沪市行情返回: True
成功获取沪市行情: 57 只
深市行情返回: True
成功获取深市行情: 58 只
[心跳] 同花顺会话保持成功

================================================================================
开始爬取 20260525 的数据...
================================================================================
✓ 已备份 0 只股票的next_change字段
✓ 已删除 20260525 的旧数据

从同花顺获取 20260525 的数据...
✓ 同花顺涨停梯队接口获取到 3 个梯队数据
✓ 同花顺涨停池接口获取到 77 只股票
✓ 同花顺板块强度接口获取到 20 个板块

保存板块数据...
✓ 保存了 20 个板块数据

处理涨停梯队数据...
✓ 从涨停梯队获取了 66 只股票的连板数

处理同花顺涨停池数据: 77 只股票

从同花顺数据构建股票列表...
✓ 构建了 77 只股票的DataFrame

处理 77 只涨停股...

更新昨日涨停股票的次日涨跌幅...
当前日期小于下一个交易日，更新next_change字段
沪市股票: 57 只, 深市股票: 58 只
沪市行情返回: True
成功获取沪市行情: 57 只
深市行情返回: True
成功获取深市行情: 58 只
✓ 更新了 115 只股票的次日涨跌幅
✓ 更新了 115 只昨日涨停股票的次日涨跌幅

✓ 数据保存成功！
  涨停总数: 77
  首板: 59
  2连板: 16
  3连板: 1
  4连板: 1
  5连板+: 0

================================================================================
✓ 数据爬取完成！总耗时: 1.20 秒
================================================================================
最新交易日查询结果: (datetime.date(2026, 5, 25),)
最新交易日: 2026-05-25, 用户选择日期: 2026-05-25
满足实时获取条件: 当前日期 < 下一个交易日
实时获取昨日涨停股票涨跌幅，股票数量: 115
沪市股票: 57 只, 深市股票: 58 只
沪市行情返回: True
成功获取沪市行情: 57 只
深市行情返回: True
成功获取深市行情: 58 只
[心跳] 同花顺会话保持成功
[财联社同步] 新增 1 条新闻，更新 1 条

================================================================================
开始爬取 20260525 的数据...
================================================================================
✓ 已备份 0 只股票的next_change字段
✓ 已删除 20260525 的旧数据

从同花顺获取 20260525 的数据...
✓ 同花顺涨停梯队接口获取到 3 个梯队数据
✓ 同花顺涨停池接口获取到 74 只股票
✓ 同花顺板块强度接口获取到 20 个板块

保存板块数据...
✓ 保存了 20 个板块数据

处理涨停梯队数据...
✓ 从涨停梯队获取了 65 只股票的连板数

处理同花顺涨停池数据: 74 只股票

从同花顺数据构建股票列表...
✓ 构建了 74 只股票的DataFrame

处理 74 只涨停股...

更新昨日涨停股票的次日涨跌幅...
当前日期小于下一个交易日，更新next_change字段
沪市股票: 57 只, 深市股票: 58 只
沪市行情返回: True
成功获取沪市行情: 57 只
深市行情返回: True
成功获取深市行情: 58 只
✓ 更新了 115 只股票的次日涨跌幅
✓ 更新了 115 只昨日涨停股票的次日涨跌幅

✓ 数据保存成功！
  涨停总数: 74
  首板: 57
  2连板: 15
  3连板: 1
  4连板: 1
  5连板+: 0

================================================================================
✓ 数据爬取完成！总耗时: 0.83 秒
================================================================================
最新交易日查询结果: (datetime.date(2026, 5, 25),)
最新交易日: 2026-05-25, 用户选择日期: 2026-05-25
满足实时获取条件: 当前日期 < 下一个交易日
实时获取昨日涨停股票涨跌幅，股票数量: 115
沪市股票: 57 只, 深市股票: 58 只
沪市行情返回: True
成功获取沪市行情: 57 只
深市行情返回: True
成功获取深市行情: 58 只
[心跳] 同花顺会话保持成功

================================================================================
开始爬取 20260525 的数据...
================================================================================
✓ 已备份 0 只股票的next_change字段
✓ 已删除 20260525 的旧数据

从同花顺获取 20260525 的数据...
✓ 同花顺涨停梯队接口获取到 3 个梯队数据
✓ 同花顺涨停池接口获取到 75 只股票
✓ 同花顺板块强度接口获取到 20 个板块

保存板块数据...
✓ 保存了 20 个板块数据

处理涨停梯队数据...
✓ 从涨停梯队获取了 64 只股票的连板数

处理同花顺涨停池数据: 75 只股票

从同花顺数据构建股票列表...
✓ 构建了 75 只股票的DataFrame

处理 75 只涨停股...

更新昨日涨停股票的次日涨跌幅...
当前日期小于下一个交易日，更新next_change字段
沪市股票: 57 只, 深市股票: 58 只
沪市行情返回: True
成功获取沪市行情: 57 只
深市行情返回: True
成功获取深市行情: 58 只
✓ 更新了 115 只股票的次日涨跌幅
✓ 更新了 115 只昨日涨停股票的次日涨跌幅

✓ 数据保存成功！
  涨停总数: 75
  首板: 58
  2连板: 15
  3连板: 1
  4连板: 1
  5连板+: 0

================================================================================
✓ 数据爬取完成！总耗时: 0.86 秒
================================================================================
最新交易日查询结果: (datetime.date(2026, 5, 25),)
最新交易日: 2026-05-25, 用户选择日期: 2026-05-25
满足实时获取条件: 当前日期 < 下一个交易日
实时获取昨日涨停股票涨跌幅，股票数量: 115
沪市股票: 57 只, 深市股票: 58 只
沪市行情返回: True
成功获取沪市行情: 57 只
深市行情返回: True
成功获取深市行情: 58 只
[心跳] 同花顺会话保持成功

================================================================================
开始爬取 20260525 的数据...
================================================================================
✓ 已备份 0 只股票的next_change字段
✓ 已删除 20260525 的旧数据

从同花顺获取 20260525 的数据...
✓ 同花顺涨停梯队接口获取到 3 个梯队数据
✓ 同花顺涨停池接口获取到 74 只股票
✓ 同花顺板块强度接口获取到 20 个板块

保存板块数据...
✓ 保存了 20 个板块数据

处理涨停梯队数据...
✓ 从涨停梯队获取了 63 只股票的连板数

处理同花顺涨停池数据: 74 只股票

从同花顺数据构建股票列表...
✓ 构建了 74 只股票的DataFrame

处理 74 只涨停股...

更新昨日涨停股票的次日涨跌幅...
当前日期小于下一个交易日，更新next_change字段
沪市股票: 57 只, 深市股票: 58 只
沪市行情返回: True
成功获取沪市行情: 57 只
深市行情返回: True
成功获取深市行情: 58 只
✓ 更新了 115 只股票的次日涨跌幅
✓ 更新了 115 只昨日涨停股票的次日涨跌幅

✓ 数据保存成功！
  涨停总数: 74
  首板: 57
  2连板: 15
  3连板: 1
  4连板: 1
  5连板+: 0

================================================================================
✓ 数据爬取完成！总耗时: 0.96 秒
================================================================================
最新交易日查询结果: (datetime.date(2026, 5, 25),)
最新交易日: 2026-05-25, 用户选择日期: 2026-05-25
满足实时获取条件: 当前日期 < 下一个交易日
实时获取昨日涨停股票涨跌幅，股票数量: 115
沪市股票: 57 只, 深市股票: 58 只
沪市行情返回: True
成功获取沪市行情: 57 只
深市行情返回: True
成功获取深市行情: 58 只
[心跳] 同花顺会话保持成功

================================================================================
开始爬取 20260525 的数据...
================================================================================
✓ 已备份 0 只股票的next_change字段
✓ 已删除 20260525 的旧数据

从同花顺获取 20260525 的数据...
2026-05-25 10:53:13,608 - werkzeug - INFO - 127.0.0.1 - - [25/May/2026 10:53:13] "POST /api/refresh HTTP/1.1" 200 -
2026-05-25 10:53:13,696 - werkzeug - INFO - 127.0.0.1 - - [25/May/2026 10:53:13] "GET /api/stock-diff/load/20260525 HTTP/1.1" 200 -
2026-05-25 10:53:13,699 - werkzeug - INFO - 127.0.0.1 - - [25/May/2026 10:53:13] "GET /api/block-strength/continuous?date=20260525 HTTP/1.1" 200 -
2026-05-25 10:53:13,732 - werkzeug - INFO - 127.0.0.1 - - [25/May/2026 10:53:13] "OPTIONS /api/data/20260525 HTTP/1.1" 200 -
2026-05-25 10:53:13,792 - werkzeug - INFO - 127.0.0.1 - - [25/May/2026 10:53:13] "GET /api/data/20260525 HTTP/1.1" 200 -
2026-05-25 10:53:13,928 - werkzeug - INFO - 127.0.0.1 - - [25/May/2026 10:53:13] "GET /api/ladder-comparison/20260525 HTTP/1.1" 200 -
2026-05-25 10:53:41,672 - werkzeug - INFO - 127.0.0.1 - - [25/May/2026 10:53:41] "OPTIONS /api/auth/me HTTP/1.1" 200 -
2026-05-25 10:53:41,736 - werkzeug - INFO - 127.0.0.1 - - [25/May/2026 10:53:41] "GET /api/auth/me HTTP/1.1" 200 -
2026-05-25 10:53:42,055 - werkzeug - INFO - 127.0.0.1 - - [25/May/2026 10:53:42] "OPTIONS /api/adjacent-trading-days/20260525 HTTP/1.1" 200 -
2026-05-25 10:53:42,062 - werkzeug - INFO - 127.0.0.1 - - [25/May/2026 10:53:42] "GET /api/adjacent-trading-days/20260525 HTTP/1.1" 200 -
2026-05-25 10:53:42,136 - werkzeug - INFO - 127.0.0.1 - - [25/May/2026 10:53:42] "GET /api/stock-diff/load/20260525 HTTP/1.1" 200 -
2026-05-25 10:53:42,139 - werkzeug - INFO - 127.0.0.1 - - [25/May/2026 10:53:42] "GET /api/block-strength/continuous?date=20260525 HTTP/1.1" 200 -
2026-05-25 10:53:42,153 - werkzeug - INFO - 127.0.0.1 - - [25/May/2026 10:53:42] "OPTIONS /api/data/20260525 HTTP/1.1" 200 -
2026-05-25 10:53:42,163 - werkzeug - INFO - 127.0.0.1 - - [25/May/2026 10:53:42] "GET /api/adjacent-trading-days/20260525 HTTP/1.1" 200 -
2026-05-25 10:53:42,194 - werkzeug - INFO - 127.0.0.1 - - [25/May/2026 10:53:42] "GET /api/data/20260525 HTTP/1.1" 200 -
2026-05-25 10:53:42,836 - werkzeug - INFO - 127.0.0.1 - - [25/May/2026 10:53:42] "GET /api/ladder-comparison/20260525 HTTP/1.1" 200 -
2026-05-25 11:48:25,540 - werkzeug - INFO - 127.0.0.1 - - [25/May/2026 11:48:25] "OPTIONS /api/auth/me HTTP/1.1" 200 -
2026-05-25 11:48:25,600 - werkzeug - INFO - 127.0.0.1 - - [25/May/2026 11:48:25] "GET /api/auth/me HTTP/1.1" 200 -
2026-05-25 11:48:25,823 - werkzeug - INFO - 127.0.0.1 - - [25/May/2026 11:48:25] "OPTIONS /api/adjacent-trading-days/20260525 HTTP/1.1" 200 -
2026-05-25 11:48:25,857 - werkzeug - INFO - 127.0.0.1 - - [25/May/2026 11:48:25] "GET /api/adjacent-trading-days/20260525 HTTP/1.1" 200 -
2026-05-25 11:48:25,897 - werkzeug - INFO - 127.0.0.1 - - [25/May/2026 11:48:25] "GET /api/stock-diff/load/20260525 HTTP/1.1" 200 -
2026-05-25 11:48:25,912 - werkzeug - INFO - 127.0.0.1 - - [25/May/2026 11:48:25] "OPTIONS /api/data/20260525 HTTP/1.1" 200 -
2026-05-25 11:48:25,922 - werkzeug - INFO - 127.0.0.1 - - [25/May/2026 11:48:25] "GET /api/adjacent-trading-days/20260525 HTTP/1.1" 200 -
2026-05-25 11:48:25,934 - werkzeug - INFO - 127.0.0.1 - - [25/May/2026 11:48:25] "GET /api/block-strength/continuous?date=20260525 HTTP/1.1" 200 -
2026-05-25 11:48:25,951 - werkzeug - INFO - 127.0.0.1 - - [25/May/2026 11:48:25] "GET /api/data/20260525 HTTP/1.1" 200 -
2026-05-25 11:48:26,478 - werkzeug - INFO - 127.0.0.1 - - [25/May/2026 11:48:26] "GET /api/ladder-comparison/20260525 HTTP/1.1" 200 -
2026-05-25 12:31:58,708 - werkzeug - INFO - 127.0.0.1 - - [25/May/2026 12:31:58] "OPTIONS /api/auth/me HTTP/1.1" 200 -
2026-05-25 12:31:58,793 - werkzeug - INFO - 127.0.0.1 - - [25/May/2026 12:31:58] "GET /api/auth/me HTTP/1.1" 200 -
2026-05-25 12:31:58,979 - werkzeug - INFO - 127.0.0.1 - - [25/May/2026 12:31:58] "OPTIONS /api/adjacent-trading-days/20260525 HTTP/1.1" 200 -
2026-05-25 12:31:58,994 - werkzeug - INFO - 127.0.0.1 - - [25/May/2026 12:31:58] "GET /api/adjacent-trading-days/20260525 HTTP/1.1" 200 -
2026-05-25 12:31:59,039 - werkzeug - INFO - 127.0.0.1 - - [25/May/2026 12:31:59] "GET /api/stock-diff/load/20260525 HTTP/1.1" 200 -
2026-05-25 12:31:59,046 - werkzeug - INFO - 127.0.0.1 - - [25/May/2026 12:31:59] "OPTIONS /api/data/20260525 HTTP/1.1" 200 -
2026-05-25 12:31:59,054 - werkzeug - INFO - 127.0.0.1 - - [25/May/2026 12:31:59] "GET /api/block-strength/continuous?date=20260525 HTTP/1.1" 200 -
2026-05-25 12:31:59,109 - werkzeug - INFO - 127.0.0.1 - - [25/May/2026 12:31:59] "GET /api/adjacent-trading-days/20260525 HTTP/1.1" 200 -
2026-05-25 12:31:59,149 - werkzeug - INFO - 127.0.0.1 - - [25/May/2026 12:31:59] "GET /api/data/20260525 HTTP/1.1" 200 -
2026-05-25 12:32:00,153 - werkzeug - INFO - 127.0.0.1 - - [25/May/2026 12:32:00] "GET /api/ladder-comparison/20260525 HTTP/1.1" 200 -
2026-05-25 12:32:04,784 - werkzeug - INFO - 127.0.0.1 - - [25/May/2026 12:32:04] "OPTIONS /api/statistics/profit?period=day HTTP/1.1" 200 -
2026-05-25 12:32:04,786 - werkzeug - INFO - 127.0.0.1 - - [25/May/2026 12:32:04] "OPTIONS /api/trade-records HTTP/1.1" 200 -
2026-05-25 12:32:04,808 - werkzeug - INFO - 127.0.0.1 - - [25/May/2026 12:32:04] "GET /api/statistics/profit?period=day HTTP/1.1" 200 -
2026-05-25 12:32:04,811 - werkzeug - INFO - 127.0.0.1 - - [25/May/2026 12:32:04] "GET /api/trade-records HTTP/1.1" 200 -
2026-05-25 12:32:07,299 - werkzeug - INFO - 127.0.0.1 - - [25/May/2026 12:32:07] "OPTIONS /api/admin/user-stats HTTP/1.1" 200 -
2026-05-25 12:32:07,322 - werkzeug - INFO - 127.0.0.1 - - [25/May/2026 12:32:07] "GET /api/admin/user-stats HTTP/1.1" 200 -
2026-05-25 12:32:13,567 - werkzeug - INFO - 127.0.0.1 - - [25/May/2026 12:32:13] "OPTIONS /api/statistics/profit?period=day HTTP/1.1" 200 -
2026-05-25 12:32:13,575 - werkzeug - INFO - 127.0.0.1 - - [25/May/2026 12:32:13] "OPTIONS /api/trade-records HTTP/1.1" 200 -
2026-05-25 12:32:13,610 - werkzeug - INFO - 127.0.0.1 - - [25/May/2026 12:32:13] "GET /api/statistics/profit?period=day HTTP/1.1" 200 -
2026-05-25 12:32:13,612 - werkzeug - INFO - 127.0.0.1 - - [25/May/2026 12:32:13] "GET /api/trade-records HTTP/1.1" 200 -
2026-05-25 12:32:27,657 - werkzeug - INFO - 127.0.0.1 - - [25/May/2026 12:32:27] "OPTIONS /api/statistics/profit?period=day HTTP/1.1" 200 -
2026-05-25 12:32:27,661 - werkzeug - INFO - 127.0.0.1 - - [25/May/2026 12:32:27] "OPTIONS /api/trade-records HTTP/1.1" 200 -
2026-05-25 12:32:27,806 - werkzeug - INFO - 127.0.0.1 - - [25/May/2026 12:32:27] "GET /api/statistics/profit?period=day HTTP/1.1" 200 -
2026-05-25 12:32:27,812 - werkzeug - INFO - 127.0.0.1 - - [25/May/2026 12:32:27] "GET /api/trade-records HTTP/1.1" 200 -
2026-05-25 12:32:35,283 - werkzeug - INFO - 127.0.0.1 - - [25/May/2026 12:32:35] "OPTIONS /api/admin/user-stats HTTP/1.1" 200 -
2026-05-25 12:32:35,367 - werkzeug - INFO - 127.0.0.1 - - [25/May/2026 12:32:35] "GET /api/admin/user-stats HTTP/1.1" 200 -
2026-05-25 12:32:40,257 - werkzeug - INFO - 127.0.0.1 - - [25/May/2026 12:32:40] "OPTIONS /api/statistics/profit?period=day HTTP/1.1" 200 -
2026-05-25 12:32:40,261 - werkzeug - INFO - 127.0.0.1 - - [25/May/2026 12:32:40] "OPTIONS /api/trade-records HTTP/1.1" 200 -
2026-05-25 12:32:40,281 - werkzeug - INFO - 127.0.0.1 - - [25/May/2026 12:32:40] "GET /api/statistics/profit?period=day HTTP/1.1" 200 -
2026-05-25 12:32:40,287 - werkzeug - INFO - 127.0.0.1 - - [25/May/2026 12:32:40] "GET /api/trade-records HTTP/1.1" 200 -
2026-05-25 12:32:42,652 - werkzeug - INFO - 127.0.0.1 - - [25/May/2026 12:32:42] "GET /api/stock-diff/load/20260525 HTTP/1.1" 200 -
2026-05-25 12:32:42,664 - werkzeug - INFO - 127.0.0.1 - - [25/May/2026 12:32:42] "GET /api/block-strength/continuous?date=20260525 HTTP/1.1" 200 -
2026-05-25 12:32:42,686 - werkzeug - INFO - 127.0.0.1 - - [25/May/2026 12:32:42] "GET /api/block-strength/continuous?date=20260525 HTTP/1.1" 200 -
2026-05-25 12:32:42,700 - werkzeug - INFO - 127.0.0.1 - - [25/May/2026 12:32:42] "OPTIONS /api/data/20260525 HTTP/1.1" 200 -
2026-05-25 12:32:42,754 - werkzeug - INFO - 127.0.0.1 - - [25/May/2026 12:32:42] "GET /api/data/20260525 HTTP/1.1" 200 -
2026-05-25 12:32:42,889 - werkzeug - INFO - 127.0.0.1 - - [25/May/2026 12:32:42] "GET /api/ladder-comparison/20260525 HTTP/1.1" 200 -
2026-05-25 12:32:42,934 - werkzeug - INFO - 127.0.0.1 - - [25/May/2026 12:32:42] "GET /api/ladder-comparison/20260525 HTTP/1.1" 200 -
2026-05-25 12:32:45,977 - werkzeug - INFO - 127.0.0.1 - - [25/May/2026 12:32:45] "GET /api/news/cls-telegraph?force=true HTTP/1.1" 200 -
2026-05-25 12:32:48,001 - werkzeug - INFO - 127.0.0.1 - - [25/May/2026 12:32:48] "GET /api/hot-stocks?list_type=trend HTTP/1.1" 200 -
2026-05-25 12:32:48,009 - werkzeug - INFO - 127.0.0.1 - - [25/May/2026 12:32:48] "GET /api/hot-stocks?list_type=value HTTP/1.1" 200 -
2026-05-25 12:32:48,021 - werkzeug - INFO - 127.0.0.1 - - [25/May/2026 12:32:48] "GET /api/hot-stocks?list_type=normal HTTP/1.1" 200 -
2026-05-25 12:32:50,769 - werkzeug - INFO - 127.0.0.1 - - [25/May/2026 12:32:50] "OPTIONS /api/statistics/profit?period=day HTTP/1.1" 200 -
2026-05-25 12:32:50,772 - werkzeug - INFO - 127.0.0.1 - - [25/May/2026 12:32:50] "OPTIONS /api/trade-records HTTP/1.1" 200 -
2026-05-25 12:32:50,796 - werkzeug - INFO - 127.0.0.1 - - [25/May/2026 12:32:50] "GET /api/statistics/profit?period=day HTTP/1.1" 200 -
2026-05-25 12:32:50,801 - werkzeug - INFO - 127.0.0.1 - - [25/May/2026 12:32:50] "GET /api/trade-records HTTP/1.1" 200 -
2026-05-25 12:33:17,615 - werkzeug - INFO - 127.0.0.1 - - [25/May/2026 12:33:17] "OPTIONS /api/statistics/profit?period=day HTTP/1.1" 200 -
2026-05-25 12:33:17,618 - werkzeug - INFO - 127.0.0.1 - - [25/May/2026 12:33:17] "OPTIONS /api/trade-records HTTP/1.1" 200 -
2026-05-25 12:33:17,633 - werkzeug - INFO - 127.0.0.1 - - [25/May/2026 12:33:17] "GET /api/statistics/profit?period=day HTTP/1.1" 200 -
2026-05-25 12:33:17,636 - werkzeug - INFO - 127.0.0.1 - - [25/May/2026 12:33:17] "GET /api/trade-records HTTP/1.1" 200 -
2026-05-25 12:33:18,230 - werkzeug - INFO - 127.0.0.1 - - [25/May/2026 12:33:18] "OPTIONS /api/statistics/profit?period=day HTTP/1.1" 200 -
2026-05-25 12:33:18,232 - werkzeug - INFO - 127.0.0.1 - - [25/May/2026 12:33:18] "OPTIONS /api/trade-records HTTP/1.1" 200 -
2026-05-25 12:33:18,250 - werkzeug - INFO - 127.0.0.1 - - [25/May/2026 12:33:18] "GET /api/statistics/profit?period=day HTTP/1.1" 200 -
2026-05-25 12:33:18,253 - werkzeug - INFO - 127.0.0.1 - - [25/May/2026 12:33:18] "GET /api/trade-records HTTP/1.1" 200 -
2026-05-25 12:33:19,094 - werkzeug - INFO - 127.0.0.1 - - [25/May/2026 12:33:19] "OPTIONS /api/trade-records HTTP/1.1" 200 -
2026-05-25 12:33:19,096 - werkzeug - INFO - 127.0.0.1 - - [25/May/2026 12:33:19] "OPTIONS /api/statistics/profit?period=day HTTP/1.1" 200 -
2026-05-25 12:33:19,116 - werkzeug - INFO - 127.0.0.1 - - [25/May/2026 12:33:19] "GET /api/trade-records HTTP/1.1" 200 -
2026-05-25 12:33:19,119 - werkzeug - INFO - 127.0.0.1 - - [25/May/2026 12:33:19] "GET /api/statistics/profit?period=day HTTP/1.1" 200 -
2026-05-25 12:33:30,556 - werkzeug - INFO - 127.0.0.1 - - [25/May/2026 12:33:30] "OPTIONS /api/statistics/profit?period=day HTTP/1.1" 200 -
2026-05-25 12:33:30,563 - werkzeug - INFO - 127.0.0.1 - - [25/May/2026 12:33:30] "OPTIONS /api/trade-records HTTP/1.1" 200 -
2026-05-25 12:33:30,590 - werkzeug - INFO - 127.0.0.1 - - [25/May/2026 12:33:30] "GET /api/statistics/profit?period=day HTTP/1.1" 200 -
2026-05-25 12:33:30,594 - werkzeug - INFO - 127.0.0.1 - - [25/May/2026 12:33:30] "GET /api/trade-records HTTP/1.1" 200 -
2026-05-25 12:33:33,064 - werkzeug - INFO - 127.0.0.1 - - [25/May/2026 12:33:33] "OPTIONS /api/statistics/profit?period=day HTTP/1.1" 200 -
2026-05-25 12:33:33,067 - werkzeug - INFO - 127.0.0.1 - - [25/May/2026 12:33:33] "OPTIONS /api/trade-records HTTP/1.1" 200 -
2026-05-25 12:33:33,084 - werkzeug - INFO - 127.0.0.1 - - [25/May/2026 12:33:33] "GET /api/statistics/profit?period=day HTTP/1.1" 200 -
2026-05-25 12:33:33,087 - werkzeug - INFO - 127.0.0.1 - - [25/May/2026 12:33:33] "GET /api/trade-records HTTP/1.1" 200 -
2026-05-25 12:33:33,492 - werkzeug - INFO - 127.0.0.1 - - [25/May/2026 12:33:33] "OPTIONS /api/statistics/profit?period=day HTTP/1.1" 200 -
2026-05-25 12:33:33,496 - werkzeug - INFO - 127.0.0.1 - - [25/May/2026 12:33:33] "OPTIONS /api/trade-records HTTP/1.1" 200 -
2026-05-25 12:33:33,516 - werkzeug - INFO - 127.0.0.1 - - [25/May/2026 12:33:33] "GET /api/statistics/profit?period=day HTTP/1.1" 200 -
2026-05-25 12:33:33,519 - werkzeug - INFO - 127.0.0.1 - - [25/May/2026 12:33:33] "GET /api/trade-records HTTP/1.1" 200 -
2026-05-25 12:33:33,863 - werkzeug - INFO - 127.0.0.1 - - [25/May/2026 12:33:33] "OPTIONS /api/statistics/profit?period=day HTTP/1.1" 200 -
2026-05-25 12:33:33,864 - werkzeug - INFO - 127.0.0.1 - - [25/May/2026 12:33:33] "OPTIONS /api/trade-records HTTP/1.1" 200 -
2026-05-25 12:33:33,883 - werkzeug - INFO - 127.0.0.1 - - [25/May/2026 12:33:33] "GET /api/trade-records HTTP/1.1" 200 -
2026-05-25 12:33:33,884 - werkzeug - INFO - 127.0.0.1 - - [25/May/2026 12:33:33] "GET /api/statistics/profit?period=day HTTP/1.1" 200 -
2026-05-25 12:33:34,845 - werkzeug - INFO - 127.0.0.1 - - [25/May/2026 12:33:34] "OPTIONS /api/statistics/profit?period=day HTTP/1.1" 200 -
2026-05-25 12:33:34,848 - werkzeug - INFO - 127.0.0.1 - - [25/May/2026 12:33:34] "OPTIONS /api/trade-records HTTP/1.1" 200 -
2026-05-25 12:33:34,866 - werkzeug - INFO - 127.0.0.1 - - [25/May/2026 12:33:34] "GET /api/trade-records HTTP/1.1" 200 -
2026-05-25 12:33:34,869 - werkzeug - INFO - 127.0.0.1 - - [25/May/2026 12:33:34] "GET /api/statistics/profit?period=day HTTP/1.1" 200 -
2026-05-25 12:33:45,009 - werkzeug - INFO - 127.0.0.1 - - [25/May/2026 12:33:45] "OPTIONS /api/admin/user-stats HTTP/1.1" 200 -
2026-05-25 12:33:45,047 - werkzeug - INFO - 127.0.0.1 - - [25/May/2026 12:33:45] "GET /api/admin/user-stats HTTP/1.1" 200 -
2026-05-25 12:33:54,149 - werkzeug - INFO - 127.0.0.1 - - [25/May/2026 12:33:54] "GET /api/stock-diff/load/20260525 HTTP/1.1" 200 -
2026-05-25 12:33:54,157 - werkzeug - INFO - 127.0.0.1 - - [25/May/2026 12:33:54] "GET /api/block-strength/continuous?date=20260525 HTTP/1.1" 200 -
2026-05-25 12:33:54,182 - werkzeug - INFO - 127.0.0.1 - - [25/May/2026 12:33:54] "GET /api/block-strength/continuous?date=20260525 HTTP/1.1" 200 -
2026-05-25 12:33:54,193 - werkzeug - INFO - 127.0.0.1 - - [25/May/2026 12:33:54] "OPTIONS /api/data/20260525 HTTP/1.1" 200 -
2026-05-25 12:33:54,348 - werkzeug - INFO - 127.0.0.1 - - [25/May/2026 12:33:54] "GET /api/data/20260525 HTTP/1.1" 200 -
2026-05-25 12:33:54,486 - werkzeug - INFO - 127.0.0.1 - - [25/May/2026 12:33:54] "GET /api/ladder-comparison/20260525 HTTP/1.1" 200 -
2026-05-25 12:33:54,607 - werkzeug - INFO - 127.0.0.1 - - [25/May/2026 12:33:54] "GET /api/ladder-comparison/20260525 HTTP/1.1" 200 -
2026-05-25 12:33:57,443 - werkzeug - INFO - 127.0.0.1 - - [25/May/2026 12:33:57] "OPTIONS /api/statistics/profit?period=day HTTP/1.1" 200 -
2026-05-25 12:33:57,445 - werkzeug - INFO - 127.0.0.1 - - [25/May/2026 12:33:57] "OPTIONS /api/trade-records HTTP/1.1" 200 -
2026-05-25 12:33:57,469 - werkzeug - INFO - 127.0.0.1 - - [25/May/2026 12:33:57] "GET /api/statistics/profit?period=day HTTP/1.1" 200 -
2026-05-25 12:33:57,474 - werkzeug - INFO - 127.0.0.1 - - [25/May/2026 12:33:57] "GET /api/trade-records HTTP/1.1" 200 -
2026-05-25 12:34:32,311 - werkzeug - INFO - 127.0.0.1 - - [25/May/2026 12:34:32] "OPTIONS /api/statistics/profit?period=day HTTP/1.1" 200 -
2026-05-25 12:34:32,316 - werkzeug - INFO - 127.0.0.1 - - [25/May/2026 12:34:32] "OPTIONS /api/trade-records HTTP/1.1" 200 -
2026-05-25 12:34:32,332 - werkzeug - INFO - 127.0.0.1 - - [25/May/2026 12:34:32] "GET /api/statistics/profit?period=day HTTP/1.1" 200 -
2026-05-25 12:34:32,337 - werkzeug - INFO - 127.0.0.1 - - [25/May/2026 12:34:32] "GET /api/trade-records HTTP/1.1" 200 -
2026-05-25 12:34:33,034 - werkzeug - INFO - 127.0.0.1 - - [25/May/2026 12:34:33] "OPTIONS /api/statistics/profit?period=day HTTP/1.1" 200 -
2026-05-25 12:34:33,040 - werkzeug - INFO - 127.0.0.1 - - [25/May/2026 12:34:33] "OPTIONS /api/trade-records HTTP/1.1" 200 -
2026-05-25 12:34:33,058 - werkzeug - INFO - 127.0.0.1 - - [25/May/2026 12:34:33] "GET /api/statistics/profit?period=day HTTP/1.1" 200 -
2026-05-25 12:34:33,063 - werkzeug - INFO - 127.0.0.1 - - [25/May/2026 12:34:33] "GET /api/trade-records HTTP/1.1" 200 -
2026-05-25 12:34:34,843 - werkzeug - INFO - 127.0.0.1 - - [25/May/2026 12:34:34] "OPTIONS /api/statistics/profit?period=day HTTP/1.1" 200 -
2026-05-25 12:34:34,846 - werkzeug - INFO - 127.0.0.1 - - [25/May/2026 12:34:34] "OPTIONS /api/trade-records HTTP/1.1" 200 -
2026-05-25 12:34:34,863 - werkzeug - INFO - 127.0.0.1 - - [25/May/2026 12:34:34] "GET /api/statistics/profit?period=day HTTP/1.1" 200 -
2026-05-25 12:34:34,867 - werkzeug - INFO - 127.0.0.1 - - [25/May/2026 12:34:34] "GET /api/trade-records HTTP/1.1" 200 -
2026-05-25 12:34:35,512 - werkzeug - INFO - 127.0.0.1 - - [25/May/2026 12:34:35] "OPTIONS /api/statistics/profit?period=day HTTP/1.1" 200 -
2026-05-25 12:34:35,516 - werkzeug - INFO - 127.0.0.1 - - [25/May/2026 12:34:35] "OPTIONS /api/trade-records HTTP/1.1" 200 -
2026-05-25 12:34:35,538 - werkzeug - INFO - 127.0.0.1 - - [25/May/2026 12:34:35] "GET /api/statistics/profit?period=day HTTP/1.1" 200 -
2026-05-25 12:34:35,538 - werkzeug - INFO - 127.0.0.1 - - [25/May/2026 12:34:35] "GET /api/trade-records HTTP/1.1" 200 -
2026-05-25 12:34:35,940 - werkzeug - INFO - 127.0.0.1 - - [25/May/2026 12:34:35] "OPTIONS /api/trade-records HTTP/1.1" 200 -
2026-05-25 12:34:35,941 - werkzeug - INFO - 127.0.0.1 - - [25/May/2026 12:34:35] "OPTIONS /api/statistics/profit?period=day HTTP/1.1" 200 -
2026-05-25 12:34:35,976 - werkzeug - INFO - 127.0.0.1 - - [25/May/2026 12:34:35] "GET /api/trade-records HTTP/1.1" 200 -
2026-05-25 12:34:35,980 - werkzeug - INFO - 127.0.0.1 - - [25/May/2026 12:34:35] "GET /api/statistics/profit?period=day HTTP/1.1" 200 -
2026-05-25 12:34:53,879 - werkzeug - INFO - 127.0.0.1 - - [25/May/2026 12:34:53] "GET /api/stock-diff/load/20260525 HTTP/1.1" 200 -
2026-05-25 12:34:53,879 - werkzeug - INFO - 127.0.0.1 - - [25/May/2026 12:34:53] "GET /api/block-strength/continuous?date=20260525 HTTP/1.1" 200 -
2026-05-25 12:34:53,913 - werkzeug - INFO - 127.0.0.1 - - [25/May/2026 12:34:53] "GET /api/block-strength/continuous?date=20260525 HTTP/1.1" 200 -
2026-05-25 12:34:53,925 - werkzeug - INFO - 127.0.0.1 - - [25/May/2026 12:34:53] "OPTIONS /api/data/20260525 HTTP/1.1" 200 -
2026-05-25 12:34:54,234 - werkzeug - INFO - 127.0.0.1 - - [25/May/2026 12:34:54] "GET /api/data/20260525 HTTP/1.1" 200 -
2026-05-25 12:34:54,381 - werkzeug - INFO - 127.0.0.1 - - [25/May/2026 12:34:54] "GET /api/ladder-comparison/20260525 HTTP/1.1" 200 -
2026-05-25 12:34:54,508 - werkzeug - INFO - 127.0.0.1 - - [25/May/2026 12:34:54] "GET /api/ladder-comparison/20260525 HTTP/1.1" 200 -
2026-05-25 12:35:36,117 - werkzeug - INFO - 127.0.0.1 - - [25/May/2026 12:35:36] "GET /api/hot-stocks?list_type=value HTTP/1.1" 200 -
2026-05-25 12:35:36,124 - werkzeug - INFO - 127.0.0.1 - - [25/May/2026 12:35:36] "GET /api/hot-stocks?list_type=trend HTTP/1.1" 200 -
2026-05-25 12:35:36,136 - werkzeug - INFO - 127.0.0.1 - - [25/May/2026 12:35:36] "GET /api/hot-stocks?list_type=normal HTTP/1.1" 200 -
2026-05-25 12:35:37,423 - werkzeug - INFO - 127.0.0.1 - - [25/May/2026 12:35:37] "OPTIONS /api/statistics/profit?period=day HTTP/1.1" 200 -
2026-05-25 12:35:37,426 - werkzeug - INFO - 127.0.0.1 - - [25/May/2026 12:35:37] "OPTIONS /api/trade-records HTTP/1.1" 200 -
2026-05-25 12:35:37,459 - werkzeug - INFO - 127.0.0.1 - - [25/May/2026 12:35:37] "GET /api/statistics/profit?period=day HTTP/1.1" 200 -
2026-05-25 12:35:37,465 - werkzeug - INFO - 127.0.0.1 - - [25/May/2026 12:35:37] "GET /api/trade-records HTTP/1.1" 200 -
2026-05-25 12:37:30,732 - werkzeug - INFO - 127.0.0.1 - - [25/May/2026 12:37:30] "OPTIONS /api/auth/me HTTP/1.1" 200 -
2026-05-25 12:37:30,778 - werkzeug - INFO - 127.0.0.1 - - [25/May/2026 12:37:30] "GET /api/auth/me HTTP/1.1" 200 -
2026-05-25 12:37:31,113 - werkzeug - INFO - 127.0.0.1 - - [25/May/2026 12:37:31] "OPTIONS /api/statistics/profit?period=day HTTP/1.1" 200 -
2026-05-25 12:37:31,117 - werkzeug - INFO - 127.0.0.1 - - [25/May/2026 12:37:31] "OPTIONS /api/trade-records HTTP/1.1" 200 -
2026-05-25 12:37:31,130 - werkzeug - INFO - 127.0.0.1 - - [25/May/2026 12:37:31] "OPTIONS /api/adjacent-trading-days/20260525 HTTP/1.1" 200 -
2026-05-25 12:37:31,206 - werkzeug - INFO - 127.0.0.1 - - [25/May/2026 12:37:31] "OPTIONS /api/statistics/profit?period=day HTTP/1.1" 200 -
2026-05-25 12:37:31,228 - werkzeug - INFO - 127.0.0.1 - - [25/May/2026 12:37:31] "OPTIONS /api/trade-records HTTP/1.1" 200 -
2026-05-25 12:37:31,275 - werkzeug - INFO - 127.0.0.1 - - [25/May/2026 12:37:31] "GET /api/statistics/profit?period=day HTTP/1.1" 200 -
2026-05-25 12:37:31,294 - werkzeug - INFO - 127.0.0.1 - - [25/May/2026 12:37:31] "GET /api/adjacent-trading-days/20260525 HTTP/1.1" 200 -
2026-05-25 12:37:31,298 - werkzeug - INFO - 127.0.0.1 - - [25/May/2026 12:37:31] "GET /api/trade-records HTTP/1.1" 200 -
2026-05-25 12:37:31,301 - werkzeug - INFO - 127.0.0.1 - - [25/May/2026 12:37:31] "GET /api/statistics/profit?period=day HTTP/1.1" 200 -
2026-05-25 12:37:31,393 - werkzeug - INFO - 127.0.0.1 - - [25/May/2026 12:37:31] "GET /api/trade-records HTTP/1.1" 200 -
2026-05-25 12:37:31,561 - werkzeug - INFO - 127.0.0.1 - - [25/May/2026 12:37:31] "OPTIONS /api/adjacent-trading-days/20260525 HTTP/1.1" 200 -
2026-05-25 12:37:31,581 - werkzeug - INFO - 127.0.0.1 - - [25/May/2026 12:37:31] "GET /api/adjacent-trading-days/20260525 HTTP/1.1" 200 -
2026-05-25 12:37:34,693 - werkzeug - INFO - 127.0.0.1 - - [25/May/2026 12:37:34] "GET /api/stock-diff/load/20260525 HTTP/1.1" 200 -
2026-05-25 12:37:34,696 - werkzeug - INFO - 127.0.0.1 - - [25/May/2026 12:37:34] "GET /api/block-strength/continuous?date=20260525 HTTP/1.1" 200 -
2026-05-25 12:37:34,802 - werkzeug - INFO - 127.0.0.1 - - [25/May/2026 12:37:34] "OPTIONS /api/data/20260525 HTTP/1.1" 200 -
2026-05-25 12:37:34,925 - werkzeug - INFO - 127.0.0.1 - - [25/May/2026 12:37:34] "GET /api/block-strength/continuous?date=20260525 HTTP/1.1" 200 -
2026-05-25 12:37:35,005 - werkzeug - INFO - 127.0.0.1 - - [25/May/2026 12:37:35] "GET /api/data/20260525 HTTP/1.1" 200 -
2026-05-25 12:37:35,166 - werkzeug - INFO - 127.0.0.1 - - [25/May/2026 12:37:35] "GET /api/ladder-comparison/20260525 HTTP/1.1" 200 -
2026-05-25 12:37:35,196 - werkzeug - INFO - 127.0.0.1 - - [25/May/2026 12:37:35] "GET /api/ladder-comparison/20260525 HTTP/1.1" 200 -
2026-05-25 12:37:36,399 - werkzeug - INFO - 127.0.0.1 - - [25/May/2026 12:37:36] "OPTIONS /api/statistics/profit?period=day HTTP/1.1" 200 -
2026-05-25 12:37:36,408 - werkzeug - INFO - 127.0.0.1 - - [25/May/2026 12:37:36] "OPTIONS /api/trade-records HTTP/1.1" 200 -
2026-05-25 12:37:36,443 - werkzeug - INFO - 127.0.0.1 - - [25/May/2026 12:37:36] "GET /api/statistics/profit?period=day HTTP/1.1" 200 -
2026-05-25 12:37:36,448 - werkzeug - INFO - 127.0.0.1 - - [25/May/2026 12:37:36] "GET /api/trade-records HTTP/1.1" 200 -
2026-05-25 12:37:38,039 - werkzeug - INFO - 127.0.0.1 - - [25/May/2026 12:37:38] "GET /api/hot-stocks?list_type=normal HTTP/1.1" 200 -
2026-05-25 12:37:38,050 - werkzeug - INFO - 127.0.0.1 - - [25/May/2026 12:37:38] "GET /api/hot-stocks?list_type=value HTTP/1.1" 200 -
2026-05-25 12:37:38,061 - werkzeug - INFO - 127.0.0.1 - - [25/May/2026 12:37:38] "GET /api/hot-stocks?list_type=trend HTTP/1.1" 200 -
2026-05-25 12:38:04,186 - werkzeug - INFO - 127.0.0.1 - - [25/May/2026 12:38:04] "OPTIONS /api/auth/me HTTP/1.1" 200 -
2026-05-25 12:38:04,200 - werkzeug - INFO - 127.0.0.1 - - [25/May/2026 12:38:04] "GET /api/auth/me HTTP/1.1" 200 -
2026-05-25 12:38:04,589 - werkzeug - INFO - 127.0.0.1 - - [25/May/2026 12:38:04] "GET /api/hot-stocks?list_type=trend HTTP/1.1" 200 -
2026-05-25 12:38:04,596 - werkzeug - INFO - 127.0.0.1 - - [25/May/2026 12:38:04] "GET /api/hot-stocks?list_type=normal HTTP/1.1" 200 -
2026-05-25 12:38:04,604 - werkzeug - INFO - 127.0.0.1 - - [25/May/2026 12:38:04] "GET /api/hot-stocks?list_type=value HTTP/1.1" 200 -
2026-05-25 12:38:04,729 - werkzeug - INFO - 127.0.0.1 - - [25/May/2026 12:38:04] "OPTIONS /api/adjacent-trading-days/20260525 HTTP/1.1" 200 -
2026-05-25 12:38:04,767 - werkzeug - INFO - 127.0.0.1 - - [25/May/2026 12:38:04] "GET /api/adjacent-trading-days/20260525 HTTP/1.1" 200 -
2026-05-25 12:38:04,786 - werkzeug - INFO - 127.0.0.1 - - [25/May/2026 12:38:04] "GET /api/hot-stocks?list_type=value HTTP/1.1" 200 -
2026-05-25 12:38:04,798 - werkzeug - INFO - 127.0.0.1 - - [25/May/2026 12:38:04] "GET /api/hot-stocks?list_type=normal HTTP/1.1" 200 -
2026-05-25 12:38:04,857 - werkzeug - INFO - 127.0.0.1 - - [25/May/2026 12:38:04] "GET /api/hot-stocks?list_type=trend HTTP/1.1" 200 -
2026-05-25 12:38:04,864 - werkzeug - INFO - 127.0.0.1 - - [25/May/2026 12:38:04] "OPTIONS /api/adjacent-trading-days/20260525 HTTP/1.1" 200 -
2026-05-25 12:38:04,902 - werkzeug - INFO - 127.0.0.1 - - [25/May/2026 12:38:04] "GET /api/adjacent-trading-days/20260525 HTTP/1.1" 200 -
2026-05-25 12:38:04,974 - werkzeug - INFO - 127.0.0.1 - - [25/May/2026 12:38:04] "GET /api/hot-stocks?list_type=value HTTP/1.1" 200 -
2026-05-25 12:38:04,981 - werkzeug - INFO - 127.0.0.1 - - [25/May/2026 12:38:04] "GET /api/hot-stocks?list_type=trend HTTP/1.1" 200 -
2026-05-25 12:38:04,992 - werkzeug - INFO - 127.0.0.1 - - [25/May/2026 12:38:04] "GET /api/hot-stocks?list_type=normal HTTP/1.1" 200 -
2026-05-25 12:39:31,972 - werkzeug - INFO - 127.0.0.1 - - [25/May/2026 12:39:31] "GET /api/hot-stocks?list_type=value HTTP/1.1" 200 -
2026-05-25 12:39:31,983 - werkzeug - INFO - 127.0.0.1 - - [25/May/2026 12:39:31] "GET /api/hot-stocks?list_type=normal HTTP/1.1" 200 -
2026-05-25 12:39:31,992 - werkzeug - INFO - 127.0.0.1 - - [25/May/2026 12:39:31] "GET /api/hot-stocks?list_type=trend HTTP/1.1" 200 -
2026-05-25 12:40:00,362 - werkzeug - INFO - 127.0.0.1 - - [25/May/2026 12:40:00] "OPTIONS /api/stock/kline/000725?days=250 HTTP/1.1" 200 -
2026-05-25 12:40:00,388 - werkzeug - INFO - 127.0.0.1 - - [25/May/2026 12:40:00] "OPTIONS /api/stock/intraday/000725 HTTP/1.1" 200 -
/Users/dingyuebo/Library/Python/3.9/lib/python/site-packages/mootdx/utils/holiday.py:107: FutureWarning: The behavior of 'isin' with dtype=datetime64[ns] and castable values (e.g. strings) is deprecated. In a future version, these will not be considered matching by isin. Explicitly cast to the appropriate dtype before calling isin instead.
  df = df[df.index.isin([date])]
2026-05-25 12:40:00,664 - werkzeug - INFO - 127.0.0.1 - - [25/May/2026 12:40:00] "GET /api/stock/kline/000725?days=250 HTTP/1.1" 200 -
2026-05-25 12:40:00,895 - werkzeug - INFO - 127.0.0.1 - - [25/May/2026 12:40:00] "GET /api/stock/intraday/000725 HTTP/1.1" 200 -
2026-05-25 12:40:03,238 - werkzeug - INFO - 127.0.0.1 - - [25/May/2026 12:40:03] "OPTIONS /api/stock/kline/000725?days=250 HTTP/1.1" 200 -
2026-05-25 12:40:03,239 - werkzeug - INFO - 127.0.0.1 - - [25/May/2026 12:40:03] "OPTIONS /api/stock/intraday/000725 HTTP/1.1" 200 -
/Users/dingyuebo/Library/Python/3.9/lib/python/site-packages/mootdx/utils/holiday.py:107: FutureWarning: The behavior of 'isin' with dtype=datetime64[ns] and castable values (e.g. strings) is deprecated. In a future version, these will not be considered matching by isin. Explicitly cast to the appropriate dtype before calling isin instead.
  df = df[df.index.isin([date])]
2026-05-25 12:40:03,681 - werkzeug - INFO - 127.0.0.1 - - [25/May/2026 12:40:03] "GET /api/stock/intraday/000725 HTTP/1.1" 200 -
2026-05-25 12:40:03,774 - werkzeug - INFO - 127.0.0.1 - - [25/May/2026 12:40:03] "GET /api/stock/kline/000725?days=250 HTTP/1.1" 200 -
2026-05-25 12:40:49,708 - werkzeug - INFO - 127.0.0.1 - - [25/May/2026 12:40:49] "GET /api/hot-stocks?list_type=trend HTTP/1.1" 200 -
2026-05-25 12:40:49,719 - werkzeug - INFO - 127.0.0.1 - - [25/May/2026 12:40:49] "GET /api/hot-stocks?list_type=value HTTP/1.1" 200 -
2026-05-25 12:40:49,730 - werkzeug - INFO - 127.0.0.1 - - [25/May/2026 12:40:49] "GET /api/hot-stocks?list_type=normal HTTP/1.1" 200 -
2026-05-25 12:40:59,263 - werkzeug - INFO - 127.0.0.1 - - [25/May/2026 12:40:59] "OPTIONS /api/auth/me HTTP/1.1" 200 -
2026-05-25 12:40:59,275 - werkzeug - INFO - 127.0.0.1 - - [25/May/2026 12:40:59] "GET /api/auth/me HTTP/1.1" 200 -
2026-05-25 12:40:59,618 - werkzeug - INFO - 127.0.0.1 - - [25/May/2026 12:40:59] "GET /api/hot-stocks?list_type=trend HTTP/1.1" 200 -
2026-05-25 12:40:59,623 - werkzeug - INFO - 127.0.0.1 - - [25/May/2026 12:40:59] "GET /api/hot-stocks?list_type=value HTTP/1.1" 200 -
2026-05-25 12:40:59,632 - werkzeug - INFO - 127.0.0.1 - - [25/May/2026 12:40:59] "GET /api/hot-stocks?list_type=normal HTTP/1.1" 200 -
2026-05-25 12:40:59,669 - werkzeug - INFO - 127.0.0.1 - - [25/May/2026 12:40:59] "OPTIONS /api/adjacent-trading-days/20260525 HTTP/1.1" 200 -
2026-05-25 12:40:59,695 - werkzeug - INFO - 127.0.0.1 - - [25/May/2026 12:40:59] "GET /api/adjacent-trading-days/20260525 HTTP/1.1" 200 -
2026-05-25 12:40:59,846 - werkzeug - INFO - 127.0.0.1 - - [25/May/2026 12:40:59] "GET /api/hot-stocks?list_type=normal HTTP/1.1" 200 -
2026-05-25 12:40:59,857 - werkzeug - INFO - 127.0.0.1 - - [25/May/2026 12:40:59] "GET /api/hot-stocks?list_type=value HTTP/1.1" 200 -
2026-05-25 12:40:59,870 - werkzeug - INFO - 127.0.0.1 - - [25/May/2026 12:40:59] "GET /api/hot-stocks?list_type=trend HTTP/1.1" 200 -
2026-05-25 12:40:59,871 - werkzeug - INFO - 127.0.0.1 - - [25/May/2026 12:40:59] "OPTIONS /api/adjacent-trading-days/20260525 HTTP/1.1" 200 -
2026-05-25 12:40:59,886 - werkzeug - INFO - 127.0.0.1 - - [25/May/2026 12:40:59] "GET /api/adjacent-trading-days/20260525 HTTP/1.1" 200 -
2026-05-25 12:40:59,991 - werkzeug - INFO - 127.0.0.1 - - [25/May/2026 12:40:59] "GET /api/hot-stocks?list_type=normal HTTP/1.1" 200 -
2026-05-25 12:41:00,013 - werkzeug - INFO - 127.0.0.1 - - [25/May/2026 12:41:00] "GET /api/hot-stocks?list_type=value HTTP/1.1" 200 -
2026-05-25 12:41:00,043 - werkzeug - INFO - 127.0.0.1 - - [25/May/2026 12:41:00] "GET /api/hot-stocks?list_type=trend HTTP/1.1" 200 -
2026-05-25 12:41:11,575 - werkzeug - INFO - 127.0.0.1 - - [25/May/2026 12:41:11] "OPTIONS /api/auth/me HTTP/1.1" 200 -
2026-05-25 12:41:11,595 - werkzeug - INFO - 127.0.0.1 - - [25/May/2026 12:41:11] "GET /api/auth/me HTTP/1.1" 200 -
2026-05-25 12:41:12,070 - werkzeug - INFO - 127.0.0.1 - - [25/May/2026 12:41:12] "GET /api/hot-stocks?list_type=value HTTP/1.1" 200 -
2026-05-25 12:41:12,098 - werkzeug - INFO - 127.0.0.1 - - [25/May/2026 12:41:12] "GET /api/hot-stocks?list_type=trend HTTP/1.1" 200 -
2026-05-25 12:41:12,109 - werkzeug - INFO - 127.0.0.1 - - [25/May/2026 12:41:12] "GET /api/hot-stocks?list_type=normal HTTP/1.1" 200 -
2026-05-25 12:41:12,111 - werkzeug - INFO - 127.0.0.1 - - [25/May/2026 12:41:12] "OPTIONS /api/adjacent-trading-days/20260525 HTTP/1.1" 200 -
2026-05-25 12:41:12,220 - werkzeug - INFO - 127.0.0.1 - - [25/May/2026 12:41:12] "GET /api/adjacent-trading-days/20260525 HTTP/1.1" 200 -
2026-05-25 12:41:12,240 - werkzeug - INFO - 127.0.0.1 - - [25/May/2026 12:41:12] "GET /api/hot-stocks?list_type=value HTTP/1.1" 200 -
2026-05-25 12:41:12,254 - werkzeug - INFO - 127.0.0.1 - - [25/May/2026 12:41:12] "GET /api/hot-stocks?list_type=trend HTTP/1.1" 200 -
2026-05-25 12:41:12,272 - werkzeug - INFO - 127.0.0.1 - - [25/May/2026 12:41:12] "GET /api/hot-stocks?list_type=normal HTTP/1.1" 200 -
2026-05-25 12:41:12,335 - werkzeug - INFO - 127.0.0.1 - - [25/May/2026 12:41:12] "OPTIONS /api/adjacent-trading-days/20260525 HTTP/1.1" 200 -
2026-05-25 12:41:12,366 - werkzeug - INFO - 127.0.0.1 - - [25/May/2026 12:41:12] "GET /api/adjacent-trading-days/20260525 HTTP/1.1" 200 -
2026-05-25 12:41:12,442 - werkzeug - INFO - 127.0.0.1 - - [25/May/2026 12:41:12] "GET /api/hot-stocks?list_type=value HTTP/1.1" 200 -
2026-05-25 12:41:12,452 - werkzeug - INFO - 127.0.0.1 - - [25/May/2026 12:41:12] "GET /api/hot-stocks?list_type=trend HTTP/1.1" 200 -
2026-05-25 12:41:12,464 - werkzeug - INFO - 127.0.0.1 - - [25/May/2026 12:41:12] "GET /api/hot-stocks?list_type=normal HTTP/1.1" 200 -
2026-05-25 12:41:22,445 - werkzeug - INFO - 127.0.0.1 - - [25/May/2026 12:41:22] "GET /api/hot-stocks?list_type=trend HTTP/1.1" 200 -
2026-05-25 12:41:22,459 - werkzeug - INFO - 127.0.0.1 - - [25/May/2026 12:41:22] "GET /api/hot-stocks?list_type=normal HTTP/1.1" 200 -
2026-05-25 12:41:22,476 - werkzeug - INFO - 127.0.0.1 - - [25/May/2026 12:41:22] "GET /api/hot-stocks?list_type=value HTTP/1.1" 200 -
2026-05-25 12:41:29,940 - werkzeug - INFO - 127.0.0.1 - - [25/May/2026 12:41:29] "OPTIONS /api/stock/kline/600584?days=250 HTTP/1.1" 200 -
2026-05-25 12:41:29,952 - werkzeug - INFO - 127.0.0.1 - - [25/May/2026 12:41:29] "OPTIONS /api/stock/intraday/600584 HTTP/1.1" 200 -
/Users/dingyuebo/Library/Python/3.9/lib/python/site-packages/mootdx/utils/holiday.py:107: FutureWarning: The behavior of 'isin' with dtype=datetime64[ns] and castable values (e.g. strings) is deprecated. In a future version, these will not be considered matching by isin. Explicitly cast to the appropriate dtype before calling isin instead.
  df = df[df.index.isin([date])]
2026-05-25 12:41:30,235 - werkzeug - INFO - 127.0.0.1 - - [25/May/2026 12:41:30] "GET /api/stock/intraday/600584 HTTP/1.1" 200 -
2026-05-25 12:41:30,385 - werkzeug - INFO - 127.0.0.1 - - [25/May/2026 12:41:30] "GET /api/stock/kline/600584?days=250 HTTP/1.1" 200 -
2026-05-25 12:42:16,651 - werkzeug - INFO - 127.0.0.1 - - [25/May/2026 12:42:16] "GET /api/hot-stocks?list_type=normal HTTP/1.1" 200 -
2026-05-25 12:42:16,690 - werkzeug - INFO - 127.0.0.1 - - [25/May/2026 12:42:16] "GET /api/hot-stocks?list_type=trend HTTP/1.1" 200 -
2026-05-25 12:42:18,370 - werkzeug - INFO - 127.0.0.1 - - [25/May/2026 12:42:18] "GET /api/hot-stocks?list_type=value HTTP/1.1" 200 -
2026-05-25 12:42:46,936 - werkzeug - INFO - 127.0.0.1 - - [25/May/2026 12:42:46] "OPTIONS /api/auth/me HTTP/1.1" 200 -
2026-05-25 12:42:46,952 - werkzeug - INFO - 127.0.0.1 - - [25/May/2026 12:42:46] "GET /api/auth/me HTTP/1.1" 200 -
2026-05-25 12:42:47,360 - werkzeug - INFO - 127.0.0.1 - - [25/May/2026 12:42:47] "GET /api/hot-stocks?list_type=trend HTTP/1.1" 200 -
2026-05-25 12:42:47,366 - werkzeug - INFO - 127.0.0.1 - - [25/May/2026 12:42:47] "GET /api/hot-stocks?list_type=normal HTTP/1.1" 200 -
2026-05-25 12:42:47,376 - werkzeug - INFO - 127.0.0.1 - - [25/May/2026 12:42:47] "GET /api/hot-stocks?list_type=value HTTP/1.1" 200 -
2026-05-25 12:42:47,405 - werkzeug - INFO - 127.0.0.1 - - [25/May/2026 12:42:47] "OPTIONS /api/adjacent-trading-days/20260525 HTTP/1.1" 200 -
2026-05-25 12:42:47,421 - werkzeug - INFO - 127.0.0.1 - - [25/May/2026 12:42:47] "GET /api/adjacent-trading-days/20260525 HTTP/1.1" 200 -
2026-05-25 12:42:47,475 - werkzeug - INFO - 127.0.0.1 - - [25/May/2026 12:42:47] "GET /api/hot-stocks?list_type=value HTTP/1.1" 200 -
2026-05-25 12:42:47,495 - werkzeug - INFO - 127.0.0.1 - - [25/May/2026 12:42:47] "GET /api/hot-stocks?list_type=normal HTTP/1.1" 200 -
2026-05-25 12:42:47,512 - werkzeug - INFO - 127.0.0.1 - - [25/May/2026 12:42:47] "GET /api/hot-stocks?list_type=trend HTTP/1.1" 200 -
2026-05-25 12:42:47,526 - werkzeug - INFO - 127.0.0.1 - - [25/May/2026 12:42:47] "OPTIONS /api/adjacent-trading-days/20260525 HTTP/1.1" 200 -
2026-05-25 12:42:47,600 - werkzeug - INFO - 127.0.0.1 - - [25/May/2026 12:42:47] "GET /api/adjacent-trading-days/20260525 HTTP/1.1" 200 -
2026-05-25 12:42:47,715 - werkzeug - INFO - 127.0.0.1 - - [25/May/2026 12:42:47] "GET /api/hot-stocks?list_type=value HTTP/1.1" 200 -
2026-05-25 12:42:47,726 - werkzeug - INFO - 127.0.0.1 - - [25/May/2026 12:42:47] "GET /api/hot-stocks?list_type=trend HTTP/1.1" 200 -
2026-05-25 12:42:47,737 - werkzeug - INFO - 127.0.0.1 - - [25/May/2026 12:42:47] "GET /api/hot-stocks?list_type=normal HTTP/1.1" 200 -
2026-05-25 12:43:18,954 - werkzeug - INFO - 127.0.0.1 - - [25/May/2026 12:43:18] "OPTIONS /api/auth/me HTTP/1.1" 200 -
2026-05-25 12:43:18,978 - werkzeug - INFO - 127.0.0.1 - - [25/May/2026 12:43:18] "GET /api/auth/me HTTP/1.1" 200 -
2026-05-25 12:43:19,373 - werkzeug - INFO - 127.0.0.1 - - [25/May/2026 12:43:19] "GET /api/hot-stocks?list_type=normal HTTP/1.1" 200 -
2026-05-25 12:43:19,383 - werkzeug - INFO - 127.0.0.1 - - [25/May/2026 12:43:19] "GET /api/hot-stocks?list_type=trend HTTP/1.1" 200 -
2026-05-25 12:43:19,394 - werkzeug - INFO - 127.0.0.1 - - [25/May/2026 12:43:19] "GET /api/hot-stocks?list_type=value HTTP/1.1" 200 -
2026-05-25 12:43:19,424 - werkzeug - INFO - 127.0.0.1 - - [25/May/2026 12:43:19] "OPTIONS /api/adjacent-trading-days/20260525 HTTP/1.1" 200 -
2026-05-25 12:43:19,438 - werkzeug - INFO - 127.0.0.1 - - [25/May/2026 12:43:19] "GET /api/adjacent-trading-days/20260525 HTTP/1.1" 200 -
2026-05-25 12:43:19,501 - werkzeug - INFO - 127.0.0.1 - - [25/May/2026 12:43:19] "GET /api/hot-stocks?list_type=trend HTTP/1.1" 200 -
2026-05-25 12:43:19,517 - werkzeug - INFO - 127.0.0.1 - - [25/May/2026 12:43:19] "GET /api/hot-stocks?list_type=value HTTP/1.1" 200 -
2026-05-25 12:43:19,526 - werkzeug - INFO - 127.0.0.1 - - [25/May/2026 12:43:19] "OPTIONS /api/adjacent-trading-days/20260525 HTTP/1.1" 200 -
2026-05-25 12:43:19,530 - werkzeug - INFO - 127.0.0.1 - - [25/May/2026 12:43:19] "GET /api/hot-stocks?list_type=normal HTTP/1.1" 200 -
2026-05-25 12:43:19,581 - werkzeug - INFO - 127.0.0.1 - - [25/May/2026 12:43:19] "GET /api/adjacent-trading-days/20260525 HTTP/1.1" 200 -
2026-05-25 12:43:19,653 - werkzeug - INFO - 127.0.0.1 - - [25/May/2026 12:43:19] "GET /api/hot-stocks?list_type=normal HTTP/1.1" 200 -
2026-05-25 12:43:19,662 - werkzeug - INFO - 127.0.0.1 - - [25/May/2026 12:43:19] "GET /api/hot-stocks?list_type=trend HTTP/1.1" 200 -
2026-05-25 12:43:19,673 - werkzeug - INFO - 127.0.0.1 - - [25/May/2026 12:43:19] "GET /api/hot-stocks?list_type=value HTTP/1.1" 200 -
2026-05-25 12:44:37,595 - werkzeug - INFO - 127.0.0.1 - - [25/May/2026 12:44:37] "GET /api/hot-stocks?list_type=normal HTTP/1.1" 200 -
2026-05-25 12:44:37,611 - werkzeug - INFO - 127.0.0.1 - - [25/May/2026 12:44:37] "GET /api/hot-stocks?list_type=value HTTP/1.1" 200 -
2026-05-25 12:44:37,615 - werkzeug - INFO - 127.0.0.1 - - [25/May/2026 12:44:37] "GET /api/hot-stocks?list_type=trend HTTP/1.1" 200 -
2026-05-25 12:44:39,398 - werkzeug - INFO - 127.0.0.1 - - [25/May/2026 12:44:39] "GET /api/hot-stocks?list_type=trend HTTP/1.1" 200 -
2026-05-25 12:44:39,406 - werkzeug - INFO - 127.0.0.1 - - [25/May/2026 12:44:39] "GET /api/hot-stocks?list_type=value HTTP/1.1" 200 -
2026-05-25 12:44:39,419 - werkzeug - INFO - 127.0.0.1 - - [25/May/2026 12:44:39] "GET /api/hot-stocks?list_type=normal HTTP/1.1" 200 -
2026-05-25 12:45:08,429 - werkzeug - INFO - 127.0.0.1 - - [25/May/2026 12:45:08] "GET /api/news/cls-telegraph?force=true HTTP/1.1" 200 -
2026-05-25 12:45:09,560 - werkzeug - INFO - 127.0.0.1 - - [25/May/2026 12:45:09] "GET /api/stock-diff/load/20260525 HTTP/1.1" 200 -
2026-05-25 12:45:09,565 - werkzeug - INFO - 127.0.0.1 - - [25/May/2026 12:45:09] "GET /api/block-strength/continuous?date=20260525 HTTP/1.1" 200 -
2026-05-25 12:45:09,609 - werkzeug - INFO - 127.0.0.1 - - [25/May/2026 12:45:09] "OPTIONS /api/data/20260525 HTTP/1.1" 200 -
2026-05-25 12:45:09,613 - werkzeug - INFO - 127.0.0.1 - - [25/May/2026 12:45:09] "GET /api/block-strength/continuous?date=20260525 HTTP/1.1" 200 -
✓ 同花顺涨停梯队接口获取到 3 个梯队数据
✓ 同花顺涨停池接口获取到 75 只股票
✓ 同花顺板块强度接口获取到 20 个板块

保存板块数据...
✓ 保存了 20 个板块数据

处理涨停梯队数据...
✓ 从涨停梯队获取了 64 只股票的连板数

处理同花顺涨停池数据: 75 只股票

从同花顺数据构建股票列表...
✓ 构建了 75 只股票的DataFrame

处理 75 只涨停股...

更新昨日涨停股票的次日涨跌幅...
当前日期小于下一个交易日，更新next_change字段
沪市股票: 57 只, 深市股票: 58 只
沪市行情返回: True
成功获取沪市行情: 57 只
深市行情返回: True
成功获取深市行情: 58 只
✓ 更新了 115 只股票的次日涨跌幅
✓ 更新了 115 只昨日涨停股票的次日涨跌幅

✓ 数据保存成功！
  涨停总数: 75
  首板: 58
  2连板: 15
  3连板: 1
  4连板: 1
  5连板+: 0

================================================================================
✓ 数据爬取完成！总耗时: 0.83 秒
================================================================================
最新交易日查询结果: (datetime.date(2026, 5, 25),)
最新交易日: 2026-05-25, 用户选择日期: 2026-05-25
满足实时获取条件: 当前日期 < 下一个交易日
实时获取昨日涨停股票涨跌幅，股票数量: 115
沪市股票: 57 只, 深市股票: 58 只
沪市行情返回: True
成功获取沪市行情: 57 只
深市行情返回: True
成功获取深市行情: 58 只
最新交易日查询结果: (datetime.date(2026, 5, 25),)
最新交易日: 2026-05-25, 用户选择日期: 2026-05-25
满足实时获取条件: 当前日期 < 下一个交易日
实时获取昨日涨停股票涨跌幅，股票数量: 115
沪市股票: 57 只, 深市股票: 58 只
沪市行情返回: True
成功获取沪市行情: 57 只
深市行情返回: True
成功获取深市行情: 58 只
[心跳] 同花顺会话保持成功
最新交易日查询结果: (datetime.date(2026, 5, 25),)
最新交易日: 2026-05-25, 用户选择日期: 2026-05-25
满足实时获取条件: 当前日期 < 下一个交易日
实时获取昨日涨停股票涨跌幅，股票数量: 115
沪市股票: 57 只, 深市股票: 58 只
沪市行情返回: True
成功获取沪市行情: 57 只
深市行情返回: True
成功获取深市行情: 58 只
[心跳] 同花顺会话保持失败: ('Connection aborted.', ConnectionResetError(54, 'Connection reset by peer'))
[财联社同步] 新增 22 条新闻，更新 0 条
[心跳] 同花顺会话保持成功
[心跳] 同花顺会话保持成功
[心跳] 同花顺会话保持成功
[心跳] 同花顺会话保持成功
[心跳] 同花顺会话保持成功
[财联社同步] 新增 10 条新闻，更新 0 条
[心跳] 同花顺会话保持成功
最新交易日查询结果: (datetime.date(2026, 5, 25),)
最新交易日: 2026-05-25, 用户选择日期: 2026-05-25
满足实时获取条件: 当前日期 < 下一个交易日
实时获取昨日涨停股票涨跌幅，股票数量: 115
沪市股票: 57 只, 深市股票: 58 只
沪市行情返回: True
成功获取沪市行情: 57 只
深市行情返回: True
成功获取深市行情: 58 只
最新交易日查询结果: (datetime.date(2026, 5, 25),)
最新交易日: 2026-05-25, 用户选择日期: 2026-05-25
满足实时获取条件: 当前日期 < 下一个交易日
实时获取昨日涨停股票涨跌幅，股票数量: 115
沪市股票: 57 只, 深市股票: 58 只
最新交易日查询结果: (datetime.date(2026, 5, 25),)
最新交易日: 2026-05-25, 用户选择日期: 2026-05-25
满足实时获取条件: 当前日期 < 下一个交易日
实时获取昨日涨停股票涨跌幅，股票数量: 115
沪市股票: 57 只, 深市股票: 58 只
沪市行情返回: True
成功获取沪市行情: 57 只
沪市行情返回: True
成功获取沪市行情: 57 只
深市行情返回: True
成功获取深市行情: 58 只
深市行情返回: True
成功获取深市行情: 58 只
[心跳] 同花顺会话保持成功
[心跳] 同花顺会话保持成功
最新交易日查询结果: (datetime.date(2026, 5, 25),)
最新交易日: 2026-05-25, 用户选择日期: 2026-05-25
满足实时获取条件: 当前日期 < 下一个交易日
实时获取昨日涨停股票涨跌幅，股票数量: 115
沪市股票: 57 只, 深市股票: 58 只
最新交易日查询结果: (datetime.date(2026, 5, 25),)
最新交易日: 2026-05-25, 用户选择日期: 2026-05-25
满足实时获取条件: 当前日期 < 下一个交易日
实时获取昨日涨停股票涨跌幅，股票数量: 115
沪市股票: 57 只, 深市股票: 58 只
沪市行情返回: True
成功获取沪市行情: 57 只
沪市行情返回: True
成功获取沪市行情: 57 只
深市行情返回: True
成功获取深市行情: 58 只
深市行情返回: True
成功获取深市行情: 58 只
[心跳] 同花顺会话保持成功
最新交易日查询结果: (datetime.date(2026, 5, 25),)
最新交易日: 2026-05-25, 用户选择日期: 2026-05-25
满足实时获取条件: 当前日期 < 下一个交易日
实时获取昨日涨停股票涨跌幅，股票数量: 115
沪市股票: 57 只, 深市股票: 58 只
最新交易日查询结果: (datetime.date(2026, 5, 25),)
最新交易日: 2026-05-25, 用户选择日期: 2026-05-25
满足实时获取条件: 当前日期 < 下一个交易日
实时获取昨日涨停股票涨跌幅，股票数量: 115
沪市股票: 57 只, 深市股票: 58 只
沪市行情返回: True
沪市行情返回: True
成功获取沪市行情: 57 只
成功获取沪市行情: 57 只
深市行情返回: True
成功获取深市行情: 58 只
深市行情返回: True
成功获取深市行情: 58 只
[心跳] 同花顺会话保持成功
[财联社同步] 新增 1 条新闻，更新 0 条
[心跳] 同花顺会话保持成功
最新交易日查询结果: (datetime.date(2026, 5, 25),)
最新交易日: 2026-05-25, 用户选择日期: 2026-05-25
满足实时获取条件: 当前日期 < 下一个交易日
实时获取昨日涨停股票涨跌幅，股票数量: 115
沪市股票: 57 只, 深市股票: 58 只
最新交易日查询结果: (datetime.date(2026, 5, 25),)
最新交易日: 2026-05-25, 用户选择日期: 2026-05-25
满足实时获取条件: 当前日期 < 下一个交易日
实时获取昨日涨停股票涨跌幅，股票数量: 115
沪市股票: 57 只, 深市股票: 58 只
沪市行情返回: True
成功获取沪市行情: 57 只
沪市行情返回: True
成功获取沪市行情: 57 只
深市行情返回: True
成功获取深市行情: 58 只
深市行情返回: True
成功获取深市行情: 58 只
[心跳] 同花顺会话保持成功
[心跳] 同花顺会话保持成功
[心跳] 同花顺会话保持成功
从mootdx获取 000725 K线数据...
从mootdx获取 000725 分时数据...
✓ 成功获取K线数据，共 250 条记录
✓ 成功获取分时数据，共 121 条记录
从mootdx获取 000725 实时行情...
从mootdx获取 000725 K线数据...
从mootdx获取 000725 分时数据...
✓ 成功获取分时数据，共 121 条记录
从mootdx获取 000725 实时行情...
✓ 成功获取K线数据，共 250 条记录
[心跳] 同花顺会话保持成功
请求同花顺热股数据失败: 500 Server Error: Internal Server Error for url: https://dq.10jqka.com.cn/fuyao/hot_list_data/out/hot_list/v1/stock?stock_type=a&type=day&list_type=value
从mootdx获取 600584 K线数据...
从mootdx获取 600584 分时数据...
✓ 成功获取分时数据，共 121 条记录
从mootdx获取 600584 实时行情...
✓ 成功获取K线数据，共 250 条记录
[心跳] 同花顺会话保持成功
[心跳] 同花顺会话保持成功
[心跳] 同花顺会话保持成功
[心跳] 同花顺会话保持成功
最新交易日查询结果: (datetime.date(2026, 5, 25),)
最新交易日: 2026-05-25, 用户选择日期: 2026-05-25
满足实时获取条件: 当前日期 < 下一个交易日
实时获取昨日涨停股票涨跌幅，股票数量: 115
沪市股票: 57 只, 深市股票: 58 只
最新交易日查询结果: (datetime.date(2026, 5, 25),)
最新交易日: 2026-05-25, 用户选择日期: 2026-05-25
2026-05-25 12:45:09,751 - werkzeug - INFO - 127.0.0.1 - - [25/May/2026 12:45:09] "GET /api/data/20260525 HTTP/1.1" 200 -
2026-05-25 12:45:09,913 - werkzeug - INFO - 127.0.0.1 - - [25/May/2026 12:45:09] "GET /api/ladder-comparison/20260525 HTTP/1.1" 200 -
2026-05-25 12:45:09,979 - werkzeug - INFO - 127.0.0.1 - - [25/May/2026 12:45:09] "GET /api/ladder-comparison/20260525 HTTP/1.1" 200 -
2026-05-25 12:45:15,608 - werkzeug - INFO - 127.0.0.1 - - [25/May/2026 12:45:15] "OPTIONS /api/auth/settings HTTP/1.1" 200 -
2026-05-25 12:45:15,610 - werkzeug - INFO - 127.0.0.1 - - [25/May/2026 12:45:15] "OPTIONS /api/data/20260525 HTTP/1.1" 200 -
2026-05-25 12:45:15,638 - werkzeug - INFO - 127.0.0.1 - - [25/May/2026 12:45:15] "PUT /api/auth/settings HTTP/1.1" 200 -
2026-05-25 12:45:15,665 - werkzeug - INFO - 127.0.0.1 - - [25/May/2026 12:45:15] "GET /api/data/20260525 HTTP/1.1" 200 -
2026-05-25 12:45:54,990 - werkzeug - INFO - 127.0.0.1 - - [25/May/2026 12:45:54] "GET /api/hot-stocks?list_type=normal HTTP/1.1" 200 -
2026-05-25 12:45:55,007 - werkzeug - INFO - 127.0.0.1 - - [25/May/2026 12:45:55] "GET /api/hot-stocks?list_type=value HTTP/1.1" 200 -
2026-05-25 12:45:55,288 - werkzeug - INFO - 127.0.0.1 - - [25/May/2026 12:45:55] "GET /api/hot-stocks?list_type=trend HTTP/1.1" 200 -
2026-05-25 12:46:28,440 - werkzeug - INFO - 127.0.0.1 - - [25/May/2026 12:46:28] "GET /api/hot-stocks?list_type=normal HTTP/1.1" 200 -
2026-05-25 12:46:28,449 - werkzeug - INFO - 127.0.0.1 - - [25/May/2026 12:46:28] "GET /api/hot-stocks?list_type=trend HTTP/1.1" 200 -
2026-05-25 12:46:28,463 - werkzeug - INFO - 127.0.0.1 - - [25/May/2026 12:46:28] "GET /api/hot-stocks?list_type=value HTTP/1.1" 200 -
2026-05-25 12:47:06,542 - werkzeug - INFO - 127.0.0.1 - - [25/May/2026 12:47:06] "GET /api/hot-stocks?list_type=value HTTP/1.1" 200 -
2026-05-25 12:47:06,561 - werkzeug - INFO - 127.0.0.1 - - [25/May/2026 12:47:06] "GET /api/hot-stocks?list_type=trend HTTP/1.1" 200 -
2026-05-25 12:47:06,577 - werkzeug - INFO - 127.0.0.1 - - [25/May/2026 12:47:06] "GET /api/hot-stocks?list_type=normal HTTP/1.1" 200 -
2026-05-25 12:47:22,845 - werkzeug - INFO - 127.0.0.1 - - [25/May/2026 12:47:22] "GET /api/hot-stocks?list_type=trend HTTP/1.1" 200 -
2026-05-25 12:47:22,855 - werkzeug - INFO - 127.0.0.1 - - [25/May/2026 12:47:22] "GET /api/hot-stocks?list_type=value HTTP/1.1" 200 -
2026-05-25 12:47:22,864 - werkzeug - INFO - 127.0.0.1 - - [25/May/2026 12:47:22] "GET /api/hot-stocks?list_type=normal HTTP/1.1" 200 -
2026-05-25 12:51:24,139 - werkzeug - INFO - 127.0.0.1 - - [25/May/2026 12:51:24] "OPTIONS /api/auth/me HTTP/1.1" 200 -
2026-05-25 12:51:24,347 - werkzeug - INFO - 127.0.0.1 - - [25/May/2026 12:51:24] "GET /api/auth/me HTTP/1.1" 200 -
2026-05-25 12:51:24,743 - werkzeug - INFO - 127.0.0.1 - - [25/May/2026 12:51:24] "GET /api/hot-stocks?list_type=value HTTP/1.1" 200 -
2026-05-25 12:51:24,770 - werkzeug - INFO - 127.0.0.1 - - [25/May/2026 12:51:24] "GET /api/hot-stocks?list_type=normal HTTP/1.1" 200 -
2026-05-25 12:51:24,775 - werkzeug - INFO - 127.0.0.1 - - [25/May/2026 12:51:24] "OPTIONS /api/adjacent-trading-days/20260525 HTTP/1.1" 200 -
2026-05-25 12:51:24,793 - werkzeug - INFO - 127.0.0.1 - - [25/May/2026 12:51:24] "GET /api/hot-stocks?list_type=trend HTTP/1.1" 200 -
2026-05-25 12:51:24,810 - werkzeug - INFO - 127.0.0.1 - - [25/May/2026 12:51:24] "GET /api/adjacent-trading-days/20260525 HTTP/1.1" 200 -
2026-05-25 12:51:24,881 - werkzeug - INFO - 127.0.0.1 - - [25/May/2026 12:51:24] "GET /api/hot-stocks?list_type=value HTTP/1.1" 200 -
2026-05-25 12:51:24,881 - werkzeug - INFO - 127.0.0.1 - - [25/May/2026 12:51:24] "GET /api/hot-stocks?list_type=trend HTTP/1.1" 200 -
2026-05-25 12:51:24,894 - werkzeug - INFO - 127.0.0.1 - - [25/May/2026 12:51:24] "GET /api/hot-stocks?list_type=normal HTTP/1.1" 200 -
2026-05-25 12:51:24,987 - werkzeug - INFO - 127.0.0.1 - - [25/May/2026 12:51:24] "OPTIONS /api/adjacent-trading-days/20260525 HTTP/1.1" 200 -
2026-05-25 12:51:25,117 - werkzeug - INFO - 127.0.0.1 - - [25/May/2026 12:51:25] "GET /api/adjacent-trading-days/20260525 HTTP/1.1" 200 -
2026-05-25 12:51:25,138 - werkzeug - INFO - 127.0.0.1 - - [25/May/2026 12:51:25] "GET /api/hot-stocks?list_type=value HTTP/1.1" 200 -
2026-05-25 12:51:25,149 - werkzeug - INFO - 127.0.0.1 - - [25/May/2026 12:51:25] "GET /api/hot-stocks?list_type=trend HTTP/1.1" 200 -
2026-05-25 12:51:25,158 - werkzeug - INFO - 127.0.0.1 - - [25/May/2026 12:51:25] "GET /api/hot-stocks?list_type=normal HTTP/1.1" 200 -
2026-05-25 12:51:26,708 - werkzeug - INFO - 127.0.0.1 - - [25/May/2026 12:51:26] "GET /api/stock-diff/load/20260525 HTTP/1.1" 200 -
2026-05-25 12:51:26,713 - werkzeug - INFO - 127.0.0.1 - - [25/May/2026 12:51:26] "GET /api/block-strength/continuous?date=20260525 HTTP/1.1" 200 -
2026-05-25 12:51:26,716 - werkzeug - INFO - 127.0.0.1 - - [25/May/2026 12:51:26] "GET /api/block-strength/continuous?date=20260525 HTTP/1.1" 200 -
2026-05-25 12:51:26,747 - werkzeug - INFO - 127.0.0.1 - - [25/May/2026 12:51:26] "OPTIONS /api/data/20260525 HTTP/1.1" 200 -
2026-05-25 12:51:26,750 - werkzeug - INFO - 127.0.0.1 - - [25/May/2026 12:51:26] "OPTIONS /api/data/20260525 HTTP/1.1" 200 -
2026-05-25 12:51:26,850 - werkzeug - INFO - 127.0.0.1 - - [25/May/2026 12:51:26] "GET /api/data/20260525 HTTP/1.1" 200 -
2026-05-25 12:51:26,851 - werkzeug - INFO - 127.0.0.1 - - [25/May/2026 12:51:26] "GET /api/data/20260525 HTTP/1.1" 200 -
2026-05-25 12:51:29,577 - werkzeug - INFO - 127.0.0.1 - - [25/May/2026 12:51:29] "OPTIONS /api/auth/settings HTTP/1.1" 200 -
2026-05-25 12:51:29,597 - werkzeug - INFO - 127.0.0.1 - - [25/May/2026 12:51:29] "PUT /api/auth/settings HTTP/1.1" 200 -
2026-05-25 12:51:29,792 - werkzeug - INFO - 127.0.0.1 - - [25/May/2026 12:51:29] "GET /api/ladder-comparison/20260525 HTTP/1.1" 200 -
2026-05-25 12:51:32,032 - werkzeug - INFO - 127.0.0.1 - - [25/May/2026 12:51:32] "OPTIONS /api/auth/settings HTTP/1.1" 200 -
2026-05-25 12:51:32,035 - werkzeug - INFO - 127.0.0.1 - - [25/May/2026 12:51:32] "OPTIONS /api/data/20260525 HTTP/1.1" 200 -
2026-05-25 12:51:32,051 - werkzeug - INFO - 127.0.0.1 - - [25/May/2026 12:51:32] "PUT /api/auth/settings HTTP/1.1" 200 -
2026-05-25 12:51:32,075 - werkzeug - INFO - 127.0.0.1 - - [25/May/2026 12:51:32] "GET /api/data/20260525 HTTP/1.1" 200 -
2026-05-25 12:52:18,526 - werkzeug - INFO - 127.0.0.1 - - [25/May/2026 12:52:18] "GET /api/stock-diff/load/20260525 HTTP/1.1" 200 -
2026-05-25 12:52:18,529 - werkzeug - INFO - 127.0.0.1 - - [25/May/2026 12:52:18] "GET /api/block-strength/continuous?date=20260525 HTTP/1.1" 200 -
2026-05-25 12:52:18,536 - werkzeug - INFO - 127.0.0.1 - - [25/May/2026 12:52:18] "GET /api/block-strength/continuous?date=20260525 HTTP/1.1" 200 -
2026-05-25 12:52:18,681 - werkzeug - INFO - 127.0.0.1 - - [25/May/2026 12:52:18] "OPTIONS /api/data/20260525 HTTP/1.1" 200 -
2026-05-25 12:52:18,684 - werkzeug - INFO - 127.0.0.1 - - [25/May/2026 12:52:18] "OPTIONS /api/data/20260525 HTTP/1.1" 200 -
2026-05-25 12:52:18,844 - werkzeug - INFO - 127.0.0.1 - - [25/May/2026 12:52:18] "GET /api/data/20260525 HTTP/1.1" 200 -
2026-05-25 12:52:18,923 - werkzeug - INFO - 127.0.0.1 - - [25/May/2026 12:52:18] "GET /api/data/20260525 HTTP/1.1" 200 -
2026-05-25 12:52:21,493 - werkzeug - INFO - 127.0.0.1 - - [25/May/2026 12:52:21] "OPTIONS /api/auth/settings HTTP/1.1" 200 -
2026-05-25 12:52:21,538 - werkzeug - INFO - 127.0.0.1 - - [25/May/2026 12:52:21] "PUT /api/auth/settings HTTP/1.1" 200 -
2026-05-25 12:52:21,720 - werkzeug - INFO - 127.0.0.1 - - [25/May/2026 12:52:21] "GET /api/ladder-comparison/20260525 HTTP/1.1" 200 -
2026-05-25 12:52:25,457 - werkzeug - INFO - 127.0.0.1 - - [25/May/2026 12:52:25] "OPTIONS /api/auth/settings HTTP/1.1" 200 -
2026-05-25 12:52:25,460 - werkzeug - INFO - 127.0.0.1 - - [25/May/2026 12:52:25] "OPTIONS /api/data/20260525 HTTP/1.1" 200 -
2026-05-25 12:52:25,482 - werkzeug - INFO - 127.0.0.1 - - [25/May/2026 12:52:25] "PUT /api/auth/settings HTTP/1.1" 200 -
2026-05-25 12:52:25,518 - werkzeug - INFO - 127.0.0.1 - - [25/May/2026 12:52:25] "GET /api/data/20260525 HTTP/1.1" 200 -
2026-05-25 12:53:12,740 - werkzeug - INFO - 127.0.0.1 - - [25/May/2026 12:53:12] "GET /api/stock-diff/load/20260525 HTTP/1.1" 200 -
2026-05-25 12:53:12,787 - werkzeug - INFO - 127.0.0.1 - - [25/May/2026 12:53:12] "OPTIONS /api/data/20260525 HTTP/1.1" 200 -
2026-05-25 12:53:12,789 - werkzeug - INFO - 127.0.0.1 - - [25/May/2026 12:53:12] "GET /api/block-strength/continuous?date=20260525 HTTP/1.1" 200 -
2026-05-25 12:53:12,794 - werkzeug - INFO - 127.0.0.1 - - [25/May/2026 12:53:12] "GET /api/block-strength/continuous?date=20260525 HTTP/1.1" 200 -
2026-05-25 12:53:12,798 - werkzeug - INFO - 127.0.0.1 - - [25/May/2026 12:53:12] "OPTIONS /api/data/20260525 HTTP/1.1" 200 -
2026-05-25 12:53:12,956 - werkzeug - INFO - 127.0.0.1 - - [25/May/2026 12:53:12] "GET /api/data/20260525 HTTP/1.1" 200 -
2026-05-25 12:53:12,975 - werkzeug - INFO - 127.0.0.1 - - [25/May/2026 12:53:12] "GET /api/data/20260525 HTTP/1.1" 200 -
2026-05-25 12:53:16,592 - werkzeug - INFO - 127.0.0.1 - - [25/May/2026 12:53:16] "OPTIONS /api/auth/me HTTP/1.1" 200 -
2026-05-25 12:53:16,607 - werkzeug - INFO - 127.0.0.1 - - [25/May/2026 12:53:16] "GET /api/auth/me HTTP/1.1" 200 -
2026-05-25 12:53:17,100 - werkzeug - INFO - 127.0.0.1 - - [25/May/2026 12:53:17] "OPTIONS /api/adjacent-trading-days/20260525 HTTP/1.1" 200 -
2026-05-25 12:53:17,132 - werkzeug - INFO - 127.0.0.1 - - [25/May/2026 12:53:17] "GET /api/adjacent-trading-days/20260525 HTTP/1.1" 200 -
2026-05-25 12:53:17,238 - werkzeug - INFO - 127.0.0.1 - - [25/May/2026 12:53:17] "OPTIONS /api/adjacent-trading-days/20260525 HTTP/1.1" 200 -
2026-05-25 12:53:17,239 - werkzeug - INFO - 127.0.0.1 - - [25/May/2026 12:53:17] "OPTIONS /api/data/20260525 HTTP/1.1" 200 -
2026-05-25 12:53:17,241 - werkzeug - INFO - 127.0.0.1 - - [25/May/2026 12:53:17] "GET /api/stock-diff/load/20260525 HTTP/1.1" 200 -
2026-05-25 12:53:17,242 - werkzeug - INFO - 127.0.0.1 - - [25/May/2026 12:53:17] "GET /api/block-strength/continuous?date=20260525 HTTP/1.1" 200 -
2026-05-25 12:53:17,262 - werkzeug - INFO - 127.0.0.1 - - [25/May/2026 12:53:17] "GET /api/adjacent-trading-days/20260525 HTTP/1.1" 200 -
2026-05-25 12:53:17,333 - werkzeug - INFO - 127.0.0.1 - - [25/May/2026 12:53:17] "GET /api/data/20260525 HTTP/1.1" 200 -
2026-05-25 12:53:19,304 - werkzeug - INFO - 127.0.0.1 - - [25/May/2026 12:53:19] "OPTIONS /api/auth/settings HTTP/1.1" 200 -
2026-05-25 12:53:19,445 - werkzeug - INFO - 127.0.0.1 - - [25/May/2026 12:53:19] "PUT /api/auth/settings HTTP/1.1" 200 -
2026-05-25 12:53:19,690 - werkzeug - INFO - 127.0.0.1 - - [25/May/2026 12:53:19] "GET /api/ladder-comparison/20260525 HTTP/1.1" 200 -
2026-05-25 12:53:22,120 - werkzeug - INFO - 127.0.0.1 - - [25/May/2026 12:53:22] "OPTIONS /api/auth/settings HTTP/1.1" 200 -
2026-05-25 12:53:22,125 - werkzeug - INFO - 127.0.0.1 - - [25/May/2026 12:53:22] "OPTIONS /api/data/20260525 HTTP/1.1" 200 -
2026-05-25 12:53:22,154 - werkzeug - INFO - 127.0.0.1 - - [25/May/2026 12:53:22] "PUT /api/auth/settings HTTP/1.1" 200 -
2026-05-25 12:53:22,205 - werkzeug - INFO - 127.0.0.1 - - [25/May/2026 12:53:22] "GET /api/data/20260525 HTTP/1.1" 200 -
2026-05-25 12:53:23,343 - werkzeug - INFO - 127.0.0.1 - - [25/May/2026 12:53:23] "OPTIONS /api/auth/settings HTTP/1.1" 200 -
2026-05-25 12:53:23,362 - werkzeug - INFO - 127.0.0.1 - - [25/May/2026 12:53:23] "GET /api/ladder-comparison/20260525 HTTP/1.1" 200 -
2026-05-25 12:53:23,374 - werkzeug - INFO - 127.0.0.1 - - [25/May/2026 12:53:23] "PUT /api/auth/settings HTTP/1.1" 200 -
2026-05-25 12:54:47,756 - werkzeug - INFO - 127.0.0.1 - - [25/May/2026 12:54:47] "OPTIONS /api/auth/me HTTP/1.1" 200 -
2026-05-25 12:54:47,784 - werkzeug - INFO - 127.0.0.1 - - [25/May/2026 12:54:47] "GET /api/auth/me HTTP/1.1" 200 -
2026-05-25 12:54:48,200 - werkzeug - INFO - 127.0.0.1 - - [25/May/2026 12:54:48] "OPTIONS /api/adjacent-trading-days/20260525 HTTP/1.1" 200 -
2026-05-25 12:54:48,218 - werkzeug - INFO - 127.0.0.1 - - [25/May/2026 12:54:48] "GET /api/adjacent-trading-days/20260525 HTTP/1.1" 200 -
2026-05-25 12:54:48,404 - werkzeug - INFO - 127.0.0.1 - - [25/May/2026 12:54:48] "GET /api/stock-diff/load/20260525 HTTP/1.1" 200 -
2026-05-25 12:54:48,407 - werkzeug - INFO - 127.0.0.1 - - [25/May/2026 12:54:48] "GET /api/block-strength/continuous?date=20260525 HTTP/1.1" 200 -
2026-05-25 12:54:48,456 - werkzeug - INFO - 127.0.0.1 - - [25/May/2026 12:54:48] "OPTIONS /api/data/20260525 HTTP/1.1" 200 -
2026-05-25 12:54:48,462 - werkzeug - INFO - 127.0.0.1 - - [25/May/2026 12:54:48] "OPTIONS /api/adjacent-trading-days/20260525 HTTP/1.1" 200 -
2026-05-25 12:54:48,589 - werkzeug - INFO - 127.0.0.1 - - [25/May/2026 12:54:48] "GET /api/adjacent-trading-days/20260525 HTTP/1.1" 200 -
2026-05-25 12:54:48,647 - werkzeug - INFO - 127.0.0.1 - - [25/May/2026 12:54:48] "GET /api/data/20260525 HTTP/1.1" 200 -
2026-05-25 12:54:48,717 - werkzeug - INFO - 127.0.0.1 - - [25/May/2026 12:54:48] "GET /api/ladder-comparison/20260525 HTTP/1.1" 200 -
2026-05-25 12:54:50,747 - werkzeug - INFO - 127.0.0.1 - - [25/May/2026 12:54:50] "OPTIONS /api/auth/settings HTTP/1.1" 200 -
2026-05-25 12:54:50,776 - werkzeug - INFO - 127.0.0.1 - - [25/May/2026 12:54:50] "PUT /api/auth/settings HTTP/1.1" 200 -
2026-05-25 12:54:53,818 - werkzeug - INFO - 127.0.0.1 - - [25/May/2026 12:54:53] "OPTIONS /api/data/20260525 HTTP/1.1" 200 -
2026-05-25 12:54:53,819 - werkzeug - INFO - 127.0.0.1 - - [25/May/2026 12:54:53] "OPTIONS /api/auth/settings HTTP/1.1" 200 -
2026-05-25 12:54:53,845 - werkzeug - INFO - 127.0.0.1 - - [25/May/2026 12:54:53] "PUT /api/auth/settings HTTP/1.1" 200 -
2026-05-25 12:54:53,894 - werkzeug - INFO - 127.0.0.1 - - [25/May/2026 12:54:53] "GET /api/data/20260525 HTTP/1.1" 200 -
2026-05-25 12:55:11,308 - werkzeug - INFO - 127.0.0.1 - - [25/May/2026 12:55:11] "OPTIONS /api/auth/me HTTP/1.1" 200 -
2026-05-25 12:55:11,327 - werkzeug - INFO - 127.0.0.1 - - [25/May/2026 12:55:11] "GET /api/auth/me HTTP/1.1" 200 -
2026-05-25 12:55:11,765 - werkzeug - INFO - 127.0.0.1 - - [25/May/2026 12:55:11] "OPTIONS /api/adjacent-trading-days/20260525 HTTP/1.1" 200 -
2026-05-25 12:55:11,783 - werkzeug - INFO - 127.0.0.1 - - [25/May/2026 12:55:11] "GET /api/adjacent-trading-days/20260525 HTTP/1.1" 200 -
2026-05-25 12:55:11,859 - werkzeug - INFO - 127.0.0.1 - - [25/May/2026 12:55:11] "GET /api/stock-diff/load/20260525 HTTP/1.1" 200 -
2026-05-25 12:55:11,862 - werkzeug - INFO - 127.0.0.1 - - [25/May/2026 12:55:11] "GET /api/block-strength/continuous?date=20260525 HTTP/1.1" 200 -
2026-05-25 12:55:11,864 - werkzeug - INFO - 127.0.0.1 - - [25/May/2026 12:55:11] "OPTIONS /api/data/20260525 HTTP/1.1" 200 -
2026-05-25 12:55:11,869 - werkzeug - INFO - 127.0.0.1 - - [25/May/2026 12:55:11] "OPTIONS /api/adjacent-trading-days/20260525 HTTP/1.1" 200 -
2026-05-25 12:55:11,902 - werkzeug - INFO - 127.0.0.1 - - [25/May/2026 12:55:11] "GET /api/adjacent-trading-days/20260525 HTTP/1.1" 200 -
2026-05-25 12:55:12,026 - werkzeug - INFO - 127.0.0.1 - - [25/May/2026 12:55:12] "GET /api/data/20260525 HTTP/1.1" 200 -
2026-05-25 12:56:08,337 - werkzeug - INFO - 127.0.0.1 - - [25/May/2026 12:56:08] "OPTIONS /api/auth/settings HTTP/1.1" 200 -
2026-05-25 12:56:08,353 - werkzeug - INFO - 127.0.0.1 - - [25/May/2026 12:56:08] "PUT /api/auth/settings HTTP/1.1" 200 -
2026-05-25 12:56:08,533 - werkzeug - INFO - 127.0.0.1 - - [25/May/2026 12:56:08] "GET /api/ladder-comparison/20260525 HTTP/1.1" 200 -
2026-05-25 12:56:11,596 - werkzeug - INFO - 127.0.0.1 - - [25/May/2026 12:56:11] "OPTIONS /api/auth/settings HTTP/1.1" 200 -
2026-05-25 12:56:11,597 - werkzeug - INFO - 127.0.0.1 - - [25/May/2026 12:56:11] "OPTIONS /api/data/20260525 HTTP/1.1" 200 -
2026-05-25 12:56:11,619 - werkzeug - INFO - 127.0.0.1 - - [25/May/2026 12:56:11] "PUT /api/auth/settings HTTP/1.1" 200 -
2026-05-25 12:56:11,685 - werkzeug - INFO - 127.0.0.1 - - [25/May/2026 12:56:11] "GET /api/data/20260525 HTTP/1.1" 200 -
2026-05-25 12:56:52,580 - werkzeug - INFO - 127.0.0.1 - - [25/May/2026 12:56:52] "OPTIONS /api/auth/me HTTP/1.1" 200 -
2026-05-25 12:56:52,607 - werkzeug - INFO - 127.0.0.1 - - [25/May/2026 12:56:52] "GET /api/auth/me HTTP/1.1" 200 -
2026-05-25 12:56:53,103 - werkzeug - INFO - 127.0.0.1 - - [25/May/2026 12:56:53] "OPTIONS /api/adjacent-trading-days/20260525 HTTP/1.1" 200 -
2026-05-25 12:56:53,117 - werkzeug - INFO - 127.0.0.1 - - [25/May/2026 12:56:53] "GET /api/adjacent-trading-days/20260525 HTTP/1.1" 200 -
2026-05-25 12:56:53,367 - werkzeug - INFO - 127.0.0.1 - - [25/May/2026 12:56:53] "OPTIONS /api/data/20260525 HTTP/1.1" 200 -
2026-05-25 12:56:53,372 - werkzeug - INFO - 127.0.0.1 - - [25/May/2026 12:56:53] "GET /api/stock-diff/load/20260525 HTTP/1.1" 200 -
2026-05-25 12:56:53,376 - werkzeug - INFO - 127.0.0.1 - - [25/May/2026 12:56:53] "OPTIONS /api/adjacent-trading-days/20260525 HTTP/1.1" 200 -
2026-05-25 12:56:53,377 - werkzeug - INFO - 127.0.0.1 - - [25/May/2026 12:56:53] "GET /api/block-strength/continuous?date=20260525 HTTP/1.1" 200 -
2026-05-25 12:56:53,396 - werkzeug - INFO - 127.0.0.1 - - [25/May/2026 12:56:53] "GET /api/adjacent-trading-days/20260525 HTTP/1.1" 200 -
2026-05-25 12:56:53,450 - werkzeug - INFO - 127.0.0.1 - - [25/May/2026 12:56:53] "GET /api/data/20260525 HTTP/1.1" 200 -
2026-05-25 13:08:51,268 - werkzeug - INFO - 127.0.0.1 - - [25/May/2026 13:08:51] "OPTIONS /api/auth/me HTTP/1.1" 200 -
2026-05-25 13:08:51,288 - werkzeug - INFO - 127.0.0.1 - - [25/May/2026 13:08:51] "GET /api/auth/me HTTP/1.1" 200 -
2026-05-25 13:08:51,520 - werkzeug - INFO - 127.0.0.1 - - [25/May/2026 13:08:51] "OPTIONS /api/adjacent-trading-days/20260525 HTTP/1.1" 200 -
2026-05-25 13:08:51,530 - werkzeug - INFO - 127.0.0.1 - - [25/May/2026 13:08:51] "GET /api/adjacent-trading-days/20260525 HTTP/1.1" 200 -
2026-05-25 13:08:51,664 - werkzeug - INFO - 127.0.0.1 - - [25/May/2026 13:08:51] "GET /api/stock-diff/load/20260525 HTTP/1.1" 200 -
2026-05-25 13:08:51,666 - werkzeug - INFO - 127.0.0.1 - - [25/May/2026 13:08:51] "OPTIONS /api/data/20260525 HTTP/1.1" 200 -
2026-05-25 13:08:51,671 - werkzeug - INFO - 127.0.0.1 - - [25/May/2026 13:08:51] "GET /api/block-strength/continuous?date=20260525 HTTP/1.1" 200 -
2026-05-25 13:08:51,680 - werkzeug - INFO - 127.0.0.1 - - [25/May/2026 13:08:51] "GET /api/adjacent-trading-days/20260525 HTTP/1.1" 200 -
2026-05-25 13:08:51,711 - werkzeug - INFO - 127.0.0.1 - - [25/May/2026 13:08:51] "GET /api/data/20260525 HTTP/1.1" 200 -
2026-05-25 13:08:54,110 - werkzeug - INFO - 127.0.0.1 - - [25/May/2026 13:08:54] "GET /api/hot-stocks?list_type=trend HTTP/1.1" 200 -
2026-05-25 13:08:54,120 - werkzeug - INFO - 127.0.0.1 - - [25/May/2026 13:08:54] "GET /api/hot-stocks?list_type=value HTTP/1.1" 200 -
2026-05-25 13:08:54,127 - werkzeug - INFO - 127.0.0.1 - - [25/May/2026 13:08:54] "GET /api/hot-stocks?list_type=normal HTTP/1.1" 200 -
2026-05-25 13:09:24,476 - werkzeug - INFO - 127.0.0.1 - - [25/May/2026 13:09:24] "GET /api/hot-stocks?list_type=normal HTTP/1.1" 200 -
2026-05-25 13:09:24,482 - werkzeug - INFO - 127.0.0.1 - - [25/May/2026 13:09:24] "GET /api/hot-stocks?list_type=trend HTTP/1.1" 200 -
2026-05-25 13:09:24,490 - werkzeug - INFO - 127.0.0.1 - - [25/May/2026 13:09:24] "GET /api/hot-stocks?list_type=value HTTP/1.1" 200 -
2026-05-25 13:09:57,720 - werkzeug - INFO - 127.0.0.1 - - [25/May/2026 13:09:57] "GET /api/hot-stocks?list_type=value HTTP/1.1" 200 -
2026-05-25 13:09:57,736 - werkzeug - INFO - 127.0.0.1 - - [25/May/2026 13:09:57] "GET /api/hot-stocks?list_type=trend HTTP/1.1" 200 -
2026-05-25 13:09:57,741 - werkzeug - INFO - 127.0.0.1 - - [25/May/2026 13:09:57] "GET /api/hot-stocks?list_type=normal HTTP/1.1" 200 -
2026-05-25 13:10:02,312 - werkzeug - INFO - 127.0.0.1 - - [25/May/2026 13:10:02] "GET /api/hot-stocks?list_type=value HTTP/1.1" 200 -
2026-05-25 13:10:02,324 - werkzeug - INFO - 127.0.0.1 - - [25/May/2026 13:10:02] "GET /api/hot-stocks?list_type=normal HTTP/1.1" 200 -
2026-05-25 13:10:02,330 - werkzeug - INFO - 127.0.0.1 - - [25/May/2026 13:10:02] "GET /api/hot-stocks?list_type=trend HTTP/1.1" 200 -
2026-05-25 13:10:05,858 - werkzeug - INFO - 127.0.0.1 - - [25/May/2026 13:10:05] "GET /api/hot-stocks?list_type=normal HTTP/1.1" 200 -
2026-05-25 13:10:05,870 - werkzeug - INFO - 127.0.0.1 - - [25/May/2026 13:10:05] "GET /api/hot-stocks?list_type=value HTTP/1.1" 200 -
2026-05-25 13:10:05,890 - werkzeug - INFO - 127.0.0.1 - - [25/May/2026 13:10:05] "GET /api/hot-stocks?list_type=trend HTTP/1.1" 200 -
2026-05-25 13:10:07,837 - werkzeug - INFO - 127.0.0.1 - - [25/May/2026 13:10:07] "GET /api/hot-stocks?list_type=trend HTTP/1.1" 200 -
2026-05-25 13:10:07,842 - werkzeug - INFO - 127.0.0.1 - - [25/May/2026 13:10:07] "GET /api/hot-stocks?list_type=value HTTP/1.1" 200 -
2026-05-25 13:10:07,854 - werkzeug - INFO - 127.0.0.1 - - [25/May/2026 13:10:07] "GET /api/hot-stocks?list_type=normal HTTP/1.1" 200 -
2026-05-25 13:11:32,345 - werkzeug - INFO - 127.0.0.1 - - [25/May/2026 13:11:32] "GET /api/hot-stocks?list_type=trend HTTP/1.1" 200 -
2026-05-25 13:11:32,363 - werkzeug - INFO - 127.0.0.1 - - [25/May/2026 13:11:32] "GET /api/hot-stocks?list_type=value HTTP/1.1" 200 -
2026-05-25 13:11:32,385 - werkzeug - INFO - 127.0.0.1 - - [25/May/2026 13:11:32] "GET /api/hot-stocks?list_type=normal HTTP/1.1" 200 -
2026-05-25 13:11:41,544 - werkzeug - INFO - 127.0.0.1 - - [25/May/2026 13:11:41] "GET /api/hot-stocks?list_type=trend HTTP/1.1" 200 -
2026-05-25 13:11:41,545 - werkzeug - INFO - 127.0.0.1 - - [25/May/2026 13:11:41] "GET /api/hot-stocks?list_type=normal HTTP/1.1" 200 -
2026-05-25 13:11:41,560 - werkzeug - INFO - 127.0.0.1 - - [25/May/2026 13:11:41] "GET /api/hot-stocks?list_type=value HTTP/1.1" 200 -
2026-05-25 13:11:59,293 - werkzeug - INFO - 127.0.0.1 - - [25/May/2026 13:11:59] "GET /api/hot-stocks?list_type=trend HTTP/1.1" 200 -
2026-05-25 13:11:59,307 - werkzeug - INFO - 127.0.0.1 - - [25/May/2026 13:11:59] "GET /api/hot-stocks?list_type=normal HTTP/1.1" 200 -
2026-05-25 13:11:59,324 - werkzeug - INFO - 127.0.0.1 - - [25/May/2026 13:11:59] "GET /api/hot-stocks?list_type=value HTTP/1.1" 200 -
2026-05-25 13:12:50,518 - werkzeug - INFO - 127.0.0.1 - - [25/May/2026 13:12:50] "GET /api/hot-stocks?list_type=trend HTTP/1.1" 200 -
2026-05-25 13:12:50,526 - werkzeug - INFO - 127.0.0.1 - - [25/May/2026 13:12:50] "GET /api/hot-stocks?list_type=value HTTP/1.1" 200 -
2026-05-25 13:12:50,536 - werkzeug - INFO - 127.0.0.1 - - [25/May/2026 13:12:50] "GET /api/hot-stocks?list_type=normal HTTP/1.1" 200 -
2026-05-25 13:12:58,228 - werkzeug - INFO - 127.0.0.1 - - [25/May/2026 13:12:58] "GET /api/hot-stocks?list_type=trend HTTP/1.1" 200 -
2026-05-25 13:12:58,267 - werkzeug - INFO - 127.0.0.1 - - [25/May/2026 13:12:58] "GET /api/hot-stocks?list_type=normal HTTP/1.1" 200 -
2026-05-25 13:12:58,275 - werkzeug - INFO - 127.0.0.1 - - [25/May/2026 13:12:58] "GET /api/hot-stocks?list_type=value HTTP/1.1" 200 -
2026-05-25 13:13:15,364 - werkzeug - INFO - 127.0.0.1 - - [25/May/2026 13:13:15] "GET /api/hot-stocks?list_type=value HTTP/1.1" 200 -
2026-05-25 13:13:15,375 - werkzeug - INFO - 127.0.0.1 - - [25/May/2026 13:13:15] "GET /api/hot-stocks?list_type=trend HTTP/1.1" 200 -
2026-05-25 13:13:15,389 - werkzeug - INFO - 127.0.0.1 - - [25/May/2026 13:13:15] "GET /api/hot-stocks?list_type=normal HTTP/1.1" 200 -
2026-05-25 13:13:23,188 - werkzeug - INFO - 127.0.0.1 - - [25/May/2026 13:13:23] "GET /api/hot-stocks?list_type=value HTTP/1.1" 200 -
2026-05-25 13:13:23,208 - werkzeug - INFO - 127.0.0.1 - - [25/May/2026 13:13:23] "GET /api/hot-stocks?list_type=trend HTTP/1.1" 200 -
2026-05-25 13:13:23,222 - werkzeug - INFO - 127.0.0.1 - - [25/May/2026 13:13:23] "GET /api/hot-stocks?list_type=normal HTTP/1.1" 200 -
2026-05-25 13:13:23,330 - werkzeug - INFO - 127.0.0.1 - - [25/May/2026 13:13:23] "GET /api/hot-stocks?list_type=value HTTP/1.1" 200 -
2026-05-25 13:13:23,356 - werkzeug - INFO - 127.0.0.1 - - [25/May/2026 13:13:23] "GET /api/hot-stocks?list_type=trend HTTP/1.1" 200 -
2026-05-25 13:13:23,381 - werkzeug - INFO - 127.0.0.1 - - [25/May/2026 13:13:23] "GET /api/hot-stocks?list_type=normal HTTP/1.1" 200 -
2026-05-25 13:13:39,708 - werkzeug - INFO - 127.0.0.1 - - [25/May/2026 13:13:39] "GET /api/hot-stocks?list_type=value HTTP/1.1" 200 -
2026-05-25 13:13:39,722 - werkzeug - INFO - 127.0.0.1 - - [25/May/2026 13:13:39] "GET /api/hot-stocks?list_type=trend HTTP/1.1" 200 -
2026-05-25 13:13:39,731 - werkzeug - INFO - 127.0.0.1 - - [25/May/2026 13:13:39] "GET /api/hot-stocks?list_type=normal HTTP/1.1" 200 -
2026-05-25 13:22:00,850 - werkzeug - INFO - 127.0.0.1 - - [25/May/2026 13:22:00] "OPTIONS /api/auth/me HTTP/1.1" 200 -
2026-05-25 13:22:00,864 - werkzeug - INFO - 127.0.0.1 - - [25/May/2026 13:22:00] "GET /api/auth/me HTTP/1.1" 200 -
2026-05-25 13:22:01,074 - werkzeug - INFO - 127.0.0.1 - - [25/May/2026 13:22:01] "OPTIONS /api/adjacent-trading-days/20260525 HTTP/1.1" 200 -
2026-05-25 13:22:01,083 - werkzeug - INFO - 127.0.0.1 - - [25/May/2026 13:22:01] "GET /api/adjacent-trading-days/20260525 HTTP/1.1" 200 -
2026-05-25 13:22:01,185 - werkzeug - INFO - 127.0.0.1 - - [25/May/2026 13:22:01] "GET /api/hot-stocks?list_type=value HTTP/1.1" 200 -
2026-05-25 13:22:01,188 - werkzeug - INFO - 127.0.0.1 - - [25/May/2026 13:22:01] "GET /api/adjacent-trading-days/20260525 HTTP/1.1" 200 -
2026-05-25 13:22:01,201 - werkzeug - INFO - 127.0.0.1 - - [25/May/2026 13:22:01] "GET /api/hot-stocks?list_type=normal HTTP/1.1" 200 -
2026-05-25 13:22:01,205 - werkzeug - INFO - 127.0.0.1 - - [25/May/2026 13:22:01] "GET /api/hot-stocks?list_type=trend HTTP/1.1" 200 -
2026-05-25 13:22:01,298 - werkzeug - INFO - 127.0.0.1 - - [25/May/2026 13:22:01] "GET /api/hot-stocks?list_type=value HTTP/1.1" 200 -
2026-05-25 13:22:01,306 - werkzeug - INFO - 127.0.0.1 - - [25/May/2026 13:22:01] "GET /api/hot-stocks?list_type=trend HTTP/1.1" 200 -
2026-05-25 13:22:01,312 - werkzeug - INFO - 127.0.0.1 - - [25/May/2026 13:22:01] "GET /api/hot-stocks?list_type=normal HTTP/1.1" 200 -
2026-05-25 13:22:02,828 - werkzeug - INFO - 127.0.0.1 - - [25/May/2026 13:22:02] "GET /api/stock-diff/load/20260525 HTTP/1.1" 200 -
2026-05-25 13:22:02,831 - werkzeug - INFO - 127.0.0.1 - - [25/May/2026 13:22:02] "GET /api/block-strength/continuous?date=20260525 HTTP/1.1" 200 -
2026-05-25 13:22:02,841 - werkzeug - INFO - 127.0.0.1 - - [25/May/2026 13:22:02] "OPTIONS /api/data/20260525 HTTP/1.1" 200 -
2026-05-25 13:22:02,846 - werkzeug - INFO - 127.0.0.1 - - [25/May/2026 13:22:02] "OPTIONS /api/data/20260525 HTTP/1.1" 200 -
2026-05-25 13:22:02,856 - werkzeug - INFO - 127.0.0.1 - - [25/May/2026 13:22:02] "GET /api/block-strength/continuous?date=20260525 HTTP/1.1" 200 -
2026-05-25 13:22:02,908 - werkzeug - INFO - 127.0.0.1 - - [25/May/2026 13:22:02] "GET /api/data/20260525 HTTP/1.1" 200 -
2026-05-25 13:22:02,957 - werkzeug - INFO - 127.0.0.1 - - [25/May/2026 13:22:02] "GET /api/data/20260525 HTTP/1.1" 200 -
2026-05-25 13:22:14,836 - werkzeug - INFO - 127.0.0.1 - - [25/May/2026 13:22:14] "OPTIONS /api/auth/me HTTP/1.1" 200 -
2026-05-25 13:22:14,851 - werkzeug - INFO - 127.0.0.1 - - [25/May/2026 13:22:14] "GET /api/auth/me HTTP/1.1" 200 -
2026-05-25 13:22:14,964 - werkzeug - INFO - 127.0.0.1 - - [25/May/2026 13:22:14] "OPTIONS /api/adjacent-trading-days/20260525 HTTP/1.1" 200 -
2026-05-25 13:22:14,972 - werkzeug - INFO - 127.0.0.1 - - [25/May/2026 13:22:14] "GET /api/adjacent-trading-days/20260525 HTTP/1.1" 200 -
2026-05-25 13:22:15,024 - werkzeug - INFO - 127.0.0.1 - - [25/May/2026 13:22:15] "OPTIONS /api/data/20260525 HTTP/1.1" 200 -
2026-05-25 13:22:15,032 - werkzeug - INFO - 127.0.0.1 - - [25/May/2026 13:22:15] "GET /api/stock-diff/load/20260525 HTTP/1.1" 200 -
2026-05-25 13:22:15,033 - werkzeug - INFO - 127.0.0.1 - - [25/May/2026 13:22:15] "GET /api/block-strength/continuous?date=20260525 HTTP/1.1" 200 -
2026-05-25 13:22:15,048 - werkzeug - INFO - 127.0.0.1 - - [25/May/2026 13:22:15] "GET /api/adjacent-trading-days/20260525 HTTP/1.1" 200 -
2026-05-25 13:22:15,087 - werkzeug - INFO - 127.0.0.1 - - [25/May/2026 13:22:15] "GET /api/data/20260525 HTTP/1.1" 200 -
2026-05-25 13:23:45,516 - werkzeug - INFO - 127.0.0.1 - - [25/May/2026 13:23:45] "OPTIONS /api/refresh HTTP/1.1" 200 -
2026-05-25 13:23:46,691 - werkzeug - INFO - 127.0.0.1 - - [25/May/2026 13:23:46] "POST /api/refresh HTTP/1.1" 200 -
2026-05-25 13:23:47,106 - werkzeug - INFO - 127.0.0.1 - - [25/May/2026 13:23:47] "GET /api/stock-diff/load/20260525 HTTP/1.1" 200 -
2026-05-25 13:23:47,107 - werkzeug - INFO - 127.0.0.1 - - [25/May/2026 13:23:47] "GET /api/block-strength/continuous?date=20260525 HTTP/1.1" 200 -
2026-05-25 13:23:47,468 - werkzeug - INFO - 127.0.0.1 - - [25/May/2026 13:23:47] "OPTIONS /api/data/20260525 HTTP/1.1" 200 -
2026-05-25 13:23:47,506 - werkzeug - INFO - 127.0.0.1 - - [25/May/2026 13:23:47] "GET /api/data/20260525 HTTP/1.1" 200 -
2026-05-25 13:24:15,517 - werkzeug - INFO - 127.0.0.1 - - [25/May/2026 13:24:15] "OPTIONS /api/refresh HTTP/1.1" 200 -
2026-05-25 13:24:16,533 - werkzeug - INFO - 127.0.0.1 - - [25/May/2026 13:24:16] "POST /api/refresh HTTP/1.1" 200 -
2026-05-25 13:24:17,051 - werkzeug - INFO - 127.0.0.1 - - [25/May/2026 13:24:17] "GET /api/stock-diff/load/20260525 HTTP/1.1" 200 -
2026-05-25 13:24:17,053 - werkzeug - INFO - 127.0.0.1 - - [25/May/2026 13:24:17] "GET /api/block-strength/continuous?date=20260525 HTTP/1.1" 200 -
2026-05-25 13:24:17,509 - werkzeug - INFO - 127.0.0.1 - - [25/May/2026 13:24:17] "OPTIONS /api/data/20260525 HTTP/1.1" 200 -
2026-05-25 13:24:17,549 - werkzeug - INFO - 127.0.0.1 - - [25/May/2026 13:24:17] "GET /api/data/20260525 HTTP/1.1" 200 -
2026-05-25 13:24:45,517 - werkzeug - INFO - 127.0.0.1 - - [25/May/2026 13:24:45] "OPTIONS /api/refresh HTTP/1.1" 200 -
满足实时获取条件: 当前日期 < 下一个交易日
实时获取昨日涨停股票涨跌幅，股票数量: 115
沪市股票: 57 只, 深市股票: 58 只
沪市行情返回: True
成功获取沪市行情: 57 只
沪市行情返回: True
成功获取沪市行情: 57 只
深市行情返回: True
成功获取深市行情: 58 只
深市行情返回: True
成功获取深市行情: 58 只
[心跳] 同花顺会话保持成功
[心跳] 同花顺会话保持成功
[心跳] 同花顺会话保持成功
[心跳] 同花顺会话保持成功
[心跳] 同花顺会话保持成功
[心跳] 同花顺会话保持成功
[财联社同步] 新增 1 条新闻，更新 0 条
请求同花顺热股数据失败: 500 Server Error: Internal Server Error for url: https://dq.10jqka.com.cn/fuyao/hot_list_data/out/hot_list/v1/stock?stock_type=a&type=day&list_type=value
最新交易日查询结果: (datetime.date(2026, 5, 25),)
最新交易日: 2026-05-25, 用户选择日期: 2026-05-25
满足实时获取条件: 当前日期 < 下一个交易日
实时获取昨日涨停股票涨跌幅，股票数量: 115
沪市股票: 57 只, 深市股票: 58 只
沪市行情返回: True
成功获取沪市行情: 57 只
深市行情返回: True
成功获取深市行情: 58 只
[心跳] 同花顺会话保持成功
最新交易日查询结果: (datetime.date(2026, 5, 25),)
最新交易日: 2026-05-25, 用户选择日期: 2026-05-25
满足实时获取条件: 当前日期 < 下一个交易日
实时获取昨日涨停股票涨跌幅，股票数量: 115
沪市股票: 57 只, 深市股票: 58 只
沪市行情返回: True
成功获取沪市行情: 57 只
深市行情返回: True
成功获取深市行情: 58 只
[心跳] 同花顺会话保持成功
最新交易日查询结果: (datetime.date(2026, 5, 25),)
最新交易日: 2026-05-25, 用户选择日期: 2026-05-25
满足实时获取条件: 当前日期 < 下一个交易日
实时获取昨日涨停股票涨跌幅，股票数量: 115
沪市股票: 57 只, 深市股票: 58 只
沪市行情返回: True
成功获取沪市行情: 57 只
深市行情返回: True
成功获取深市行情: 58 只
最新交易日查询结果: (datetime.date(2026, 5, 25),)
最新交易日: 2026-05-25, 用户选择日期: 2026-05-25
满足实时获取条件: 当前日期 < 下一个交易日
实时获取昨日涨停股票涨跌幅，股票数量: 115
沪市股票: 57 只, 深市股票: 58 只
沪市行情返回: True
成功获取沪市行情: 57 只
深市行情返回: True
成功获取深市行情: 58 只
[心跳] 同花顺会话保持成功
最新交易日查询结果: (datetime.date(2026, 5, 25),)
最新交易日: 2026-05-25, 用户选择日期: 2026-05-25
满足实时获取条件: 当前日期 < 下一个交易日
实时获取昨日涨停股票涨跌幅，股票数量: 115
沪市股票: 57 只, 深市股票: 58 只
沪市行情返回: True
成功获取沪市行情: 57 只
深市行情返回: True
成功获取深市行情: 58 只
[心跳] 同花顺会话保持成功
[心跳] 同花顺会话保持成功
[财联社同步] 新增 3 条新闻，更新 0 条
最新交易日查询结果: (datetime.date(2026, 5, 25),)
最新交易日: 2026-05-25, 用户选择日期: 2026-05-25
满足实时获取条件: 当前日期 < 下一个交易日
实时获取昨日涨停股票涨跌幅，股票数量: 115
沪市股票: 57 只, 深市股票: 58 只
沪市行情返回: True
成功获取沪市行情: 57 只
深市行情返回: True
成功获取深市行情: 58 只
[心跳] 同花顺会话保持成功
[心跳] 同花顺会话保持成功
[心跳] 同花顺会话保持成功
[心跳] 同花顺会话保持成功
[心跳] 同花顺会话保持成功
[财联社同步] 新增 1 条新闻，更新 1 条
[心跳] 同花顺会话保持成功
[心跳] 同花顺会话保持成功
[心跳] 同花顺会话保持成功
[心跳] 同花顺会话保持成功
[心跳] 同花顺会话保持成功
[财联社同步] 新增 2 条新闻，更新 0 条
[心跳] 同花顺会话保持成功
[心跳] 同花顺会话保持成功
[心跳] 同花顺会话保持成功
[心跳] 同花顺会话保持成功
请求同花顺热股数据失败: 500 Server Error: Internal Server Error for url: https://dq.10jqka.com.cn/fuyao/hot_list_data/out/hot_list/v1/stock?stock_type=a&type=day&list_type=value
[心跳] 同花顺会话保持成功
[财联社同步] 新增 1 条新闻，更新 0 条
[心跳] 同花顺会话保持成功
[心跳] 同花顺会话保持成功
[心跳] 同花顺会话保持成功
[心跳] 同花顺会话保持成功
[心跳] 同花顺会话保持成功
[财联社同步] 新增 2 条新闻，更新 0 条
[心跳] 同花顺会话保持成功
[心跳] 同花顺会话保持成功
[心跳] 同花顺会话保持成功
[心跳] 同花顺会话保持成功
[心跳] 同花顺会话保持成功
[财联社同步] 新增 2 条新闻，更新 0 条
[心跳] 同花顺会话保持成功
请求同花顺热股数据失败: 500 Server Error: Internal Server Error for url: https://dq.10jqka.com.cn/fuyao/hot_list_data/out/hot_list/v1/stock?stock_type=a&type=day&list_type=value
[心跳] 同花顺会话保持成功

================================================================================
开始爬取 20260525 的数据...
================================================================================
✓ 已备份 0 只股票的next_change字段
✓ 已删除 20260525 的旧数据

从同花顺获取 20260525 的数据...
✓ 同花顺涨停梯队接口获取到 3 个梯队数据
✓ 同花顺涨停池接口获取到 93 只股票
✓ 同花顺板块强度接口获取到 20 个板块

保存板块数据...
✓ 保存了 20 个板块数据

处理涨停梯队数据...
✓ 从涨停梯队获取了 80 只股票的连板数

处理同花顺涨停池数据: 93 只股票

从同花顺数据构建股票列表...
✓ 构建了 93 只股票的DataFrame

处理 93 只涨停股...

更新昨日涨停股票的次日涨跌幅...
当前日期小于下一个交易日，更新next_change字段
沪市股票: 57 只, 深市股票: 58 只
沪市行情返回: True
成功获取沪市行情: 57 只
深市行情返回: True
成功获取深市行情: 58 只
✓ 更新了 115 只股票的次日涨跌幅
✓ 更新了 115 只昨日涨停股票的次日涨跌幅

✓ 数据保存成功！
  涨停总数: 93
  首板: 76
  2连板: 15
  3连板: 1
  4连板: 1
  5连板+: 0

================================================================================
✓ 数据爬取完成！总耗时: 1.16 秒
================================================================================
[心跳] 同花顺会话保持成功

================================================================================
开始爬取 20260525 的数据...
================================================================================
✓ 已备份 0 只股票的next_change字段
✓ 已删除 20260525 的旧数据

从同花顺获取 20260525 的数据...
✓ 同花顺涨停梯队接口获取到 3 个梯队数据
✓ 同花顺涨停池接口获取到 93 只股票
✓ 同花顺板块强度接口获取到 20 个板块

保存板块数据...
✓ 保存了 20 个板块数据

处理涨停梯队数据...
✓ 从涨停梯队获取了 80 只股票的连板数

处理同花顺涨停池数据: 93 只股票

从同花顺数据构建股票列表...
✓ 构建了 93 只股票的DataFrame

处理 93 只涨停股...

更新昨日涨停股票的次日涨跌幅...
当前日期小于下一个交易日，更新next_change字段
沪市股票: 57 只, 深市股票: 58 只
沪市行情返回: True
成功获取沪市行情: 57 只
深市行情返回: True
成功获取深市行情: 58 只
✓ 更新了 115 只股票的次日涨跌幅
✓ 更新了 115 只昨日涨停股票的次日涨跌幅

✓ 数据保存成功！
  涨停总数: 93
  首板: 75
  2连板: 16
  3连板: 1
  4连板: 1
  5连板+: 0

================================================================================
✓ 数据爬取完成！总耗时: 1.00 秒
================================================================================

================================================================================
2026-05-25 13:24:46,620 - werkzeug - INFO - 127.0.0.1 - - [25/May/2026 13:24:46] "POST /api/refresh HTTP/1.1" 200 -
2026-05-25 13:24:47,148 - werkzeug - INFO - 127.0.0.1 - - [25/May/2026 13:24:47] "GET /api/stock-diff/load/20260525 HTTP/1.1" 200 -
2026-05-25 13:24:47,149 - werkzeug - INFO - 127.0.0.1 - - [25/May/2026 13:24:47] "GET /api/block-strength/continuous?date=20260525 HTTP/1.1" 200 -
2026-05-25 13:24:47,593 - werkzeug - INFO - 127.0.0.1 - - [25/May/2026 13:24:47] "OPTIONS /api/data/20260525 HTTP/1.1" 200 -
2026-05-25 13:24:47,629 - werkzeug - INFO - 127.0.0.1 - - [25/May/2026 13:24:47] "GET /api/data/20260525 HTTP/1.1" 200 -
2026-05-25 13:25:15,516 - werkzeug - INFO - 127.0.0.1 - - [25/May/2026 13:25:15] "OPTIONS /api/refresh HTTP/1.1" 200 -
2026-05-25 13:25:16,825 - werkzeug - INFO - 127.0.0.1 - - [25/May/2026 13:25:16] "POST /api/refresh HTTP/1.1" 200 -
2026-05-25 13:25:17,398 - werkzeug - INFO - 127.0.0.1 - - [25/May/2026 13:25:17] "GET /api/stock-diff/load/20260525 HTTP/1.1" 200 -
2026-05-25 13:25:17,399 - werkzeug - INFO - 127.0.0.1 - - [25/May/2026 13:25:17] "GET /api/block-strength/continuous?date=20260525 HTTP/1.1" 200 -
2026-05-25 13:25:17,868 - werkzeug - INFO - 127.0.0.1 - - [25/May/2026 13:25:17] "OPTIONS /api/data/20260525 HTTP/1.1" 200 -
2026-05-25 13:25:17,907 - werkzeug - INFO - 127.0.0.1 - - [25/May/2026 13:25:17] "GET /api/data/20260525 HTTP/1.1" 200 -
2026-05-25 13:25:46,514 - werkzeug - INFO - 127.0.0.1 - - [25/May/2026 13:25:46] "OPTIONS /api/refresh HTTP/1.1" 200 -
2026-05-25 13:25:47,518 - werkzeug - INFO - 127.0.0.1 - - [25/May/2026 13:25:47] "POST /api/refresh HTTP/1.1" 200 -
2026-05-25 13:25:48,021 - werkzeug - INFO - 127.0.0.1 - - [25/May/2026 13:25:48] "GET /api/stock-diff/load/20260525 HTTP/1.1" 200 -
2026-05-25 13:25:48,021 - werkzeug - INFO - 127.0.0.1 - - [25/May/2026 13:25:48] "GET /api/block-strength/continuous?date=20260525 HTTP/1.1" 200 -
2026-05-25 13:25:48,486 - werkzeug - INFO - 127.0.0.1 - - [25/May/2026 13:25:48] "OPTIONS /api/data/20260525 HTTP/1.1" 200 -
2026-05-25 13:25:48,529 - werkzeug - INFO - 127.0.0.1 - - [25/May/2026 13:25:48] "GET /api/data/20260525 HTTP/1.1" 200 -
2026-05-25 13:26:46,514 - werkzeug - INFO - 127.0.0.1 - - [25/May/2026 13:26:46] "OPTIONS /api/refresh HTTP/1.1" 200 -
2026-05-25 13:26:47,642 - werkzeug - INFO - 127.0.0.1 - - [25/May/2026 13:26:47] "POST /api/refresh HTTP/1.1" 200 -
2026-05-25 13:26:48,337 - werkzeug - INFO - 127.0.0.1 - - [25/May/2026 13:26:48] "GET /api/stock-diff/load/20260525 HTTP/1.1" 200 -
2026-05-25 13:26:48,363 - werkzeug - INFO - 127.0.0.1 - - [25/May/2026 13:26:48] "GET /api/block-strength/continuous?date=20260525 HTTP/1.1" 200 -
2026-05-25 13:26:48,807 - werkzeug - INFO - 127.0.0.1 - - [25/May/2026 13:26:48] "OPTIONS /api/data/20260525 HTTP/1.1" 200 -
2026-05-25 13:26:48,849 - werkzeug - INFO - 127.0.0.1 - - [25/May/2026 13:26:48] "GET /api/data/20260525 HTTP/1.1" 200 -
2026-05-25 13:27:47,514 - werkzeug - INFO - 127.0.0.1 - - [25/May/2026 13:27:47] "OPTIONS /api/refresh HTTP/1.1" 200 -
2026-05-25 13:27:48,666 - werkzeug - INFO - 127.0.0.1 - - [25/May/2026 13:27:48] "POST /api/refresh HTTP/1.1" 200 -
2026-05-25 13:27:49,371 - werkzeug - INFO - 127.0.0.1 - - [25/May/2026 13:27:49] "GET /api/stock-diff/load/20260525 HTTP/1.1" 200 -
2026-05-25 13:27:49,375 - werkzeug - INFO - 127.0.0.1 - - [25/May/2026 13:27:49] "GET /api/block-strength/continuous?date=20260525 HTTP/1.1" 200 -
2026-05-25 13:27:49,964 - werkzeug - INFO - 127.0.0.1 - - [25/May/2026 13:27:49] "OPTIONS /api/data/20260525 HTTP/1.1" 200 -
2026-05-25 13:27:50,012 - werkzeug - INFO - 127.0.0.1 - - [25/May/2026 13:27:50] "GET /api/data/20260525 HTTP/1.1" 200 -
2026-05-25 13:28:48,531 - werkzeug - INFO - 127.0.0.1 - - [25/May/2026 13:28:48] "OPTIONS /api/refresh HTTP/1.1" 200 -
开始爬取 20260525 的数据...
================================================================================
✓ 已备份 0 只股票的next_change字段
✓ 已删除 20260525 的旧数据

从同花顺获取 20260525 的数据...
✓ 同花顺涨停梯队接口获取到 3 个梯队数据
✓ 同花顺涨停池接口获取到 93 只股票
✓ 同花顺板块强度接口获取到 20 个板块

保存板块数据...
✓ 保存了 20 个板块数据

处理涨停梯队数据...
✓ 从涨停梯队获取了 79 只股票的连板数

处理同花顺涨停池数据: 93 只股票

从同花顺数据构建股票列表...
✓ 构建了 93 只股票的DataFrame

处理 93 只涨停股...

更新昨日涨停股票的次日涨跌幅...
当前日期小于下一个交易日，更新next_change字段
沪市股票: 57 只, 深市股票: 58 只
沪市行情返回: True
成功获取沪市行情: 57 只
深市行情返回: True
成功获取深市行情: 58 只
✓ 更新了 115 只股票的次日涨跌幅
✓ 更新了 115 只昨日涨停股票的次日涨跌幅

✓ 数据保存成功！
  涨停总数: 93
  首板: 75
  2连板: 16
  3连板: 1
  4连板: 1
  5连板+: 0

================================================================================
✓ 数据爬取完成！总耗时: 1.09 秒
================================================================================
[心跳] 同花顺会话保持成功

================================================================================
开始爬取 20260525 的数据...
================================================================================
✓ 已备份 0 只股票的next_change字段
✓ 已删除 20260525 的旧数据

从同花顺获取 20260525 的数据...
✓ 同花顺涨停梯队接口获取到 3 个梯队数据
✓ 同花顺涨停池接口获取到 91 只股票
✓ 同花顺板块强度接口获取到 20 个板块

保存板块数据...
✓ 保存了 20 个板块数据

处理涨停梯队数据...
✓ 从涨停梯队获取了 79 只股票的连板数

处理同花顺涨停池数据: 91 只股票

从同花顺数据构建股票列表...
✓ 构建了 91 只股票的DataFrame

处理 91 只涨停股...

更新昨日涨停股票的次日涨跌幅...
当前日期小于下一个交易日，更新next_change字段
沪市股票: 57 只, 深市股票: 58 只
沪市行情返回: True
成功获取沪市行情: 57 只
深市行情返回: True
成功获取深市行情: 58 只
✓ 更新了 115 只股票的次日涨跌幅
✓ 更新了 115 只昨日涨停股票的次日涨跌幅

✓ 数据保存成功！
  涨停总数: 91
  首板: 74
  2连板: 15
  3连板: 1
  4连板: 1
  5连板+: 0

================================================================================
✓ 数据爬取完成！总耗时: 1.29 秒
================================================================================

================================================================================
开始爬取 20260525 的数据...
================================================================================
✓ 已备份 0 只股票的next_change字段
✓ 已删除 20260525 的旧数据

从同花顺获取 20260525 的数据...
✓ 同花顺涨停梯队接口获取到 3 个梯队数据
✓ 同花顺涨停池接口获取到 93 只股票
✓ 同花顺板块强度接口获取到 20 个板块

保存板块数据...
✓ 保存了 20 个板块数据

处理涨停梯队数据...
✓ 从涨停梯队获取了 79 只股票的连板数

处理同花顺涨停池数据: 93 只股票

从同花顺数据构建股票列表...
✓ 构建了 93 只股票的DataFrame

处理 93 只涨停股...

更新昨日涨停股票的次日涨跌幅...
当前日期小于下一个交易日，更新next_change字段
沪市股票: 57 只, 深市股票: 58 只
沪市行情返回: True
成功获取沪市行情: 57 只
深市行情返回: True
成功获取深市行情: 58 只
✓ 更新了 115 只股票的次日涨跌幅
✓ 更新了 115 只昨日涨停股票的次日涨跌幅

✓ 数据保存成功！
  涨停总数: 93
  首板: 76
  2连板: 15
  3连板: 1
  4连板: 1
  5连板+: 0

================================================================================
✓ 数据爬取完成！总耗时: 0.99 秒
================================================================================
[心跳] 同花顺会话保持成功
[财联社同步] 新增 1 条新闻，更新 0 条

================================================================================
开始爬取 20260525 的数据...
================================================================================
✓ 已备份 0 只股票的next_change字段
✓ 已删除 20260525 的旧数据

从同花顺获取 20260525 的数据...
✓ 同花顺涨停梯队接口获取到 3 个梯队数据
✓ 同花顺涨停池接口获取到 91 只股票
✓ 同花顺板块强度接口获取到 20 个板块

保存板块数据...
✓ 保存了 20 个板块数据

处理涨停梯队数据...
✓ 从涨停梯队获取了 79 只股票的连板数

处理同花顺涨停池数据: 91 只股票

从同花顺数据构建股票列表...
✓ 构建了 91 只股票的DataFrame

处理 91 只涨停股...

更新昨日涨停股票的次日涨跌幅...
当前日期小于下一个交易日，更新next_change字段
沪市股票: 57 只, 深市股票: 58 只
沪市行情返回: True
成功获取沪市行情: 57 只
深市行情返回: True
成功获取深市行情: 58 只
✓ 更新了 115 只股票的次日涨跌幅
✓ 更新了 115 只昨日涨停股票的次日涨跌幅

✓ 数据保存成功！
  涨停总数: 91
  首板: 74
  2连板: 15
  3连板: 1
  4连板: 1
  5连板+: 0

================================================================================
✓ 数据爬取完成！总耗时: 1.11 秒
================================================================================
[心跳] 同花顺会话保持成功

================================================================================
开始爬取 20260525 的数据...
================================================================================
✓ 已备份 0 只股票的next_change字段
✓ 已删除 20260525 的旧数据

从同花顺获取 20260525 的数据...
✓ 同花顺涨停梯队接口获取到 3 个梯队数据
✓ 同花顺涨停池接口获取到 89 只股票
✓ 同花顺板块强度接口获取到 20 个板块

保存板块数据...
✓ 保存了 20 个板块数据

处理涨停梯队数据...
✓ 从涨停梯队获取了 75 只股票的连板数

处理同花顺涨停池数据: 89 只股票

从同花顺数据构建股票列表...
✓ 构建了 89 只股票的DataFrame

处理 89 只涨停股...

更新昨日涨停股票的次日涨跌幅...
当前日期小于下一个交易日，更新next_change字段
沪市股票: 57 只, 深市股票: 58 只
沪市行情返回: True
成功获取沪市行情: 57 只
深市行情返回: True
成功获取深市行情: 58 只
✓ 更新了 115 只股票的次日涨跌幅
✓ 更新了 115 只昨日涨停股票的次日涨跌幅

✓ 数据保存成功！
  涨停总数: 89
  首板: 72
  2连板: 15
  3连板: 1
  4连板: 1
  5连板+: 0

================================================================================
✓ 数据爬取完成！总耗时: 1.14 秒
================================================================================
[心跳] 同花顺会话保持成功

================================================================================
开始爬取 20260525 的数据...
================================================================================
✓ 已备份 0 只股票的next_change字段
✓ 已删除 20260525 的旧数据

从同花顺获取 20260525 的数据...
✓ 同花顺涨停梯队接口获取到 3 个梯队数据
✓ 同花顺涨停池接口获取到 89 只股票
✓ 同花顺板块强度接口获取到 20 个板块

保存板块数据...
✓ 保存了 20 个板块数据

处理涨停梯队数据...
✓ 从涨停梯队获取了 75 只股票的连板数

处理同花顺涨停池数据: 89 只股票

从同花顺数据构建股票列表...
2026-05-25 13:28:49,522 - werkzeug - INFO - 127.0.0.1 - - [25/May/2026 13:28:49] "POST /api/refresh HTTP/1.1" 200 -
2026-05-25 13:28:50,023 - werkzeug - INFO - 127.0.0.1 - - [25/May/2026 13:28:50] "GET /api/stock-diff/load/20260525 HTTP/1.1" 200 -
2026-05-25 13:28:50,024 - werkzeug - INFO - 127.0.0.1 - - [25/May/2026 13:28:50] "GET /api/block-strength/continuous?date=20260525 HTTP/1.1" 200 -
2026-05-25 13:28:50,449 - werkzeug - INFO - 127.0.0.1 - - [25/May/2026 13:28:50] "OPTIONS /api/data/20260525 HTTP/1.1" 200 -
2026-05-25 13:28:50,483 - werkzeug - INFO - 127.0.0.1 - - [25/May/2026 13:28:50] "GET /api/data/20260525 HTTP/1.1" 200 -
2026-05-25 13:29:49,529 - werkzeug - INFO - 127.0.0.1 - - [25/May/2026 13:29:49] "OPTIONS /api/refresh HTTP/1.1" 200 -
2026-05-25 13:29:50,966 - werkzeug - INFO - 127.0.0.1 - - [25/May/2026 13:29:50] "POST /api/refresh HTTP/1.1" 200 -
2026-05-25 13:29:51,570 - werkzeug - INFO - 127.0.0.1 - - [25/May/2026 13:29:51] "GET /api/stock-diff/load/20260525 HTTP/1.1" 200 -
2026-05-25 13:29:51,576 - werkzeug - INFO - 127.0.0.1 - - [25/May/2026 13:29:51] "GET /api/block-strength/continuous?date=20260525 HTTP/1.1" 200 -
2026-05-25 13:29:52,034 - werkzeug - INFO - 127.0.0.1 - - [25/May/2026 13:29:52] "OPTIONS /api/data/20260525 HTTP/1.1" 200 -
2026-05-25 13:29:52,077 - werkzeug - INFO - 127.0.0.1 - - [25/May/2026 13:29:52] "GET /api/data/20260525 HTTP/1.1" 200 -
2026-05-25 13:29:53,207 - werkzeug - INFO - 127.0.0.1 - - [25/May/2026 13:29:53] "OPTIONS /api/stock-diff/save HTTP/1.1" 200 -
2026-05-25 13:29:53,217 - werkzeug - INFO - 127.0.0.1 - - [25/May/2026 13:29:53] "POST /api/stock-diff/save HTTP/1.1" 200 -
2026-05-25 13:30:50,529 - werkzeug - INFO - 127.0.0.1 - - [25/May/2026 13:30:50] "OPTIONS /api/refresh HTTP/1.1" 200 -
2026-05-25 13:30:51,688 - werkzeug - INFO - 127.0.0.1 - - [25/May/2026 13:30:51] "POST /api/refresh HTTP/1.1" 200 -
2026-05-25 13:30:53,134 - werkzeug - INFO - 127.0.0.1 - - [25/May/2026 13:30:53] "GET /api/stock-diff/load/20260525 HTTP/1.1" 200 -
2026-05-25 13:30:53,135 - werkzeug - INFO - 127.0.0.1 - - [25/May/2026 13:30:53] "GET /api/block-strength/continuous?date=20260525 HTTP/1.1" 200 -
2026-05-25 13:30:54,483 - werkzeug - INFO - 127.0.0.1 - - [25/May/2026 13:30:54] "OPTIONS /api/data/20260525 HTTP/1.1" 200 -
2026-05-25 13:30:54,538 - werkzeug - INFO - 127.0.0.1 - - [25/May/2026 13:30:54] "GET /api/data/20260525 HTTP/1.1" 200 -
2026-05-25 13:31:51,590 - werkzeug - INFO - 127.0.0.1 - - [25/May/2026 13:31:51] "OPTIONS /api/refresh HTTP/1.1" 200 -
2026-05-25 13:31:53,276 - werkzeug - INFO - 127.0.0.1 - - [25/May/2026 13:31:53] "POST /api/refresh HTTP/1.1" 200 -
2026-05-25 13:31:53,998 - werkzeug - INFO - 127.0.0.1 - - [25/May/2026 13:31:53] "GET /api/stock-diff/load/20260525 HTTP/1.1" 200 -
2026-05-25 13:31:53,999 - werkzeug - INFO - 127.0.0.1 - - [25/May/2026 13:31:53] "GET /api/block-strength/continuous?date=20260525 HTTP/1.1" 200 -
2026-05-25 13:31:54,613 - werkzeug - INFO - 127.0.0.1 - - [25/May/2026 13:31:54] "OPTIONS /api/data/20260525 HTTP/1.1" 200 -
2026-05-25 13:31:54,687 - werkzeug - INFO - 127.0.0.1 - - [25/May/2026 13:31:54] "GET /api/data/20260525 HTTP/1.1" 200 -
2026-05-25 13:32:25,531 - werkzeug - INFO - 127.0.0.1 - - [25/May/2026 13:32:25] "OPTIONS /api/refresh HTTP/1.1" 200 -
2026-05-25 13:32:26,891 - werkzeug - INFO - 127.0.0.1 - - [25/May/2026 13:32:26] "POST /api/refresh HTTP/1.1" 200 -
2026-05-25 13:32:27,436 - werkzeug - INFO - 127.0.0.1 - - [25/May/2026 13:32:27] "GET /api/stock-diff/load/20260525 HTTP/1.1" 200 -
2026-05-25 13:32:27,437 - werkzeug - INFO - 127.0.0.1 - - [25/May/2026 13:32:27] "GET /api/block-strength/continuous?date=20260525 HTTP/1.1" 200 -
2026-05-25 13:32:27,925 - werkzeug - INFO - 127.0.0.1 - - [25/May/2026 13:32:27] "OPTIONS /api/data/20260525 HTTP/1.1" 200 -
2026-05-25 13:32:27,992 - werkzeug - INFO - 127.0.0.1 - - [25/May/2026 13:32:27] "GET /api/data/20260525 HTTP/1.1" 200 -
2026-05-25 13:32:55,530 - werkzeug - INFO - 127.0.0.1 - - [25/May/2026 13:32:55] "OPTIONS /api/refresh HTTP/1.1" 200 -
✓ 构建了 89 只股票的DataFrame

处理 89 只涨停股...

更新昨日涨停股票的次日涨跌幅...
当前日期小于下一个交易日，更新next_change字段
沪市股票: 57 只, 深市股票: 58 只
沪市行情返回: True
成功获取沪市行情: 57 只
深市行情返回: True
成功获取深市行情: 58 只
✓ 更新了 115 只股票的次日涨跌幅
✓ 更新了 115 只昨日涨停股票的次日涨跌幅

✓ 数据保存成功！
  涨停总数: 89
  首板: 72
  2连板: 15
  3连板: 1
  4连板: 1
  5连板+: 0

================================================================================
✓ 数据爬取完成！总耗时: 0.98 秒
================================================================================
[心跳] 同花顺会话保持成功

================================================================================
开始爬取 20260525 的数据...
================================================================================
✓ 已备份 0 只股票的next_change字段
✓ 已删除 20260525 的旧数据

从同花顺获取 20260525 的数据...
✓ 同花顺涨停梯队接口获取到 3 个梯队数据
✓ 同花顺涨停池接口获取到 90 只股票
✓ 同花顺板块强度接口获取到 20 个板块

保存板块数据...
[心跳] 同花顺会话保持成功
✓ 保存了 20 个板块数据

处理涨停梯队数据...
✓ 从涨停梯队获取了 76 只股票的连板数

处理同花顺涨停池数据: 90 只股票

从同花顺数据构建股票列表...
✓ 构建了 90 只股票的DataFrame

处理 90 只涨停股...

更新昨日涨停股票的次日涨跌幅...
当前日期小于下一个交易日，更新next_change字段
沪市股票: 57 只, 深市股票: 58 只
沪市行情返回: True
成功获取沪市行情: 57 只
深市行情返回: True
成功获取深市行情: 58 只
✓ 更新了 115 只股票的次日涨跌幅
✓ 更新了 115 只昨日涨停股票的次日涨跌幅

✓ 数据保存成功！
  涨停总数: 90
  首板: 72
  2连板: 16
  3连板: 1
  4连板: 1
  5连板+: 0

================================================================================
✓ 数据爬取完成！总耗时: 1.43 秒
================================================================================
[心跳] 同花顺会话保持成功

================================================================================
开始爬取 20260525 的数据...
================================================================================
✓ 已备份 0 只股票的next_change字段
✓ 已删除 20260525 的旧数据

从同花顺获取 20260525 的数据...
✓ 同花顺涨停梯队接口获取到 3 个梯队数据
✓ 同花顺涨停池接口获取到 88 只股票
✓ 同花顺板块强度接口获取到 20 个板块

保存板块数据...
✓ 保存了 20 个板块数据

处理涨停梯队数据...
✓ 从涨停梯队获取了 74 只股票的连板数

处理同花顺涨停池数据: 88 只股票

从同花顺数据构建股票列表...
✓ 构建了 88 只股票的DataFrame

处理 88 只涨停股...

更新昨日涨停股票的次日涨跌幅...
当前日期小于下一个交易日，更新next_change字段
沪市股票: 57 只, 深市股票: 58 只
沪市行情返回: True
成功获取沪市行情: 57 只
深市行情返回: True
成功获取深市行情: 58 只
✓ 更新了 115 只股票的次日涨跌幅
✓ 更新了 115 只昨日涨停股票的次日涨跌幅

✓ 数据保存成功！
  涨停总数: 88
  首板: 71
  2连板: 15
  3连板: 1
  4连板: 1
  5连板+: 0

================================================================================
✓ 数据爬取完成！总耗时: 1.15 秒
================================================================================
[财联社同步] 新增 4 条新闻，更新 0 条
[心跳] 同花顺会话保持成功

================================================================================
开始爬取 20260525 的数据...
================================================================================
✓ 已备份 0 只股票的next_change字段
✓ 已删除 20260525 的旧数据

从同花顺获取 20260525 的数据...
✓ 同花顺涨停梯队接口获取到 3 个梯队数据
✓ 同花顺涨停池接口获取到 89 只股票
✓ 同花顺板块强度接口获取到 20 个板块

保存板块数据...
✓ 保存了 20 个板块数据

处理涨停梯队数据...
✓ 从涨停梯队获取了 77 只股票的连板数

处理同花顺涨停池数据: 89 只股票

从同花顺数据构建股票列表...
✓ 构建了 89 只股票的DataFrame

处理 89 只涨停股...

更新昨日涨停股票的次日涨跌幅...
当前日期小于下一个交易日，更新next_change字段
沪市股票: 57 只, 深市股票: 58 只
沪市行情返回: True
成功获取沪市行情: 57 只
深市行情返回: True
成功获取深市行情: 58 只
✓ 更新了 115 只股票的次日涨跌幅
✓ 更新了 115 只昨日涨停股票的次日涨跌幅

✓ 数据保存成功！
  涨停总数: 89
  首板: 71
  2连板: 16
  3连板: 1
  4连板: 1
  5连板+: 0

================================================================================
✓ 数据爬取完成！总耗时: 1.67 秒
================================================================================

================================================================================
开始爬取 20260525 的数据...
================================================================================
✓ 已备份 0 只股票的next_change字段
✓ 已删除 20260525 的旧数据

从同花顺获取 20260525 的数据...
✓ 同花顺涨停梯队接口获取到 3 个梯队数据
✓ 同花顺涨停池接口获取到 89 只股票
✓ 同花顺板块强度接口获取到 20 个板块

保存板块数据...
✓ 保存了 20 个板块数据

处理涨停梯队数据...
✓ 从涨停梯队获取了 76 只股票的连板数

处理同花顺涨停池数据: 89 只股票

从同花顺数据构建股票列表...
✓ 构建了 89 只股票的DataFrame

处理 89 只涨停股...

更新昨日涨停股票的次日涨跌幅...
当前日期小于下一个交易日，更新next_change字段
沪市股票: 57 只, 深市股票: 58 只
沪市行情返回: True
成功获取沪市行情: 57 只
深市行情返回: True
成功获取深市行情: 58 只
✓ 更新了 115 只股票的次日涨跌幅
✓ 更新了 115 只昨日涨停股票的次日涨跌幅

✓ 数据保存成功！
  涨停总数: 89
  首板: 71
  2连板: 16
  3连板: 1
  4连板: 1
  5连板+: 0

================================================================================
✓ 数据爬取完成！总耗时: 1.35 秒
================================================================================
[心跳] 同花顺会话保持成功

================================================================================
开始爬取 20260525 的数据...
================================================================================
✓ 已备份 0 只股票的next_change字段
✓ 已删除 20260525 的旧数据

从同花顺获取 20260525 的数据...
✓ 同花顺涨停梯队接口获取到 3 个梯队数据
✓ 同花顺涨停池接口获取到 90 只股票
✓ 同花顺板块强度接口获取到 20 个板块

保存板块数据...
✓ 保存了 20 个板块数据

处理涨停梯队数据...
✓ 从涨停梯队获取了 76 只股票的连板数

处理同花顺涨停池数据: 90 只股票

从同花顺数据构建股票列表...
✓ 构建了 90 只股票的DataFrame

处理 90 只涨停股...

更新昨日涨停股票的次日涨跌幅...
当前日期小于下一个交易日，更新next_change字段
沪市股票: 57 只, 深市股票: 58 只
沪市行情返回: True
成功获取沪市行情: 57 只
深市行情返回: True
成功获取深市行情: 58 只
✓ 更新了 115 只股票的次日涨跌幅
✓ 更新了 115 只昨日涨停股票的次日涨跌幅

✓ 数据保存成功！
  涨停总数: 90
  首板: 72
  2连板: 16
  3连板: 1
  4连板: 1
  5连板+: 0
2026-05-25 13:32:56,788 - werkzeug - INFO - 127.0.0.1 - - [25/May/2026 13:32:56] "POST /api/refresh HTTP/1.1" 200 -
2026-05-25 13:32:57,368 - werkzeug - INFO - 127.0.0.1 - - [25/May/2026 13:32:57] "GET /api/stock-diff/load/20260525 HTTP/1.1" 200 -
2026-05-25 13:32:57,372 - werkzeug - INFO - 127.0.0.1 - - [25/May/2026 13:32:57] "GET /api/block-strength/continuous?date=20260525 HTTP/1.1" 200 -
2026-05-25 13:32:57,947 - werkzeug - INFO - 127.0.0.1 - - [25/May/2026 13:32:57] "OPTIONS /api/data/20260525 HTTP/1.1" 200 -
2026-05-25 13:32:57,995 - werkzeug - INFO - 127.0.0.1 - - [25/May/2026 13:32:57] "GET /api/data/20260525 HTTP/1.1" 200 -
2026-05-25 13:32:59,234 - werkzeug - INFO - 127.0.0.1 - - [25/May/2026 13:32:59] "OPTIONS /api/stock-diff/save HTTP/1.1" 200 -
2026-05-25 13:32:59,250 - werkzeug - INFO - 127.0.0.1 - - [25/May/2026 13:32:59] "POST /api/stock-diff/save HTTP/1.1" 200 -
2026-05-25 13:33:25,531 - werkzeug - INFO - 127.0.0.1 - - [25/May/2026 13:33:25] "OPTIONS /api/refresh HTTP/1.1" 200 -
2026-05-25 13:33:27,209 - werkzeug - INFO - 127.0.0.1 - - [25/May/2026 13:33:27] "POST /api/refresh HTTP/1.1" 200 -
2026-05-25 13:33:27,867 - werkzeug - INFO - 127.0.0.1 - - [25/May/2026 13:33:27] "GET /api/stock-diff/load/20260525 HTTP/1.1" 200 -
2026-05-25 13:33:27,869 - werkzeug - INFO - 127.0.0.1 - - [25/May/2026 13:33:27] "GET /api/block-strength/continuous?date=20260525 HTTP/1.1" 200 -
2026-05-25 13:33:28,517 - werkzeug - INFO - 127.0.0.1 - - [25/May/2026 13:33:28] "OPTIONS /api/data/20260525 HTTP/1.1" 200 -
2026-05-25 13:33:28,568 - werkzeug - INFO - 127.0.0.1 - - [25/May/2026 13:33:28] "GET /api/data/20260525 HTTP/1.1" 200 -
2026-05-25 13:33:55,530 - werkzeug - INFO - 127.0.0.1 - - [25/May/2026 13:33:55] "OPTIONS /api/refresh HTTP/1.1" 200 -
2026-05-25 13:33:56,949 - werkzeug - INFO - 127.0.0.1 - - [25/May/2026 13:33:56] "POST /api/refresh HTTP/1.1" 200 -
2026-05-25 13:33:57,461 - werkzeug - INFO - 127.0.0.1 - - [25/May/2026 13:33:57] "GET /api/stock-diff/load/20260525 HTTP/1.1" 200 -
2026-05-25 13:33:57,462 - werkzeug - INFO - 127.0.0.1 - - [25/May/2026 13:33:57] "GET /api/block-strength/continuous?date=20260525 HTTP/1.1" 200 -
2026-05-25 13:33:57,909 - werkzeug - INFO - 127.0.0.1 - - [25/May/2026 13:33:57] "OPTIONS /api/data/20260525 HTTP/1.1" 200 -
2026-05-25 13:33:57,947 - werkzeug - INFO - 127.0.0.1 - - [25/May/2026 13:33:57] "GET /api/data/20260525 HTTP/1.1" 200 -
2026-05-25 13:34:25,531 - werkzeug - INFO - 127.0.0.1 - - [25/May/2026 13:34:25] "OPTIONS /api/refresh HTTP/1.1" 200 -
2026-05-25 13:34:26,597 - werkzeug - INFO - 127.0.0.1 - - [25/May/2026 13:34:26] "POST /api/refresh HTTP/1.1" 200 -
2026-05-25 13:34:27,401 - werkzeug - INFO - 127.0.0.1 - - [25/May/2026 13:34:27] "GET /api/stock-diff/load/20260525 HTTP/1.1" 200 -
2026-05-25 13:34:27,401 - werkzeug - INFO - 127.0.0.1 - - [25/May/2026 13:34:27] "GET /api/block-strength/continuous?date=20260525 HTTP/1.1" 200 -
2026-05-25 13:34:27,849 - werkzeug - INFO - 127.0.0.1 - - [25/May/2026 13:34:27] "OPTIONS /api/data/20260525 HTTP/1.1" 200 -
2026-05-25 13:34:27,893 - werkzeug - INFO - 127.0.0.1 - - [25/May/2026 13:34:27] "GET /api/data/20260525 HTTP/1.1" 200 -
2026-05-25 13:34:57,532 - werkzeug - INFO - 127.0.0.1 - - [25/May/2026 13:34:57] "OPTIONS /api/refresh HTTP/1.1" 200 -
2026-05-25 13:34:58,751 - werkzeug - INFO - 127.0.0.1 - - [25/May/2026 13:34:58] "POST /api/refresh HTTP/1.1" 200 -
2026-05-25 13:34:59,357 - werkzeug - INFO - 127.0.0.1 - - [25/May/2026 13:34:59] "GET /api/stock-diff/load/20260525 HTTP/1.1" 200 -
2026-05-25 13:34:59,359 - werkzeug - INFO - 127.0.0.1 - - [25/May/2026 13:34:59] "GET /api/block-strength/continuous?date=20260525 HTTP/1.1" 200 -
2026-05-25 13:34:59,948 - werkzeug - INFO - 127.0.0.1 - - [25/May/2026 13:34:59] "OPTIONS /api/data/20260525 HTTP/1.1" 200 -
2026-05-25 13:35:00,001 - werkzeug - INFO - 127.0.0.1 - - [25/May/2026 13:35:00] "GET /api/data/20260525 HTTP/1.1" 200 -
2026-05-25 13:35:01,260 - werkzeug - INFO - 127.0.0.1 - - [25/May/2026 13:35:01] "OPTIONS /api/stock-diff/save HTTP/1.1" 200 -
2026-05-25 13:35:01,278 - werkzeug - INFO - 127.0.0.1 - - [25/May/2026 13:35:01] "POST /api/stock-diff/save HTTP/1.1" 200 -
2026-05-25 13:35:57,550 - werkzeug - INFO - 127.0.0.1 - - [25/May/2026 13:35:57] "OPTIONS /api/refresh HTTP/1.1" 200 -
2026-05-25 13:35:58,588 - werkzeug - INFO - 127.0.0.1 - - [25/May/2026 13:35:58] "POST /api/refresh HTTP/1.1" 200 -
2026-05-25 13:35:59,182 - werkzeug - INFO - 127.0.0.1 - - [25/May/2026 13:35:59] "GET /api/stock-diff/load/20260525 HTTP/1.1" 200 -
2026-05-25 13:35:59,183 - werkzeug - INFO - 127.0.0.1 - - [25/May/2026 13:35:59] "GET /api/block-strength/continuous?date=20260525 HTTP/1.1" 200 -
2026-05-25 13:35:59,632 - werkzeug - INFO - 127.0.0.1 - - [25/May/2026 13:35:59] "OPTIONS /api/data/20260525 HTTP/1.1" 200 -
2026-05-25 13:35:59,674 - werkzeug - INFO - 127.0.0.1 - - [25/May/2026 13:35:59] "GET /api/data/20260525 HTTP/1.1" 200 -
